area,crime_type,year,crime_count,crime_date,crime_hour,day_night,source_dataset,latitude,longitude
Ludhiana,KIDNAPPING,2020,1,,,,crime_dataset_1,,
Bangalore,SEXUAL ASSAULT,2020,1,,,,crime_dataset_1,,
Lucknow,SEXUAL ASSAULT,2020,1,,,,crime_dataset_1,,
Kanpur,SEXUAL ASSAULT,2020,1,,,,crime_dataset_1,,
Ahmedabad,ASSAULT,2020,1,,,,crime_dataset_1,,
Mumbai,KIDNAPPING,2020,1,,,,crime_dataset_1,,
Delhi,ASSAULT,2020,1,,,,crime_dataset_1,,
Mumbai,SEXUAL ASSAULT,2020,1,,,,crime_dataset_1,,
Kanpur,ASSAULT,2020,1,,,,crime_dataset_1,,
Delhi,KIDNAPPING,2020,1,,,,crime_dataset_1,,
Ludhiana,SEXUAL ASSAULT,2020,1,,,,crime_dataset_1,,
Pune,ASSAULT,2020,1,,,,crime_dataset_1,,
Kanpur,KIDNAPPING,2020,1,,,,crime_dataset_1,,
Varanasi,ASSAULT,2020,1,,,,crime_dataset_1,,
Chennai,KIDNAPPING,2020,1,,,,crime_dataset_1,,
Kolkata,ASSAULT,2020,1,,,,crime_dataset_1,,
Ghaziabad,SEXUAL ASSAULT,2020,1,,,,crime_dataset_1,,
Hyderabad,SEXUAL ASSAULT,2020,1,,,,crime_dataset_1,,
Ahmedabad,SEXUAL ASSAULT,2020,1,,,,crime_dataset_1,,
Hyderabad,SEXUAL ASSAULT,2020,1,,,,crime_dataset_1,,
Chennai,KIDNAPPING,2020,1,,,,crime_dataset_1,,
Lucknow,KIDNAPPING,2020,1,,,,crime_dataset_1,,
Ludhiana,KIDNAPPING,2020,1,,,,crime_dataset_1,,
Kalyan,SEXUAL ASSAULT,2020,1,,,,crime_dataset_1,,
Indore,KIDNAPPING,2020,1,,,,crime_dataset_1,,
Kanpur,SEXUAL ASSAULT,2020,1,,,,crime_dataset_1,,
Kanpur,KIDNAPPING,2020,1,,,,crime_dataset_1,,
Indore,ASSAULT,2020,1,,,,crime_dataset_1,,
Ludhiana,KIDNAPPING,2020,1,,,,crime_dataset_1,,
Indore,ASSAULT,2020,1,,,,crime_dataset_1,,
Chennai,ASSAULT,2020,1,,,,crime_dataset_1,,
Srinagar,SEXUAL ASSAULT,2020,1,,,,crime_dataset_1,,
Bangalore,ASSAULT,2020,1,,,,crime_dataset_1,,
Delhi,KIDNAPPING,2020,1,,,,crime_dataset_1,,
Ghaziabad,ASSAULT,2020,1,,,,crime_dataset_1,,
Meerut,SEXUAL ASSAULT,2020,1,,,,crime_dataset_1,,
Lucknow,ASSAULT,2020,1,,,,crime_dataset_1,,
Nagpur,KIDNAPPING,2020,1,,,,crime_dataset_1,,
Delhi,SEXUAL ASSAULT,2020,1,,,,crime_dataset_1,,
Kanpur,SEXUAL ASSAULT,2020,1,,,,crime_dataset_1,,
Ghaziabad,SEXUAL ASSAULT,2020,1,,,,crime_dataset_1,,
Jaipur,SEXUAL ASSAULT,2020,1,,,,crime_dataset_1,,
Surat,KIDNAPPING,2020,1,,,,crime_dataset_1,,
Delhi,SEXUAL ASSAULT,2020,1,,,,crime_dataset_1,,
Bangalore,SEXUAL ASSAULT,2020,1,,,,crime_dataset_1,,
Bangalore,ASSAULT,2020,1,,,,crime_dataset_1,,
Chennai,SEXUAL ASSAULT,2020,1,,,,crime_dataset_1,,
Meerut,KIDNAPPING,2020,1,,,,crime_dataset_1,,
Chennai,SEXUAL ASSAULT,2020,1,,,,crime_dataset_1,,
Bangalore,KIDNAPPING,2020,1,,,,crime_dataset_1,,
Ahmedabad,KIDNAPPING,2020,1,,,,crime_dataset_1,,
Chennai,ASSAULT,2020,1,,,,crime_dataset_1,,
Ghaziabad,SEXUAL ASSAULT,2020,1,,,,crime_dataset_1,,
Ludhiana,KIDNAPPING,2020,1,,,,crime_dataset_1,,
Kolkata,SEXUAL ASSAULT,2020,1,,,,crime_dataset_1,,
Indore,ASSAULT,2020,1,,,,crime_dataset_1,,
Jaipur,KIDNAPPING,2020,1,,,,crime_dataset_1,,
Hyderabad,ASSAULT,2020,1,,,,crime_dataset_1,,
Hyderabad,ASSAULT,2020,1,,,,crime_dataset_1,,
Kolkata,SEXUAL ASSAULT,2020,1,,,,crime_dataset_1,,
Kolkata,SEXUAL ASSAULT,2020,1,,,,crime_dataset_1,,
Kolkata,ASSAULT,2020,1,,,,crime_dataset_1,,
Bangalore,KIDNAPPING,2020,1,,,,crime_dataset_1,,
Lucknow,SEXUAL ASSAULT,2020,1,,,,crime_dataset_1,,
Thane,SEXUAL ASSAULT,2020,1,,,,crime_dataset_1,,
Chennai,SEXUAL ASSAULT,2020,1,,,,crime_dataset_1,,
Delhi,KIDNAPPING,2020,1,,,,crime_dataset_1,,
Ghaziabad,KIDNAPPING,2020,1,,,,crime_dataset_1,,
Patna,KIDNAPPING,2020,1,,,,crime_dataset_1,,
Bangalore,ASSAULT,2020,1,,,,crime_dataset_1,,
Mumbai,SEXUAL ASSAULT,2020,1,,,,crime_dataset_1,,
Ahmedabad,ASSAULT,2020,1,,,,crime_dataset_1,,
Kanpur,KIDNAPPING,2020,1,,,,crime_dataset_1,,
Bhopal,SEXUAL ASSAULT,2020,1,,,,crime_dataset_1,,
Srinagar,KIDNAPPING,2020,1,,,,crime_dataset_1,,
Bhopal,KIDNAPPING,2020,1,,,,crime_dataset_1,,
Hyderabad,ASSAULT,2020,1,,,,crime_dataset_1,,
Ahmedabad,SEXUAL ASSAULT,2020,1,,,,crime_dataset_1,,
Kolkata,ASSAULT,2020,1,,,,crime_dataset_1,,
Hyderabad,SEXUAL ASSAULT,2020,1,,,,crime_dataset_1,,
Nashik,SEXUAL ASSAULT,2020,1,,,,crime_dataset_1,,
Kolkata,KIDNAPPING,2020,1,,,,crime_dataset_1,,
Indore,SEXUAL ASSAULT,2020,1,,,,crime_dataset_1,,
Pune,SEXUAL ASSAULT,2020,1,,,,crime_dataset_1,,
Mumbai,SEXUAL ASSAULT,2020,1,,,,crime_dataset_1,,
Delhi,ASSAULT,2020,1,,,,crime_dataset_1,,
Jaipur,KIDNAPPING,2020,1,,,,crime_dataset_1,,
Kolkata,KIDNAPPING,2020,1,,,,crime_dataset_1,,
Ahmedabad,ASSAULT,2020,1,,,,crime_dataset_1,,
Delhi,SEXUAL ASSAULT,2020,1,,,,crime_dataset_1,,
Rajkot,ASSAULT,2020,1,,,,crime_dataset_1,,
Delhi,ASSAULT,2020,1,,,,crime_dataset_1,,
Kanpur,KIDNAPPING,2020,1,,,,crime_dataset_1,,
Delhi,SEXUAL ASSAULT,2020,1,,,,crime_dataset_1,,
Chennai,ASSAULT,2020,1,,,,crime_dataset_1,,
Mumbai,KIDNAPPING,2020,1,,,,crime_dataset_1,,
Ghaziabad,ASSAULT,2020,1,,,,crime_dataset_1,,
Mumbai,ASSAULT,2020,1,,,,crime_dataset_1,,
Mumbai,SEXUAL ASSAULT,2020,1,,,,crime_dataset_1,,
Kolkata,ASSAULT,2020,1,,,,crime_dataset_1,,
Mumbai,ASSAULT,2020,1,,,,crime_dataset_1,,
Faridabad,KIDNAPPING,2020,1,,,,crime_dataset_1,,
Kolkata,KIDNAPPING,2020,1,,,,crime_dataset_1,,
Delhi,ASSAULT,2020,1,,,,crime_dataset_1,,
Bangalore,ASSAULT,2020,1,,,,crime_dataset_1,,
Delhi,KIDNAPPING,2020,1,,,,crime_dataset_1,,
Jaipur,KIDNAPPING,2020,1,,,,crime_dataset_1,,
Ghaziabad,ASSAULT,2020,1,,,,crime_dataset_1,,
Lucknow,SEXUAL ASSAULT,2020,1,,,,crime_dataset_1,,
Jaipur,KIDNAPPING,2020,1,,,,crime_dataset_1,,
Hyderabad,SEXUAL ASSAULT,2020,1,,,,crime_dataset_1,,
Bhopal,KIDNAPPING,2020,1,,,,crime_dataset_1,,
Chennai,ASSAULT,2020,1,,,,crime_dataset_1,,
Bangalore,KIDNAPPING,2020,1,,,,crime_dataset_1,,
Ludhiana,KIDNAPPING,2020,1,,,,crime_dataset_1,,
Kanpur,KIDNAPPING,2020,1,,,,crime_dataset_1,,
Patna,ASSAULT,2020,1,,,,crime_dataset_1,,
Mumbai,ASSAULT,2020,1,,,,crime_dataset_1,,
Chennai,KIDNAPPING,2020,1,,,,crime_dataset_1,,
Mumbai,KIDNAPPING,2020,1,,,,crime_dataset_1,,
Delhi,SEXUAL ASSAULT,2020,1,,,,crime_dataset_1,,
Pune,ASSAULT,2020,1,,,,crime_dataset_1,,
Bangalore,ASSAULT,2020,1,,,,crime_dataset_1,,
Ludhiana,KIDNAPPING,2020,1,,,,crime_dataset_1,,
Bhopal,KIDNAPPING,2020,1,,,,crime_dataset_1,,
Delhi,KIDNAPPING,2020,1,,,,crime_dataset_1,,
Nashik,ASSAULT,2020,1,,,,crime_dataset_1,,
Bangalore,ASSAULT,2020,1,,,,crime_dataset_1,,
Patna,SEXUAL ASSAULT,2020,1,,,,crime_dataset_1,,
Lucknow,KIDNAPPING,2020,1,,,,crime_dataset_1,,
Delhi,SEXUAL ASSAULT,2020,1,,,,crime_dataset_1,,
Bangalore,ASSAULT,2020,1,,,,crime_dataset_1,,
Agra,ASSAULT,2020,1,,,,crime_dataset_1,,
Mumbai,ASSAULT,2020,1,,,,crime_dataset_1,,
Bangalore,SEXUAL ASSAULT,2020,1,,,,crime_dataset_1,,
Mumbai,KIDNAPPING,2020,1,,,,crime_dataset_1,,
Kalyan,KIDNAPPING,2020,1,,,,crime_dataset_1,,
Mumbai,SEXUAL ASSAULT,2020,1,,,,crime_dataset_1,,
Bangalore,ASSAULT,2020,1,,,,crime_dataset_1,,
Chennai,ASSAULT,2020,1,,,,crime_dataset_1,,
Mumbai,SEXUAL ASSAULT,2020,1,,,,crime_dataset_1,,
Mumbai,KIDNAPPING,2020,1,,,,crime_dataset_1,,
Hyderabad,KIDNAPPING,2020,1,,,,crime_dataset_1,,
Jaipur,KIDNAPPING,2020,1,,,,crime_dataset_1,,
Pune,KIDNAPPING,2020,1,,,,crime_dataset_1,,
Jaipur,ASSAULT,2020,1,,,,crime_dataset_1,,
Varanasi,KIDNAPPING,2020,1,,,,crime_dataset_1,,
Delhi,ASSAULT,2020,1,,,,crime_dataset_1,,
Jaipur,KIDNAPPING,2020,1,,,,crime_dataset_1,,
Mumbai,ASSAULT,2020,1,,,,crime_dataset_1,,
Bangalore,ASSAULT,2020,1,,,,crime_dataset_1,,
Hyderabad,SEXUAL ASSAULT,2020,1,,,,crime_dataset_1,,
Thane,SEXUAL ASSAULT,2020,1,,,,crime_dataset_1,,
Ludhiana,SEXUAL ASSAULT,2020,1,,,,crime_dataset_1,,
Bhopal,KIDNAPPING,2020,1,,,,crime_dataset_1,,
Ahmedabad,SEXUAL ASSAULT,2020,1,,,,crime_dataset_1,,
Bangalore,KIDNAPPING,2020,1,,,,crime_dataset_1,,
Kalyan,KIDNAPPING,2020,1,,,,crime_dataset_1,,
Pune,ASSAULT,2020,1,,,,crime_dataset_1,,
Delhi,ASSAULT,2020,1,,,,crime_dataset_1,,
Ahmedabad,ASSAULT,2020,1,,,,crime_dataset_1,,
Bangalore,KIDNAPPING,2020,1,,,,crime_dataset_1,,
Chennai,ASSAULT,2020,1,,,,crime_dataset_1,,
Agra,KIDNAPPING,2020,1,,,,crime_dataset_1,,
Mumbai,KIDNAPPING,2020,1,,,,crime_dataset_1,,
Nashik,ASSAULT,2020,1,,,,crime_dataset_1,,
Jaipur,SEXUAL ASSAULT,2020,1,,,,crime_dataset_1,,
Delhi,ASSAULT,2020,1,,,,crime_dataset_1,,
Agra,SEXUAL ASSAULT,2020,1,,,,crime_dataset_1,,
Mumbai,SEXUAL ASSAULT,2020,1,,,,crime_dataset_1,,
Varanasi,SEXUAL ASSAULT,2020,1,,,,crime_dataset_1,,
Pune,ASSAULT,2020,1,,,,crime_dataset_1,,
Ludhiana,ASSAULT,2020,1,,,,crime_dataset_1,,
Delhi,ASSAULT,2020,1,,,,crime_dataset_1,,
Bangalore,KIDNAPPING,2020,1,,,,crime_dataset_1,,
Bangalore,SEXUAL ASSAULT,2020,1,,,,crime_dataset_1,,
Mumbai,ASSAULT,2020,1,,,,crime_dataset_1,,
Delhi,KIDNAPPING,2020,1,,,,crime_dataset_1,,
Mumbai,SEXUAL ASSAULT,2020,1,,,,crime_dataset_1,,
Bhopal,KIDNAPPING,2020,1,,,,crime_dataset_1,,
Kolkata,ASSAULT,2020,1,,,,crime_dataset_1,,
Lucknow,KIDNAPPING,2020,1,,,,crime_dataset_1,,
Chennai,SEXUAL ASSAULT,2020,1,,,,crime_dataset_1,,
Agra,KIDNAPPING,2020,1,,,,crime_dataset_1,,
Nashik,ASSAULT,2020,1,,,,crime_dataset_1,,
Ahmedabad,KIDNAPPING,2020,1,,,,crime_dataset_1,,
Hyderabad,KIDNAPPING,2020,1,,,,crime_dataset_1,,
Nagpur,ASSAULT,2020,1,,,,crime_dataset_1,,
Delhi,KIDNAPPING,2020,1,,,,crime_dataset_1,,
Hyderabad,ASSAULT,2020,1,,,,crime_dataset_1,,
Pune,SEXUAL ASSAULT,2020,1,,,,crime_dataset_1,,
Jaipur,ASSAULT,2020,1,,,,crime_dataset_1,,
Kolkata,ASSAULT,2020,1,,,,crime_dataset_1,,
Mumbai,ASSAULT,2020,1,,,,crime_dataset_1,,
Bangalore,ASSAULT,2020,1,,,,crime_dataset_1,,
Bhopal,ASSAULT,2020,1,,,,crime_dataset_1,,
Kanpur,ASSAULT,2020,1,,,,crime_dataset_1,,
Kolkata,SEXUAL ASSAULT,2020,1,,,,crime_dataset_1,,
Thane,KIDNAPPING,2020,1,,,,crime_dataset_1,,
Vasai,KIDNAPPING,2020,1,,,,crime_dataset_1,,
Pune,SEXUAL ASSAULT,2020,1,,,,crime_dataset_1,,
Nashik,SEXUAL ASSAULT,2020,1,,,,crime_dataset_1,,
Surat,ASSAULT,2020,1,,,,crime_dataset_1,,
Ahmedabad,SEXUAL ASSAULT,2020,1,,,,crime_dataset_1,,
Delhi,SEXUAL ASSAULT,2020,1,,,,crime_dataset_1,,
Mumbai,ASSAULT,2020,1,,,,crime_dataset_1,,
Bangalore,ASSAULT,2020,1,,,,crime_dataset_1,,
Ahmedabad,ASSAULT,2020,1,,,,crime_dataset_1,,
Delhi,ASSAULT,2020,1,,,,crime_dataset_1,,
Nashik,SEXUAL ASSAULT,2020,1,,,,crime_dataset_1,,
Kalyan,KIDNAPPING,2020,1,,,,crime_dataset_1,,
Ahmedabad,SEXUAL ASSAULT,2020,1,,,,crime_dataset_1,,
Delhi,ASSAULT,2020,1,,,,crime_dataset_1,,
Bangalore,KIDNAPPING,2020,1,,,,crime_dataset_1,,
Ahmedabad,SEXUAL ASSAULT,2020,1,,,,crime_dataset_1,,
Kolkata,ASSAULT,2020,1,,,,crime_dataset_1,,
Bangalore,KIDNAPPING,2020,1,,,,crime_dataset_1,,
Jaipur,SEXUAL ASSAULT,2020,1,,,,crime_dataset_1,,
Mumbai,ASSAULT,2020,1,,,,crime_dataset_1,,
Mumbai,ASSAULT,2020,1,,,,crime_dataset_1,,
Jaipur,KIDNAPPING,2020,1,,,,crime_dataset_1,,
Lucknow,ASSAULT,2020,1,,,,crime_dataset_1,,
Mumbai,SEXUAL ASSAULT,2020,1,,,,crime_dataset_1,,
Bangalore,SEXUAL ASSAULT,2020,1,,,,crime_dataset_1,,
Bhopal,ASSAULT,2020,1,,,,crime_dataset_1,,
Mumbai,KIDNAPPING,2020,1,,,,crime_dataset_1,,
Ghaziabad,KIDNAPPING,2020,1,,,,crime_dataset_1,,
Ahmedabad,KIDNAPPING,2020,1,,,,crime_dataset_1,,
Bangalore,KIDNAPPING,2020,1,,,,crime_dataset_1,,
Delhi,ASSAULT,2020,1,,,,crime_dataset_1,,
Chennai,SEXUAL ASSAULT,2020,1,,,,crime_dataset_1,,
Bangalore,ASSAULT,2020,1,,,,crime_dataset_1,,
Delhi,SEXUAL ASSAULT,2020,1,,,,crime_dataset_1,,
Pune,SEXUAL ASSAULT,2020,1,,,,crime_dataset_1,,
Delhi,KIDNAPPING,2020,1,,,,crime_dataset_1,,
Kolkata,SEXUAL ASSAULT,2020,1,,,,crime_dataset_1,,
Mumbai,KIDNAPPING,2020,1,,,,crime_dataset_1,,
Chennai,KIDNAPPING,2020,1,,,,crime_dataset_1,,
Ahmedabad,KIDNAPPING,2020,1,,,,crime_dataset_1,,
Delhi,KIDNAPPING,2020,1,,,,crime_dataset_1,,
Jaipur,SEXUAL ASSAULT,2020,1,,,,crime_dataset_1,,
Nashik,KIDNAPPING,2020,1,,,,crime_dataset_1,,
Kolkata,KIDNAPPING,2020,1,,,,crime_dataset_1,,
Mumbai,ASSAULT,2020,1,,,,crime_dataset_1,,
Bangalore,ASSAULT,2020,1,,,,crime_dataset_1,,
Lucknow,SEXUAL ASSAULT,2020,1,,,,crime_dataset_1,,
Surat,KIDNAPPING,2020,1,,,,crime_dataset_1,,
Bangalore,ASSAULT,2020,1,,,,crime_dataset_1,,
Indore,SEXUAL ASSAULT,2020,1,,,,crime_dataset_1,,
Jaipur,SEXUAL ASSAULT,2020,1,,,,crime_dataset_1,,
Ahmedabad,KIDNAPPING,2020,1,,,,crime_dataset_1,,
Meerut,ASSAULT,2020,1,,,,crime_dataset_1,,
Pune,KIDNAPPING,2020,1,,,,crime_dataset_1,,
Lucknow,ASSAULT,2020,1,,,,crime_dataset_1,,
Hyderabad,KIDNAPPING,2020,1,,,,crime_dataset_1,,
Delhi,SEXUAL ASSAULT,2020,1,,,,crime_dataset_1,,
Kolkata,ASSAULT,2020,1,,,,crime_dataset_1,,
Indore,ASSAULT,2020,1,,,,crime_dataset_1,,
Chennai,KIDNAPPING,2020,1,,,,crime_dataset_1,,
Mumbai,ASSAULT,2020,1,,,,crime_dataset_1,,
Bangalore,KIDNAPPING,2020,1,,,,crime_dataset_1,,
Delhi,SEXUAL ASSAULT,2020,1,,,,crime_dataset_1,,
Delhi,KIDNAPPING,2020,1,,,,crime_dataset_1,,
Delhi,KIDNAPPING,2020,1,,,,crime_dataset_1,,
Mumbai,SEXUAL ASSAULT,2020,1,,,,crime_dataset_1,,
Chennai,ASSAULT,2020,1,,,,crime_dataset_1,,
Kanpur,SEXUAL ASSAULT,2020,1,,,,crime_dataset_1,,
Chennai,ASSAULT,2020,1,,,,crime_dataset_1,,
Lucknow,ASSAULT,2020,1,,,,crime_dataset_1,,
Bhopal,KIDNAPPING,2020,1,,,,crime_dataset_1,,
Kolkata,SEXUAL ASSAULT,2020,1,,,,crime_dataset_1,,
Surat,KIDNAPPING,2020,1,,,,crime_dataset_1,,
Mumbai,SEXUAL ASSAULT,2020,1,,,,crime_dataset_1,,
Thane,SEXUAL ASSAULT,2020,1,,,,crime_dataset_1,,
Agra,ASSAULT,2020,1,,,,crime_dataset_1,,
Delhi,ASSAULT,2020,1,,,,crime_dataset_1,,
Mumbai,SEXUAL ASSAULT,2020,1,,,,crime_dataset_1,,
Mumbai,KIDNAPPING,2020,1,,,,crime_dataset_1,,
Kolkata,SEXUAL ASSAULT,2020,1,,,,crime_dataset_1,,
Bangalore,KIDNAPPING,2020,1,,,,crime_dataset_1,,
Jaipur,ASSAULT,2020,1,,,,crime_dataset_1,,
Lucknow,SEXUAL ASSAULT,2020,1,,,,crime_dataset_1,,
Pune,SEXUAL ASSAULT,2020,1,,,,crime_dataset_1,,
Kalyan,SEXUAL ASSAULT,2020,1,,,,crime_dataset_1,,
Visakhapatnam,SEXUAL ASSAULT,2020,1,,,,crime_dataset_1,,
Bangalore,SEXUAL ASSAULT,2020,1,,,,crime_dataset_1,,
Nagpur,SEXUAL ASSAULT,2020,1,,,,crime_dataset_1,,
Chennai,KIDNAPPING,2020,1,,,,crime_dataset_1,,
Surat,SEXUAL ASSAULT,2020,1,,,,crime_dataset_1,,
Thane,ASSAULT,2020,1,,,,crime_dataset_1,,
Delhi,SEXUAL ASSAULT,2020,1,,,,crime_dataset_1,,
Mumbai,ASSAULT,2020,1,,,,crime_dataset_1,,
Kalyan,SEXUAL ASSAULT,2020,1,,,,crime_dataset_1,,
Mumbai,KIDNAPPING,2020,1,,,,crime_dataset_1,,
Chennai,SEXUAL ASSAULT,2020,1,,,,crime_dataset_1,,
Bangalore,KIDNAPPING,2020,1,,,,crime_dataset_1,,
Mumbai,ASSAULT,2020,1,,,,crime_dataset_1,,
Lucknow,ASSAULT,2020,1,,,,crime_dataset_1,,
Ahmedabad,SEXUAL ASSAULT,2020,1,,,,crime_dataset_1,,
Meerut,SEXUAL ASSAULT,2020,1,,,,crime_dataset_1,,
Agra,KIDNAPPING,2020,1,,,,crime_dataset_1,,
Ahmedabad,SEXUAL ASSAULT,2020,1,,,,crime_dataset_1,,
Vasai,ASSAULT,2020,1,,,,crime_dataset_1,,
Bangalore,KIDNAPPING,2020,1,,,,crime_dataset_1,,
Delhi,SEXUAL ASSAULT,2020,1,,,,crime_dataset_1,,
Thane,ASSAULT,2020,1,,,,crime_dataset_1,,
Jaipur,SEXUAL ASSAULT,2020,1,,,,crime_dataset_1,,
Kalyan,KIDNAPPING,2020,1,,,,crime_dataset_1,,
Rajkot,KIDNAPPING,2020,1,,,,crime_dataset_1,,
Mumbai,SEXUAL ASSAULT,2020,1,,,,crime_dataset_1,,
Visakhapatnam,KIDNAPPING,2020,1,,,,crime_dataset_1,,
Bangalore,KIDNAPPING,2020,1,,,,crime_dataset_1,,
Delhi,SEXUAL ASSAULT,2020,1,,,,crime_dataset_1,,
Mumbai,ASSAULT,2020,1,,,,crime_dataset_1,,
Delhi,ASSAULT,2020,1,,,,crime_dataset_1,,
Hyderabad,ASSAULT,2020,1,,,,crime_dataset_1,,
Delhi,ASSAULT,2020,1,,,,crime_dataset_1,,
Srinagar,ASSAULT,2020,1,,,,crime_dataset_1,,
Kanpur,ASSAULT,2020,1,,,,crime_dataset_1,,
Kanpur,SEXUAL ASSAULT,2020,1,,,,crime_dataset_1,,
Bangalore,ASSAULT,2020,1,,,,crime_dataset_1,,
Delhi,KIDNAPPING,2020,1,,,,crime_dataset_1,,
Kanpur,ASSAULT,2020,1,,,,crime_dataset_1,,
Delhi,SEXUAL ASSAULT,2020,1,,,,crime_dataset_1,,
Kolkata,SEXUAL ASSAULT,2020,1,,,,crime_dataset_1,,
Thane,KIDNAPPING,2020,1,,,,crime_dataset_1,,
Ahmedabad,ASSAULT,2020,1,,,,crime_dataset_1,,
Agra,ASSAULT,2020,1,,,,crime_dataset_1,,
Bangalore,ASSAULT,2020,1,,,,crime_dataset_1,,
Visakhapatnam,KIDNAPPING,2020,1,,,,crime_dataset_1,,
Hyderabad,KIDNAPPING,2020,1,,,,crime_dataset_1,,
Kolkata,SEXUAL ASSAULT,2020,1,,,,crime_dataset_1,,
Visakhapatnam,KIDNAPPING,2020,1,,,,crime_dataset_1,,
Thane,KIDNAPPING,2020,1,,,,crime_dataset_1,,
Mumbai,ASSAULT,2020,1,,,,crime_dataset_1,,
Ghaziabad,ASSAULT,2020,1,,,,crime_dataset_1,,
Mumbai,KIDNAPPING,2020,1,,,,crime_dataset_1,,
Kanpur,KIDNAPPING,2020,1,,,,crime_dataset_1,,
Ahmedabad,SEXUAL ASSAULT,2020,1,,,,crime_dataset_1,,
Bangalore,KIDNAPPING,2020,1,,,,crime_dataset_1,,
Bangalore,ASSAULT,2020,1,,,,crime_dataset_1,,
Ghaziabad,KIDNAPPING,2020,1,,,,crime_dataset_1,,
Rajkot,SEXUAL ASSAULT,2020,1,,,,crime_dataset_1,,
Visakhapatnam,KIDNAPPING,2020,1,,,,crime_dataset_1,,
Hyderabad,ASSAULT,2020,1,,,,crime_dataset_1,,
Kanpur,SEXUAL ASSAULT,2020,1,,,,crime_dataset_1,,
Chennai,KIDNAPPING,2020,1,,,,crime_dataset_1,,
Pune,KIDNAPPING,2020,1,,,,crime_dataset_1,,
Pune,SEXUAL ASSAULT,2020,1,,,,crime_dataset_1,,
Kanpur,KIDNAPPING,2020,1,,,,crime_dataset_1,,
Hyderabad,SEXUAL ASSAULT,2020,1,,,,crime_dataset_1,,
Bangalore,ASSAULT,2020,1,,,,crime_dataset_1,,
Pune,KIDNAPPING,2020,1,,,,crime_dataset_1,,
Indore,ASSAULT,2020,1,,,,crime_dataset_1,,
Ahmedabad,SEXUAL ASSAULT,2020,1,,,,crime_dataset_1,,
Pune,KIDNAPPING,2020,1,,,,crime_dataset_1,,
Bhopal,SEXUAL ASSAULT,2020,1,,,,crime_dataset_1,,
Agra,KIDNAPPING,2020,1,,,,crime_dataset_1,,
Mumbai,KIDNAPPING,2020,1,,,,crime_dataset_1,,
Surat,SEXUAL ASSAULT,2020,1,,,,crime_dataset_1,,
Patna,KIDNAPPING,2020,1,,,,crime_dataset_1,,
Delhi,SEXUAL ASSAULT,2020,1,,,,crime_dataset_1,,
Jaipur,KIDNAPPING,2020,1,,,,crime_dataset_1,,
Mumbai,SEXUAL ASSAULT,2020,1,,,,crime_dataset_1,,
Delhi,ASSAULT,2020,1,,,,crime_dataset_1,,
Chennai,KIDNAPPING,2020,1,,,,crime_dataset_1,,
Kolkata,ASSAULT,2020,1,,,,crime_dataset_1,,
Hyderabad,KIDNAPPING,2020,1,,,,crime_dataset_1,,
Surat,SEXUAL ASSAULT,2020,1,,,,crime_dataset_1,,
Pune,ASSAULT,2020,1,,,,crime_dataset_1,,
Delhi,SEXUAL ASSAULT,2020,1,,,,crime_dataset_1,,
Pune,KIDNAPPING,2020,1,,,,crime_dataset_1,,
Kolkata,KIDNAPPING,2020,1,,,,crime_dataset_1,,
Ludhiana,ASSAULT,2020,1,,,,crime_dataset_1,,
Hyderabad,SEXUAL ASSAULT,2020,1,,,,crime_dataset_1,,
Nagpur,SEXUAL ASSAULT,2020,1,,,,crime_dataset_1,,
Pune,ASSAULT,2020,1,,,,crime_dataset_1,,
Ahmedabad,KIDNAPPING,2020,1,,,,crime_dataset_1,,
Lucknow,ASSAULT,2020,1,,,,crime_dataset_1,,
Mumbai,ASSAULT,2020,1,,,,crime_dataset_1,,
Pune,ASSAULT,2020,1,,,,crime_dataset_1,,
Hyderabad,ASSAULT,2020,1,,,,crime_dataset_1,,
Bangalore,ASSAULT,2020,1,,,,crime_dataset_1,,
Bangalore,KIDNAPPING,2020,1,,,,crime_dataset_1,,
Mumbai,ASSAULT,2020,1,,,,crime_dataset_1,,
Chennai,KIDNAPPING,2020,1,,,,crime_dataset_1,,
Delhi,KIDNAPPING,2020,1,,,,crime_dataset_1,,
Mumbai,SEXUAL ASSAULT,2020,1,,,,crime_dataset_1,,
Delhi,KIDNAPPING,2020,1,,,,crime_dataset_1,,
Indore,ASSAULT,2020,1,,,,crime_dataset_1,,
Hyderabad,KIDNAPPING,2020,1,,,,crime_dataset_1,,
Delhi,ASSAULT,2020,1,,,,crime_dataset_1,,
Mumbai,KIDNAPPING,2020,1,,,,crime_dataset_1,,
Bangalore,KIDNAPPING,2020,1,,,,crime_dataset_1,,
Kolkata,KIDNAPPING,2020,1,,,,crime_dataset_1,,
Lucknow,SEXUAL ASSAULT,2020,1,,,,crime_dataset_1,,
Kolkata,ASSAULT,2020,1,,,,crime_dataset_1,,
Pune,ASSAULT,2020,1,,,,crime_dataset_1,,
Patna,ASSAULT,2020,1,,,,crime_dataset_1,,
Bangalore,ASSAULT,2020,1,,,,crime_dataset_1,,
Indore,ASSAULT,2020,1,,,,crime_dataset_1,,
Indore,SEXUAL ASSAULT,2020,1,,,,crime_dataset_1,,
Mumbai,ASSAULT,2020,1,,,,crime_dataset_1,,
Nashik,SEXUAL ASSAULT,2020,1,,,,crime_dataset_1,,
Delhi,ASSAULT,2020,1,,,,crime_dataset_1,,
Bangalore,ASSAULT,2020,1,,,,crime_dataset_1,,
Chennai,SEXUAL ASSAULT,2020,1,,,,crime_dataset_1,,
Delhi,ASSAULT,2020,1,,,,crime_dataset_1,,
Bangalore,ASSAULT,2020,1,,,,crime_dataset_1,,
Mumbai,SEXUAL ASSAULT,2020,1,,,,crime_dataset_1,,
Meerut,KIDNAPPING,2020,1,,,,crime_dataset_1,,
Hyderabad,KIDNAPPING,2020,1,,,,crime_dataset_1,,
Vasai,ASSAULT,2020,1,,,,crime_dataset_1,,
Chennai,SEXUAL ASSAULT,2020,1,,,,crime_dataset_1,,
Ahmedabad,KIDNAPPING,2020,1,,,,crime_dataset_1,,
Delhi,ASSAULT,2020,1,,,,crime_dataset_1,,
Surat,KIDNAPPING,2020,1,,,,crime_dataset_1,,
Delhi,KIDNAPPING,2020,1,,,,crime_dataset_1,,
Ghaziabad,KIDNAPPING,2020,1,,,,crime_dataset_1,,
Hyderabad,KIDNAPPING,2020,1,,,,crime_dataset_1,,
Srinagar,KIDNAPPING,2020,1,,,,crime_dataset_1,,
Ahmedabad,ASSAULT,2020,1,,,,crime_dataset_1,,
Delhi,KIDNAPPING,2020,1,,,,crime_dataset_1,,
Mumbai,KIDNAPPING,2020,1,,,,crime_dataset_1,,
Mumbai,ASSAULT,2020,1,,,,crime_dataset_1,,
Mumbai,KIDNAPPING,2020,1,,,,crime_dataset_1,,
Nagpur,SEXUAL ASSAULT,2020,1,,,,crime_dataset_1,,
Mumbai,KIDNAPPING,2020,1,,,,crime_dataset_1,,
Ghaziabad,ASSAULT,2020,1,,,,crime_dataset_1,,
Kolkata,ASSAULT,2020,1,,,,crime_dataset_1,,
Indore,ASSAULT,2020,1,,,,crime_dataset_1,,
Patna,ASSAULT,2020,1,,,,crime_dataset_1,,
Delhi,KIDNAPPING,2020,1,,,,crime_dataset_1,,
Faridabad,ASSAULT,2020,1,,,,crime_dataset_1,,
Bangalore,ASSAULT,2020,1,,,,crime_dataset_1,,
Agra,ASSAULT,2020,1,,,,crime_dataset_1,,
Bhopal,ASSAULT,2020,1,,,,crime_dataset_1,,
Bangalore,KIDNAPPING,2020,1,,,,crime_dataset_1,,
Lucknow,KIDNAPPING,2020,1,,,,crime_dataset_1,,
Surat,SEXUAL ASSAULT,2020,1,,,,crime_dataset_1,,
Jaipur,ASSAULT,2020,1,,,,crime_dataset_1,,
Lucknow,ASSAULT,2020,1,,,,crime_dataset_1,,
Meerut,SEXUAL ASSAULT,2020,1,,,,crime_dataset_1,,
Delhi,KIDNAPPING,2020,1,,,,crime_dataset_1,,
Delhi,SEXUAL ASSAULT,2020,1,,,,crime_dataset_1,,
Delhi,SEXUAL ASSAULT,2020,1,,,,crime_dataset_1,,
Lucknow,ASSAULT,2020,1,,,,crime_dataset_1,,
Mumbai,SEXUAL ASSAULT,2020,1,,,,crime_dataset_1,,
Nagpur,ASSAULT,2020,1,,,,crime_dataset_1,,
Visakhapatnam,SEXUAL ASSAULT,2020,1,,,,crime_dataset_1,,
Ahmedabad,KIDNAPPING,2020,1,,,,crime_dataset_1,,
Jaipur,KIDNAPPING,2020,1,,,,crime_dataset_1,,
Lucknow,ASSAULT,2020,1,,,,crime_dataset_1,,
Delhi,SEXUAL ASSAULT,2020,1,,,,crime_dataset_1,,
Delhi,KIDNAPPING,2020,1,,,,crime_dataset_1,,
Pune,ASSAULT,2020,1,,,,crime_dataset_1,,
Bangalore,ASSAULT,2020,1,,,,crime_dataset_1,,
Delhi,KIDNAPPING,2020,1,,,,crime_dataset_1,,
Patna,SEXUAL ASSAULT,2020,1,,,,crime_dataset_1,,
Surat,ASSAULT,2020,1,,,,crime_dataset_1,,
Delhi,KIDNAPPING,2020,1,,,,crime_dataset_1,,
Ghaziabad,KIDNAPPING,2020,1,,,,crime_dataset_1,,
Kolkata,ASSAULT,2020,1,,,,crime_dataset_1,,
Pune,SEXUAL ASSAULT,2020,1,,,,crime_dataset_1,,
Mumbai,SEXUAL ASSAULT,2020,1,,,,crime_dataset_1,,
Mumbai,ASSAULT,2020,1,,,,crime_dataset_1,,
Kalyan,ASSAULT,2020,1,,,,crime_dataset_1,,
Bangalore,KIDNAPPING,2020,1,,,,crime_dataset_1,,
Delhi,SEXUAL ASSAULT,2020,1,,,,crime_dataset_1,,
Bangalore,ASSAULT,2020,1,,,,crime_dataset_1,,
Delhi,KIDNAPPING,2020,1,,,,crime_dataset_1,,
Faridabad,ASSAULT,2020,1,,,,crime_dataset_1,,
Mumbai,SEXUAL ASSAULT,2020,1,,,,crime_dataset_1,,
Bhopal,SEXUAL ASSAULT,2020,1,,,,crime_dataset_1,,
Agra,KIDNAPPING,2020,1,,,,crime_dataset_1,,
Delhi,ASSAULT,2020,1,,,,crime_dataset_1,,
Ahmedabad,SEXUAL ASSAULT,2020,1,,,,crime_dataset_1,,
Faridabad,SEXUAL ASSAULT,2020,1,,,,crime_dataset_1,,
Visakhapatnam,KIDNAPPING,2020,1,,,,crime_dataset_1,,
Ahmedabad,ASSAULT,2020,1,,,,crime_dataset_1,,
Pune,SEXUAL ASSAULT,2020,1,,,,crime_dataset_1,,
Jaipur,KIDNAPPING,2020,1,,,,crime_dataset_1,,
Delhi,ASSAULT,2020,1,,,,crime_dataset_1,,
Patna,ASSAULT,2020,1,,,,crime_dataset_1,,
Nagpur,ASSAULT,2020,1,,,,crime_dataset_1,,
Mumbai,KIDNAPPING,2020,1,,,,crime_dataset_1,,
Pune,ASSAULT,2020,1,,,,crime_dataset_1,,
Hyderabad,SEXUAL ASSAULT,2020,1,,,,crime_dataset_1,,
Jaipur,KIDNAPPING,2020,1,,,,crime_dataset_1,,
Agra,SEXUAL ASSAULT,2020,1,,,,crime_dataset_1,,
Patna,KIDNAPPING,2020,1,,,,crime_dataset_1,,
Delhi,KIDNAPPING,2020,1,,,,crime_dataset_1,,
Thane,KIDNAPPING,2020,1,,,,crime_dataset_1,,
Indore,KIDNAPPING,2020,1,,,,crime_dataset_1,,
Kolkata,ASSAULT,2020,1,,,,crime_dataset_1,,
Mumbai,SEXUAL ASSAULT,2020,1,,,,crime_dataset_1,,
Hyderabad,ASSAULT,2020,1,,,,crime_dataset_1,,
Lucknow,ASSAULT,2020,1,,,,crime_dataset_1,,
Kolkata,KIDNAPPING,2020,1,,,,crime_dataset_1,,
Srinagar,ASSAULT,2020,1,,,,crime_dataset_1,,
Kanpur,ASSAULT,2020,1,,,,crime_dataset_1,,
Agra,ASSAULT,2020,1,,,,crime_dataset_1,,
Chennai,SEXUAL ASSAULT,2020,1,,,,crime_dataset_1,,
Pune,ASSAULT,2020,1,,,,crime_dataset_1,,
Thane,SEXUAL ASSAULT,2020,1,,,,crime_dataset_1,,
Delhi,SEXUAL ASSAULT,2020,1,,,,crime_dataset_1,,
Delhi,ASSAULT,2020,1,,,,crime_dataset_1,,
Chennai,KIDNAPPING,2020,1,,,,crime_dataset_1,,
Bangalore,KIDNAPPING,2020,1,,,,crime_dataset_1,,
Delhi,SEXUAL ASSAULT,2020,1,,,,crime_dataset_1,,
Bangalore,KIDNAPPING,2020,1,,,,crime_dataset_1,,
Kolkata,KIDNAPPING,2020,1,,,,crime_dataset_1,,
Bangalore,SEXUAL ASSAULT,2020,1,,,,crime_dataset_1,,
Faridabad,SEXUAL ASSAULT,2020,1,,,,crime_dataset_1,,
Bhopal,ASSAULT,2020,1,,,,crime_dataset_1,,
Surat,KIDNAPPING,2020,1,,,,crime_dataset_1,,
Lucknow,SEXUAL ASSAULT,2020,1,,,,crime_dataset_1,,
Chennai,SEXUAL ASSAULT,2020,1,,,,crime_dataset_1,,
Mumbai,KIDNAPPING,2020,1,,,,crime_dataset_1,,
Pune,ASSAULT,2020,1,,,,crime_dataset_1,,
Mumbai,ASSAULT,2020,1,,,,crime_dataset_1,,
Bangalore,ASSAULT,2020,1,,,,crime_dataset_1,,
Pune,SEXUAL ASSAULT,2020,1,,,,crime_dataset_1,,
Delhi,KIDNAPPING,2020,1,,,,crime_dataset_1,,
Delhi,SEXUAL ASSAULT,2020,1,,,,crime_dataset_1,,
Ahmedabad,KIDNAPPING,2020,1,,,,crime_dataset_1,,
Bangalore,ASSAULT,2020,1,,,,crime_dataset_1,,
Mumbai,KIDNAPPING,2020,1,,,,crime_dataset_1,,
Kolkata,SEXUAL ASSAULT,2020,1,,,,crime_dataset_1,,
Mumbai,ASSAULT,2020,1,,,,crime_dataset_1,,
Meerut,KIDNAPPING,2020,1,,,,crime_dataset_1,,
Kanpur,KIDNAPPING,2020,1,,,,crime_dataset_1,,
Varanasi,SEXUAL ASSAULT,2020,1,,,,crime_dataset_1,,
Bangalore,ASSAULT,2020,1,,,,crime_dataset_1,,
Surat,SEXUAL ASSAULT,2020,1,,,,crime_dataset_1,,
Kolkata,SEXUAL ASSAULT,2020,1,,,,crime_dataset_1,,
Kanpur,KIDNAPPING,2020,1,,,,crime_dataset_1,,
Kolkata,ASSAULT,2020,1,,,,crime_dataset_1,,
Kanpur,ASSAULT,2020,1,,,,crime_dataset_1,,
Bhopal,SEXUAL ASSAULT,2020,1,,,,crime_dataset_1,,
Patna,KIDNAPPING,2020,1,,,,crime_dataset_1,,
Lucknow,ASSAULT,2020,1,,,,crime_dataset_1,,
Mumbai,KIDNAPPING,2020,1,,,,crime_dataset_1,,
Chennai,ASSAULT,2020,1,,,,crime_dataset_1,,
Pune,SEXUAL ASSAULT,2020,1,,,,crime_dataset_1,,
Surat,KIDNAPPING,2020,1,,,,crime_dataset_1,,
Surat,SEXUAL ASSAULT,2020,1,,,,crime_dataset_1,,
Visakhapatnam,SEXUAL ASSAULT,2020,1,,,,crime_dataset_1,,
Bangalore,ASSAULT,2020,1,,,,crime_dataset_1,,
Pune,KIDNAPPING,2020,1,,,,crime_dataset_1,,
Delhi,KIDNAPPING,2020,1,,,,crime_dataset_1,,
Ludhiana,SEXUAL ASSAULT,2020,1,,,,crime_dataset_1,,
Ludhiana,KIDNAPPING,2020,1,,,,crime_dataset_1,,
Pune,ASSAULT,2020,1,,,,crime_dataset_1,,
Mumbai,KIDNAPPING,2020,1,,,,crime_dataset_1,,
Mumbai,ASSAULT,2020,1,,,,crime_dataset_1,,
Delhi,KIDNAPPING,2020,1,,,,crime_dataset_1,,
Delhi,SEXUAL ASSAULT,2020,1,,,,crime_dataset_1,,
Delhi,SEXUAL ASSAULT,2020,1,,,,crime_dataset_1,,
Chennai,SEXUAL ASSAULT,2020,1,,,,crime_dataset_1,,
Kolkata,KIDNAPPING,2020,1,,,,crime_dataset_1,,
Mumbai,SEXUAL ASSAULT,2020,1,,,,crime_dataset_1,,
Pune,SEXUAL ASSAULT,2020,1,,,,crime_dataset_1,,
Kolkata,ASSAULT,2020,1,,,,crime_dataset_1,,
Delhi,KIDNAPPING,2020,1,,,,crime_dataset_1,,
Chennai,KIDNAPPING,2020,1,,,,crime_dataset_1,,
Hyderabad,SEXUAL ASSAULT,2020,1,,,,crime_dataset_1,,
Chennai,SEXUAL ASSAULT,2020,1,,,,crime_dataset_1,,
Agra,SEXUAL ASSAULT,2020,1,,,,crime_dataset_1,,
Indore,KIDNAPPING,2020,1,,,,crime_dataset_1,,
Bangalore,ASSAULT,2020,1,,,,crime_dataset_1,,
Mumbai,ASSAULT,2020,1,,,,crime_dataset_1,,
Hyderabad,KIDNAPPING,2020,1,,,,crime_dataset_1,,
Hyderabad,ASSAULT,2020,1,,,,crime_dataset_1,,
Ahmedabad,ASSAULT,2020,1,,,,crime_dataset_1,,
Kolkata,ASSAULT,2020,1,,,,crime_dataset_1,,
Kolkata,KIDNAPPING,2020,1,,,,crime_dataset_1,,
Patna,ASSAULT,2020,1,,,,crime_dataset_1,,
Delhi,KIDNAPPING,2020,1,,,,crime_dataset_1,,
Hyderabad,KIDNAPPING,2020,1,,,,crime_dataset_1,,
Bhopal,ASSAULT,2020,1,,,,crime_dataset_1,,
Delhi,ASSAULT,2020,1,,,,crime_dataset_1,,
Surat,ASSAULT,2020,1,,,,crime_dataset_1,,
Ahmedabad,SEXUAL ASSAULT,2020,1,,,,crime_dataset_1,,
Delhi,SEXUAL ASSAULT,2020,1,,,,crime_dataset_1,,
Visakhapatnam,SEXUAL ASSAULT,2020,1,,,,crime_dataset_1,,
Agra,KIDNAPPING,2020,1,,,,crime_dataset_1,,
Kolkata,SEXUAL ASSAULT,2020,1,,,,crime_dataset_1,,
Mumbai,KIDNAPPING,2020,1,,,,crime_dataset_1,,
Hyderabad,KIDNAPPING,2020,1,,,,crime_dataset_1,,
Ahmedabad,ASSAULT,2020,1,,,,crime_dataset_1,,
Delhi,SEXUAL ASSAULT,2020,1,,,,crime_dataset_1,,
Hyderabad,SEXUAL ASSAULT,2020,1,,,,crime_dataset_1,,
Hyderabad,ASSAULT,2020,1,,,,crime_dataset_1,,
Bangalore,ASSAULT,2020,1,,,,crime_dataset_1,,
Jaipur,SEXUAL ASSAULT,2020,1,,,,crime_dataset_1,,
Ghaziabad,SEXUAL ASSAULT,2020,1,,,,crime_dataset_1,,
Jaipur,ASSAULT,2020,1,,,,crime_dataset_1,,
Mumbai,ASSAULT,2020,1,,,,crime_dataset_1,,
Delhi,SEXUAL ASSAULT,2020,1,,,,crime_dataset_1,,
Delhi,SEXUAL ASSAULT,2020,1,,,,crime_dataset_1,,
Delhi,SEXUAL ASSAULT,2020,1,,,,crime_dataset_1,,
Surat,SEXUAL ASSAULT,2020,1,,,,crime_dataset_1,,
Bangalore,SEXUAL ASSAULT,2020,1,,,,crime_dataset_1,,
Bangalore,SEXUAL ASSAULT,2020,1,,,,crime_dataset_1,,
Delhi,ASSAULT,2020,1,,,,crime_dataset_1,,
Kolkata,SEXUAL ASSAULT,2020,1,,,,crime_dataset_1,,
Bhopal,ASSAULT,2020,1,,,,crime_dataset_1,,
Hyderabad,SEXUAL ASSAULT,2020,1,,,,crime_dataset_1,,
Hyderabad,SEXUAL ASSAULT,2020,1,,,,crime_dataset_1,,
Bangalore,SEXUAL ASSAULT,2020,1,,,,crime_dataset_1,,
Mumbai,SEXUAL ASSAULT,2020,1,,,,crime_dataset_1,,
Mumbai,ASSAULT,2020,1,,,,crime_dataset_1,,
Nagpur,ASSAULT,2020,1,,,,crime_dataset_1,,
Ahmedabad,KIDNAPPING,2020,1,,,,crime_dataset_1,,
Ghaziabad,ASSAULT,2020,1,,,,crime_dataset_1,,
Delhi,KIDNAPPING,2020,1,,,,crime_dataset_1,,
Ghaziabad,KIDNAPPING,2020,1,,,,crime_dataset_1,,
Chennai,KIDNAPPING,2020,1,,,,crime_dataset_1,,
Delhi,ASSAULT,2020,1,,,,crime_dataset_1,,
Indore,SEXUAL ASSAULT,2020,1,,,,crime_dataset_1,,
Mumbai,KIDNAPPING,2020,1,,,,crime_dataset_1,,
Mumbai,ASSAULT,2020,1,,,,crime_dataset_1,,
Lucknow,ASSAULT,2020,1,,,,crime_dataset_1,,
Visakhapatnam,ASSAULT,2020,1,,,,crime_dataset_1,,
Vasai,ASSAULT,2020,1,,,,crime_dataset_1,,
Bangalore,SEXUAL ASSAULT,2020,1,,,,crime_dataset_1,,
Bangalore,ASSAULT,2020,1,,,,crime_dataset_1,,
Jaipur,SEXUAL ASSAULT,2020,1,,,,crime_dataset_1,,
Kolkata,KIDNAPPING,2020,1,,,,crime_dataset_1,,
Meerut,KIDNAPPING,2020,1,,,,crime_dataset_1,,
Delhi,SEXUAL ASSAULT,2020,1,,,,crime_dataset_1,,
Chennai,KIDNAPPING,2020,1,,,,crime_dataset_1,,
Hyderabad,ASSAULT,2020,1,,,,crime_dataset_1,,
Pune,ASSAULT,2020,1,,,,crime_dataset_1,,
Ludhiana,SEXUAL ASSAULT,2020,1,,,,crime_dataset_1,,
Pune,ASSAULT,2020,1,,,,crime_dataset_1,,
Indore,ASSAULT,2020,1,,,,crime_dataset_1,,
Kolkata,SEXUAL ASSAULT,2020,1,,,,crime_dataset_1,,
Nagpur,ASSAULT,2020,1,,,,crime_dataset_1,,
Lucknow,KIDNAPPING,2020,1,,,,crime_dataset_1,,
Mumbai,ASSAULT,2020,1,,,,crime_dataset_1,,
Mumbai,ASSAULT,2020,1,,,,crime_dataset_1,,
Nagpur,SEXUAL ASSAULT,2020,1,,,,crime_dataset_1,,
Faridabad,ASSAULT,2020,1,,,,crime_dataset_1,,
Bangalore,ASSAULT,2020,1,,,,crime_dataset_1,,
Bangalore,KIDNAPPING,2020,1,,,,crime_dataset_1,,
Delhi,SEXUAL ASSAULT,2020,1,,,,crime_dataset_1,,
Ahmedabad,KIDNAPPING,2020,1,,,,crime_dataset_1,,
Pune,SEXUAL ASSAULT,2020,1,,,,crime_dataset_1,,
Faridabad,ASSAULT,2020,1,,,,crime_dataset_1,,
Patna,SEXUAL ASSAULT,2020,1,,,,crime_dataset_1,,
Kolkata,KIDNAPPING,2020,1,,,,crime_dataset_1,,
Kolkata,SEXUAL ASSAULT,2020,1,,,,crime_dataset_1,,
Hyderabad,ASSAULT,2020,1,,,,crime_dataset_1,,
Bangalore,ASSAULT,2020,1,,,,crime_dataset_1,,
Delhi,KIDNAPPING,2020,1,,,,crime_dataset_1,,
Delhi,KIDNAPPING,2020,1,,,,crime_dataset_1,,
Delhi,KIDNAPPING,2020,1,,,,crime_dataset_1,,
Varanasi,ASSAULT,2020,1,,,,crime_dataset_1,,
Lucknow,KIDNAPPING,2020,1,,,,crime_dataset_1,,
Hyderabad,KIDNAPPING,2020,1,,,,crime_dataset_1,,
Mumbai,KIDNAPPING,2020,1,,,,crime_dataset_1,,
Bangalore,KIDNAPPING,2020,1,,,,crime_dataset_1,,
Agra,KIDNAPPING,2020,1,,,,crime_dataset_1,,
Pune,KIDNAPPING,2020,1,,,,crime_dataset_1,,
Lucknow,KIDNAPPING,2020,1,,,,crime_dataset_1,,
Jaipur,KIDNAPPING,2020,1,,,,crime_dataset_1,,
Lucknow,KIDNAPPING,2020,1,,,,crime_dataset_1,,
Delhi,KIDNAPPING,2020,1,,,,crime_dataset_1,,
Surat,SEXUAL ASSAULT,2020,1,,,,crime_dataset_1,,
Mumbai,SEXUAL ASSAULT,2020,1,,,,crime_dataset_1,,
Delhi,KIDNAPPING,2020,1,,,,crime_dataset_1,,
Indore,KIDNAPPING,2020,1,,,,crime_dataset_1,,
Indore,KIDNAPPING,2020,1,,,,crime_dataset_1,,
Ahmedabad,SEXUAL ASSAULT,2020,1,,,,crime_dataset_1,,
Kolkata,SEXUAL ASSAULT,2020,1,,,,crime_dataset_1,,
Pune,ASSAULT,2020,1,,,,crime_dataset_1,,
Indore,SEXUAL ASSAULT,2020,1,,,,crime_dataset_1,,
Hyderabad,ASSAULT,2020,1,,,,crime_dataset_1,,
Pune,SEXUAL ASSAULT,2020,1,,,,crime_dataset_1,,
Hyderabad,ASSAULT,2020,1,,,,crime_dataset_1,,
Ghaziabad,KIDNAPPING,2020,1,,,,crime_dataset_1,,
Mumbai,KIDNAPPING,2020,1,,,,crime_dataset_1,,
Ghaziabad,KIDNAPPING,2020,1,,,,crime_dataset_1,,
Kanpur,SEXUAL ASSAULT,2020,1,,,,crime_dataset_1,,
Hyderabad,SEXUAL ASSAULT,2020,1,,,,crime_dataset_1,,
Bangalore,ASSAULT,2020,1,,,,crime_dataset_1,,
Ghaziabad,ASSAULT,2020,1,,,,crime_dataset_1,,
Delhi,ASSAULT,2020,1,,,,crime_dataset_1,,
Lucknow,ASSAULT,2020,1,,,,crime_dataset_1,,
Mumbai,SEXUAL ASSAULT,2020,1,,,,crime_dataset_1,,
Nashik,ASSAULT,2020,1,,,,crime_dataset_1,,
Hyderabad,ASSAULT,2020,1,,,,crime_dataset_1,,
Jaipur,KIDNAPPING,2020,1,,,,crime_dataset_1,,
Kolkata,SEXUAL ASSAULT,2020,1,,,,crime_dataset_1,,
Lucknow,ASSAULT,2020,1,,,,crime_dataset_1,,
Hyderabad,KIDNAPPING,2020,1,,,,crime_dataset_1,,
Bangalore,KIDNAPPING,2020,1,,,,crime_dataset_1,,
Indore,SEXUAL ASSAULT,2020,1,,,,crime_dataset_1,,
Meerut,ASSAULT,2020,1,,,,crime_dataset_1,,
Mumbai,KIDNAPPING,2020,1,,,,crime_dataset_1,,
Lucknow,KIDNAPPING,2020,1,,,,crime_dataset_1,,
Mumbai,SEXUAL ASSAULT,2020,1,,,,crime_dataset_1,,
Agra,ASSAULT,2020,1,,,,crime_dataset_1,,
Delhi,KIDNAPPING,2020,1,,,,crime_dataset_1,,
Jaipur,SEXUAL ASSAULT,2020,1,,,,crime_dataset_1,,
Bangalore,KIDNAPPING,2020,1,,,,crime_dataset_1,,
Kanpur,SEXUAL ASSAULT,2020,1,,,,crime_dataset_1,,
Jaipur,SEXUAL ASSAULT,2020,1,,,,crime_dataset_1,,
Hyderabad,ASSAULT,2020,1,,,,crime_dataset_1,,
Delhi,ASSAULT,2020,1,,,,crime_dataset_1,,
Faridabad,ASSAULT,2020,1,,,,crime_dataset_1,,
Jaipur,KIDNAPPING,2020,1,,,,crime_dataset_1,,
Surat,SEXUAL ASSAULT,2020,1,,,,crime_dataset_1,,
Ludhiana,ASSAULT,2020,1,,,,crime_dataset_1,,
Hyderabad,KIDNAPPING,2020,1,,,,crime_dataset_1,,
Chennai,ASSAULT,2020,1,,,,crime_dataset_1,,
Ghaziabad,KIDNAPPING,2020,1,,,,crime_dataset_1,,
Delhi,ASSAULT,2020,1,,,,crime_dataset_1,,
Delhi,ASSAULT,2020,1,,,,crime_dataset_1,,
Thane,SEXUAL ASSAULT,2020,1,,,,crime_dataset_1,,
Agra,ASSAULT,2020,1,,,,crime_dataset_1,,
Agra,ASSAULT,2020,1,,,,crime_dataset_1,,
Ludhiana,ASSAULT,2020,1,,,,crime_dataset_1,,
Chennai,SEXUAL ASSAULT,2020,1,,,,crime_dataset_1,,
Visakhapatnam,ASSAULT,2020,1,,,,crime_dataset_1,,
Hyderabad,SEXUAL ASSAULT,2020,1,,,,crime_dataset_1,,
Ahmedabad,ASSAULT,2020,1,,,,crime_dataset_1,,
Srinagar,KIDNAPPING,2020,1,,,,crime_dataset_1,,
Patna,KIDNAPPING,2020,1,,,,crime_dataset_1,,
Mumbai,KIDNAPPING,2020,1,,,,crime_dataset_1,,
Delhi,KIDNAPPING,2020,1,,,,crime_dataset_1,,
Pune,ASSAULT,2020,1,,,,crime_dataset_1,,
Surat,ASSAULT,2020,1,,,,crime_dataset_1,,
Mumbai,SEXUAL ASSAULT,2020,1,,,,crime_dataset_1,,
Delhi,ASSAULT,2020,1,,,,crime_dataset_1,,
Nagpur,ASSAULT,2020,1,,,,crime_dataset_1,,
Lucknow,ASSAULT,2020,1,,,,crime_dataset_1,,
Pune,ASSAULT,2020,1,,,,crime_dataset_1,,
Mumbai,SEXUAL ASSAULT,2020,1,,,,crime_dataset_1,,
Lucknow,ASSAULT,2020,1,,,,crime_dataset_1,,
Hyderabad,ASSAULT,2020,1,,,,crime_dataset_1,,
Hyderabad,KIDNAPPING,2020,1,,,,crime_dataset_1,,
Lucknow,KIDNAPPING,2020,1,,,,crime_dataset_1,,
Kolkata,KIDNAPPING,2020,1,,,,crime_dataset_1,,
Ahmedabad,KIDNAPPING,2020,1,,,,crime_dataset_1,,
Hyderabad,ASSAULT,2020,1,,,,crime_dataset_1,,
Kalyan,ASSAULT,2020,1,,,,crime_dataset_1,,
Delhi,KIDNAPPING,2020,1,,,,crime_dataset_1,,
Delhi,KIDNAPPING,2020,1,,,,crime_dataset_1,,
Delhi,KIDNAPPING,2020,1,,,,crime_dataset_1,,
Bangalore,ASSAULT,2020,1,,,,crime_dataset_1,,
Hyderabad,ASSAULT,2020,1,,,,crime_dataset_1,,
Delhi,SEXUAL ASSAULT,2020,1,,,,crime_dataset_1,,
Hyderabad,SEXUAL ASSAULT,2020,1,,,,crime_dataset_1,,
Chennai,ASSAULT,2020,1,,,,crime_dataset_1,,
Mumbai,SEXUAL ASSAULT,2020,1,,,,crime_dataset_1,,
Pune,SEXUAL ASSAULT,2020,1,,,,crime_dataset_1,,
Hyderabad,ASSAULT,2020,1,,,,crime_dataset_1,,
Hyderabad,SEXUAL ASSAULT,2020,1,,,,crime_dataset_1,,
Delhi,ASSAULT,2020,1,,,,crime_dataset_1,,
Mumbai,SEXUAL ASSAULT,2020,1,,,,crime_dataset_1,,
Nagpur,KIDNAPPING,2020,1,,,,crime_dataset_1,,
Mumbai,SEXUAL ASSAULT,2020,1,,,,crime_dataset_1,,
Hyderabad,ASSAULT,2020,1,,,,crime_dataset_1,,
Kolkata,SEXUAL ASSAULT,2020,1,,,,crime_dataset_1,,
Kolkata,ASSAULT,2020,1,,,,crime_dataset_1,,
Kanpur,SEXUAL ASSAULT,2020,1,,,,crime_dataset_1,,
Indore,SEXUAL ASSAULT,2020,1,,,,crime_dataset_1,,
Delhi,KIDNAPPING,2020,1,,,,crime_dataset_1,,
Bangalore,KIDNAPPING,2020,1,,,,crime_dataset_1,,
Visakhapatnam,ASSAULT,2020,1,,,,crime_dataset_1,,
Ghaziabad,KIDNAPPING,2020,1,,,,crime_dataset_1,,
Jaipur,KIDNAPPING,2020,1,,,,crime_dataset_1,,
Surat,KIDNAPPING,2020,1,,,,crime_dataset_1,,
Kalyan,SEXUAL ASSAULT,2020,1,,,,crime_dataset_1,,
Delhi,SEXUAL ASSAULT,2020,1,,,,crime_dataset_1,,
Thane,ASSAULT,2020,1,,,,crime_dataset_1,,
Delhi,KIDNAPPING,2020,1,,,,crime_dataset_1,,
Chennai,SEXUAL ASSAULT,2020,1,,,,crime_dataset_1,,
Hyderabad,ASSAULT,2020,1,,,,crime_dataset_1,,
Lucknow,SEXUAL ASSAULT,2020,1,,,,crime_dataset_1,,
Ahmedabad,SEXUAL ASSAULT,2020,1,,,,crime_dataset_1,,
Meerut,KIDNAPPING,2020,1,,,,crime_dataset_1,,
Bangalore,KIDNAPPING,2020,1,,,,crime_dataset_1,,
Agra,ASSAULT,2020,1,,,,crime_dataset_1,,
Agra,ASSAULT,2020,1,,,,crime_dataset_1,,
Patna,SEXUAL ASSAULT,2020,1,,,,crime_dataset_1,,
Bhopal,ASSAULT,2020,1,,,,crime_dataset_1,,
Mumbai,SEXUAL ASSAULT,2020,1,,,,crime_dataset_1,,
Delhi,ASSAULT,2020,1,,,,crime_dataset_1,,
Ludhiana,SEXUAL ASSAULT,2020,1,,,,crime_dataset_1,,
Jaipur,ASSAULT,2020,1,,,,crime_dataset_1,,
Patna,ASSAULT,2020,1,,,,crime_dataset_1,,
Ghaziabad,KIDNAPPING,2020,1,,,,crime_dataset_1,,
Hyderabad,SEXUAL ASSAULT,2020,1,,,,crime_dataset_1,,
Kolkata,ASSAULT,2020,1,,,,crime_dataset_1,,
Delhi,SEXUAL ASSAULT,2020,1,,,,crime_dataset_1,,
Hyderabad,SEXUAL ASSAULT,2020,1,,,,crime_dataset_1,,
Delhi,SEXUAL ASSAULT,2020,1,,,,crime_dataset_1,,
Mumbai,ASSAULT,2020,1,,,,crime_dataset_1,,
Pune,SEXUAL ASSAULT,2020,1,,,,crime_dataset_1,,
Bangalore,ASSAULT,2020,1,,,,crime_dataset_1,,
Vasai,SEXUAL ASSAULT,2020,1,,,,crime_dataset_1,,
Hyderabad,SEXUAL ASSAULT,2020,1,,,,crime_dataset_1,,
Faridabad,ASSAULT,2020,1,,,,crime_dataset_1,,
Varanasi,KIDNAPPING,2020,1,,,,crime_dataset_1,,
Delhi,ASSAULT,2020,1,,,,crime_dataset_1,,
Nagpur,SEXUAL ASSAULT,2020,1,,,,crime_dataset_1,,
Mumbai,ASSAULT,2020,1,,,,crime_dataset_1,,
Chennai,ASSAULT,2020,1,,,,crime_dataset_1,,
Ahmedabad,KIDNAPPING,2020,1,,,,crime_dataset_1,,
Hyderabad,KIDNAPPING,2020,1,,,,crime_dataset_1,,
Thane,KIDNAPPING,2021,1,,,,crime_dataset_1,,
Ahmedabad,KIDNAPPING,2021,1,,,,crime_dataset_1,,
Hyderabad,SEXUAL ASSAULT,2021,1,,,,crime_dataset_1,,
Chennai,KIDNAPPING,2021,1,,,,crime_dataset_1,,
Chennai,KIDNAPPING,2021,1,,,,crime_dataset_1,,
Hyderabad,ASSAULT,2021,1,,,,crime_dataset_1,,
Kolkata,SEXUAL ASSAULT,2021,1,,,,crime_dataset_1,,
Mumbai,ASSAULT,2021,1,,,,crime_dataset_1,,
Ahmedabad,KIDNAPPING,2021,1,,,,crime_dataset_1,,
Patna,SEXUAL ASSAULT,2021,1,,,,crime_dataset_1,,
Ghaziabad,SEXUAL ASSAULT,2021,1,,,,crime_dataset_1,,
Patna,SEXUAL ASSAULT,2021,1,,,,crime_dataset_1,,
Patna,ASSAULT,2021,1,,,,crime_dataset_1,,
Bangalore,SEXUAL ASSAULT,2021,1,,,,crime_dataset_1,,
Hyderabad,KIDNAPPING,2021,1,,,,crime_dataset_1,,
Chennai,KIDNAPPING,2021,1,,,,crime_dataset_1,,
Meerut,SEXUAL ASSAULT,2021,1,,,,crime_dataset_1,,
Rajkot,KIDNAPPING,2021,1,,,,crime_dataset_1,,
Kolkata,SEXUAL ASSAULT,2021,1,,,,crime_dataset_1,,
Delhi,SEXUAL ASSAULT,2021,1,,,,crime_dataset_1,,
Nagpur,SEXUAL ASSAULT,2021,1,,,,crime_dataset_1,,
Bangalore,ASSAULT,2021,1,,,,crime_dataset_1,,
Lucknow,SEXUAL ASSAULT,2021,1,,,,crime_dataset_1,,
Hyderabad,ASSAULT,2021,1,,,,crime_dataset_1,,
Kolkata,KIDNAPPING,2021,1,,,,crime_dataset_1,,
Jaipur,KIDNAPPING,2021,1,,,,crime_dataset_1,,
Mumbai,KIDNAPPING,2021,1,,,,crime_dataset_1,,
Delhi,SEXUAL ASSAULT,2021,1,,,,crime_dataset_1,,
Ghaziabad,SEXUAL ASSAULT,2021,1,,,,crime_dataset_1,,
Pune,ASSAULT,2021,1,,,,crime_dataset_1,,
Nashik,SEXUAL ASSAULT,2021,1,,,,crime_dataset_1,,
Nagpur,ASSAULT,2021,1,,,,crime_dataset_1,,
Jaipur,KIDNAPPING,2021,1,,,,crime_dataset_1,,
Chennai,KIDNAPPING,2021,1,,,,crime_dataset_1,,
Thane,SEXUAL ASSAULT,2021,1,,,,crime_dataset_1,,
Bangalore,ASSAULT,2021,1,,,,crime_dataset_1,,
Delhi,KIDNAPPING,2021,1,,,,crime_dataset_1,,
Pune,ASSAULT,2021,1,,,,crime_dataset_1,,
Jaipur,KIDNAPPING,2021,1,,,,crime_dataset_1,,
Delhi,KIDNAPPING,2021,1,,,,crime_dataset_1,,
Delhi,ASSAULT,2021,1,,,,crime_dataset_1,,
Mumbai,ASSAULT,2021,1,,,,crime_dataset_1,,
Ludhiana,KIDNAPPING,2021,1,,,,crime_dataset_1,,
Ludhiana,SEXUAL ASSAULT,2021,1,,,,crime_dataset_1,,
Mumbai,SEXUAL ASSAULT,2021,1,,,,crime_dataset_1,,
Bhopal,SEXUAL ASSAULT,2021,1,,,,crime_dataset_1,,
Visakhapatnam,KIDNAPPING,2021,1,,,,crime_dataset_1,,
Delhi,KIDNAPPING,2021,1,,,,crime_dataset_1,,
Nashik,SEXUAL ASSAULT,2021,1,,,,crime_dataset_1,,
Mumbai,SEXUAL ASSAULT,2021,1,,,,crime_dataset_1,,
Pune,SEXUAL ASSAULT,2021,1,,,,crime_dataset_1,,
Kolkata,ASSAULT,2021,1,,,,crime_dataset_1,,
Patna,KIDNAPPING,2021,1,,,,crime_dataset_1,,
Rajkot,KIDNAPPING,2021,1,,,,crime_dataset_1,,
Srinagar,SEXUAL ASSAULT,2021,1,,,,crime_dataset_1,,
Lucknow,SEXUAL ASSAULT,2021,1,,,,crime_dataset_1,,
Mumbai,KIDNAPPING,2021,1,,,,crime_dataset_1,,
Delhi,KIDNAPPING,2021,1,,,,crime_dataset_1,,
Kanpur,ASSAULT,2021,1,,,,crime_dataset_1,,
Chennai,ASSAULT,2021,1,,,,crime_dataset_1,,
Ahmedabad,SEXUAL ASSAULT,2021,1,,,,crime_dataset_1,,
Kalyan,SEXUAL ASSAULT,2021,1,,,,crime_dataset_1,,
Delhi,ASSAULT,2021,1,,,,crime_dataset_1,,
Hyderabad,ASSAULT,2021,1,,,,crime_dataset_1,,
Delhi,SEXUAL ASSAULT,2021,1,,,,crime_dataset_1,,
Lucknow,ASSAULT,2021,1,,,,crime_dataset_1,,
Delhi,SEXUAL ASSAULT,2021,1,,,,crime_dataset_1,,
Nagpur,ASSAULT,2021,1,,,,crime_dataset_1,,
Chennai,SEXUAL ASSAULT,2021,1,,,,crime_dataset_1,,
Visakhapatnam,KIDNAPPING,2021,1,,,,crime_dataset_1,,
Vasai,ASSAULT,2021,1,,,,crime_dataset_1,,
Hyderabad,SEXUAL ASSAULT,2021,1,,,,crime_dataset_1,,
Kolkata,SEXUAL ASSAULT,2021,1,,,,crime_dataset_1,,
Bangalore,ASSAULT,2021,1,,,,crime_dataset_1,,
Kolkata,ASSAULT,2021,1,,,,crime_dataset_1,,
Surat,SEXUAL ASSAULT,2021,1,,,,crime_dataset_1,,
Kolkata,KIDNAPPING,2021,1,,,,crime_dataset_1,,
Ahmedabad,KIDNAPPING,2021,1,,,,crime_dataset_1,,
Mumbai,KIDNAPPING,2021,1,,,,crime_dataset_1,,
Vasai,SEXUAL ASSAULT,2021,1,,,,crime_dataset_1,,
Kolkata,ASSAULT,2021,1,,,,crime_dataset_1,,
Delhi,SEXUAL ASSAULT,2021,1,,,,crime_dataset_1,,
Visakhapatnam,SEXUAL ASSAULT,2021,1,,,,crime_dataset_1,,
Surat,SEXUAL ASSAULT,2021,1,,,,crime_dataset_1,,
Kanpur,SEXUAL ASSAULT,2021,1,,,,crime_dataset_1,,
Lucknow,KIDNAPPING,2021,1,,,,crime_dataset_1,,
Mumbai,KIDNAPPING,2021,1,,,,crime_dataset_1,,
Hyderabad,SEXUAL ASSAULT,2021,1,,,,crime_dataset_1,,
Delhi,ASSAULT,2021,1,,,,crime_dataset_1,,
Kolkata,KIDNAPPING,2021,1,,,,crime_dataset_1,,
Mumbai,KIDNAPPING,2021,1,,,,crime_dataset_1,,
Hyderabad,SEXUAL ASSAULT,2021,1,,,,crime_dataset_1,,
Jaipur,ASSAULT,2021,1,,,,crime_dataset_1,,
Mumbai,KIDNAPPING,2021,1,,,,crime_dataset_1,,
Mumbai,SEXUAL ASSAULT,2021,1,,,,crime_dataset_1,,
Hyderabad,SEXUAL ASSAULT,2021,1,,,,crime_dataset_1,,
Mumbai,ASSAULT,2021,1,,,,crime_dataset_1,,
Agra,ASSAULT,2021,1,,,,crime_dataset_1,,
Delhi,ASSAULT,2021,1,,,,crime_dataset_1,,
Hyderabad,ASSAULT,2021,1,,,,crime_dataset_1,,
Delhi,ASSAULT,2021,1,,,,crime_dataset_1,,
Chennai,SEXUAL ASSAULT,2021,1,,,,crime_dataset_1,,
Mumbai,SEXUAL ASSAULT,2021,1,,,,crime_dataset_1,,
Jaipur,SEXUAL ASSAULT,2021,1,,,,crime_dataset_1,,
Nashik,SEXUAL ASSAULT,2021,1,,,,crime_dataset_1,,
Bangalore,KIDNAPPING,2021,1,,,,crime_dataset_1,,
Chennai,SEXUAL ASSAULT,2021,1,,,,crime_dataset_1,,
Chennai,ASSAULT,2021,1,,,,crime_dataset_1,,
Delhi,KIDNAPPING,2021,1,,,,crime_dataset_1,,
Mumbai,KIDNAPPING,2021,1,,,,crime_dataset_1,,
Mumbai,ASSAULT,2021,1,,,,crime_dataset_1,,
Lucknow,ASSAULT,2021,1,,,,crime_dataset_1,,
Delhi,ASSAULT,2021,1,,,,crime_dataset_1,,
Kolkata,KIDNAPPING,2021,1,,,,crime_dataset_1,,
Meerut,ASSAULT,2021,1,,,,crime_dataset_1,,
Mumbai,KIDNAPPING,2021,1,,,,crime_dataset_1,,
Jaipur,ASSAULT,2021,1,,,,crime_dataset_1,,
Ahmedabad,SEXUAL ASSAULT,2021,1,,,,crime_dataset_1,,
Mumbai,KIDNAPPING,2021,1,,,,crime_dataset_1,,
Mumbai,KIDNAPPING,2021,1,,,,crime_dataset_1,,
Surat,ASSAULT,2021,1,,,,crime_dataset_1,,
Visakhapatnam,SEXUAL ASSAULT,2021,1,,,,crime_dataset_1,,
Delhi,SEXUAL ASSAULT,2021,1,,,,crime_dataset_1,,
Delhi,SEXUAL ASSAULT,2021,1,,,,crime_dataset_1,,
Chennai,SEXUAL ASSAULT,2021,1,,,,crime_dataset_1,,
Kolkata,ASSAULT,2021,1,,,,crime_dataset_1,,
Bangalore,ASSAULT,2021,1,,,,crime_dataset_1,,
Bangalore,KIDNAPPING,2021,1,,,,crime_dataset_1,,
Delhi,KIDNAPPING,2021,1,,,,crime_dataset_1,,
Delhi,ASSAULT,2021,1,,,,crime_dataset_1,,
Nashik,ASSAULT,2021,1,,,,crime_dataset_1,,
Mumbai,SEXUAL ASSAULT,2021,1,,,,crime_dataset_1,,
Chennai,SEXUAL ASSAULT,2021,1,,,,crime_dataset_1,,
Hyderabad,KIDNAPPING,2021,1,,,,crime_dataset_1,,
Hyderabad,KIDNAPPING,2021,1,,,,crime_dataset_1,,
Pune,KIDNAPPING,2021,1,,,,crime_dataset_1,,
Pune,SEXUAL ASSAULT,2021,1,,,,crime_dataset_1,,
Kolkata,ASSAULT,2021,1,,,,crime_dataset_1,,
Thane,KIDNAPPING,2021,1,,,,crime_dataset_1,,
Jaipur,KIDNAPPING,2021,1,,,,crime_dataset_1,,
Mumbai,KIDNAPPING,2021,1,,,,crime_dataset_1,,
Kolkata,ASSAULT,2021,1,,,,crime_dataset_1,,
Jaipur,SEXUAL ASSAULT,2021,1,,,,crime_dataset_1,,
Bhopal,SEXUAL ASSAULT,2021,1,,,,crime_dataset_1,,
Chennai,ASSAULT,2021,1,,,,crime_dataset_1,,
Kanpur,SEXUAL ASSAULT,2021,1,,,,crime_dataset_1,,
Chennai,SEXUAL ASSAULT,2021,1,,,,crime_dataset_1,,
Chennai,SEXUAL ASSAULT,2021,1,,,,crime_dataset_1,,
Nagpur,ASSAULT,2021,1,,,,crime_dataset_1,,
Lucknow,ASSAULT,2021,1,,,,crime_dataset_1,,
Lucknow,KIDNAPPING,2021,1,,,,crime_dataset_1,,
Hyderabad,ASSAULT,2021,1,,,,crime_dataset_1,,
Ahmedabad,KIDNAPPING,2021,1,,,,crime_dataset_1,,
Visakhapatnam,KIDNAPPING,2021,1,,,,crime_dataset_1,,
Surat,SEXUAL ASSAULT,2021,1,,,,crime_dataset_1,,
Thane,KIDNAPPING,2021,1,,,,crime_dataset_1,,
Bangalore,KIDNAPPING,2021,1,,,,crime_dataset_1,,
Bangalore,ASSAULT,2021,1,,,,crime_dataset_1,,
Lucknow,KIDNAPPING,2021,1,,,,crime_dataset_1,,
Delhi,KIDNAPPING,2021,1,,,,crime_dataset_1,,
Jaipur,SEXUAL ASSAULT,2021,1,,,,crime_dataset_1,,
Patna,SEXUAL ASSAULT,2021,1,,,,crime_dataset_1,,
Bangalore,SEXUAL ASSAULT,2021,1,,,,crime_dataset_1,,
Delhi,ASSAULT,2021,1,,,,crime_dataset_1,,
Vasai,SEXUAL ASSAULT,2021,1,,,,crime_dataset_1,,
Bangalore,KIDNAPPING,2021,1,,,,crime_dataset_1,,
Srinagar,ASSAULT,2021,1,,,,crime_dataset_1,,
Delhi,ASSAULT,2021,1,,,,crime_dataset_1,,
Delhi,ASSAULT,2021,1,,,,crime_dataset_1,,
Chennai,KIDNAPPING,2021,1,,,,crime_dataset_1,,
Hyderabad,SEXUAL ASSAULT,2021,1,,,,crime_dataset_1,,
Kolkata,SEXUAL ASSAULT,2021,1,,,,crime_dataset_1,,
Kanpur,KIDNAPPING,2021,1,,,,crime_dataset_1,,
Kanpur,KIDNAPPING,2021,1,,,,crime_dataset_1,,
Kolkata,ASSAULT,2021,1,,,,crime_dataset_1,,
Pune,ASSAULT,2021,1,,,,crime_dataset_1,,
Bangalore,SEXUAL ASSAULT,2021,1,,,,crime_dataset_1,,
Kolkata,ASSAULT,2021,1,,,,crime_dataset_1,,
Delhi,KIDNAPPING,2021,1,,,,crime_dataset_1,,
Mumbai,ASSAULT,2021,1,,,,crime_dataset_1,,
Jaipur,KIDNAPPING,2021,1,,,,crime_dataset_1,,
Surat,ASSAULT,2021,1,,,,crime_dataset_1,,
Surat,KIDNAPPING,2021,1,,,,crime_dataset_1,,
Ahmedabad,SEXUAL ASSAULT,2021,1,,,,crime_dataset_1,,
Kolkata,KIDNAPPING,2021,1,,,,crime_dataset_1,,
Indore,KIDNAPPING,2021,1,,,,crime_dataset_1,,
Surat,KIDNAPPING,2021,1,,,,crime_dataset_1,,
Nashik,SEXUAL ASSAULT,2021,1,,,,crime_dataset_1,,
Hyderabad,ASSAULT,2021,1,,,,crime_dataset_1,,
Kanpur,SEXUAL ASSAULT,2021,1,,,,crime_dataset_1,,
Pune,KIDNAPPING,2021,1,,,,crime_dataset_1,,
Hyderabad,ASSAULT,2021,1,,,,crime_dataset_1,,
Ahmedabad,KIDNAPPING,2021,1,,,,crime_dataset_1,,
Lucknow,KIDNAPPING,2021,1,,,,crime_dataset_1,,
Ghaziabad,KIDNAPPING,2021,1,,,,crime_dataset_1,,
Delhi,KIDNAPPING,2021,1,,,,crime_dataset_1,,
Varanasi,ASSAULT,2021,1,,,,crime_dataset_1,,
Kanpur,ASSAULT,2021,1,,,,crime_dataset_1,,
Chennai,KIDNAPPING,2021,1,,,,crime_dataset_1,,
Pune,KIDNAPPING,2021,1,,,,crime_dataset_1,,
Hyderabad,KIDNAPPING,2021,1,,,,crime_dataset_1,,
Chennai,KIDNAPPING,2021,1,,,,crime_dataset_1,,
Lucknow,ASSAULT,2021,1,,,,crime_dataset_1,,
Pune,ASSAULT,2021,1,,,,crime_dataset_1,,
Delhi,SEXUAL ASSAULT,2021,1,,,,crime_dataset_1,,
Jaipur,SEXUAL ASSAULT,2021,1,,,,crime_dataset_1,,
Kalyan,ASSAULT,2021,1,,,,crime_dataset_1,,
Chennai,SEXUAL ASSAULT,2021,1,,,,crime_dataset_1,,
Delhi,SEXUAL ASSAULT,2021,1,,,,crime_dataset_1,,
Indore,SEXUAL ASSAULT,2021,1,,,,crime_dataset_1,,
Pune,KIDNAPPING,2021,1,,,,crime_dataset_1,,
Bangalore,ASSAULT,2021,1,,,,crime_dataset_1,,
Delhi,ASSAULT,2021,1,,,,crime_dataset_1,,
Pune,SEXUAL ASSAULT,2021,1,,,,crime_dataset_1,,
Srinagar,KIDNAPPING,2021,1,,,,crime_dataset_1,,
Delhi,ASSAULT,2021,1,,,,crime_dataset_1,,
Chennai,KIDNAPPING,2021,1,,,,crime_dataset_1,,
Kanpur,ASSAULT,2021,1,,,,crime_dataset_1,,
Indore,KIDNAPPING,2021,1,,,,crime_dataset_1,,
Mumbai,ASSAULT,2021,1,,,,crime_dataset_1,,
Bangalore,SEXUAL ASSAULT,2021,1,,,,crime_dataset_1,,
Pune,KIDNAPPING,2021,1,,,,crime_dataset_1,,
Kolkata,SEXUAL ASSAULT,2021,1,,,,crime_dataset_1,,
Patna,ASSAULT,2021,1,,,,crime_dataset_1,,
Bangalore,KIDNAPPING,2021,1,,,,crime_dataset_1,,
Jaipur,SEXUAL ASSAULT,2021,1,,,,crime_dataset_1,,
Kanpur,SEXUAL ASSAULT,2021,1,,,,crime_dataset_1,,
Srinagar,SEXUAL ASSAULT,2021,1,,,,crime_dataset_1,,
Agra,ASSAULT,2021,1,,,,crime_dataset_1,,
Delhi,KIDNAPPING,2021,1,,,,crime_dataset_1,,
Bangalore,ASSAULT,2021,1,,,,crime_dataset_1,,
Delhi,SEXUAL ASSAULT,2021,1,,,,crime_dataset_1,,
Bangalore,ASSAULT,2021,1,,,,crime_dataset_1,,
Agra,ASSAULT,2021,1,,,,crime_dataset_1,,
Mumbai,ASSAULT,2021,1,,,,crime_dataset_1,,
Hyderabad,SEXUAL ASSAULT,2021,1,,,,crime_dataset_1,,
Bangalore,ASSAULT,2021,1,,,,crime_dataset_1,,
Delhi,KIDNAPPING,2021,1,,,,crime_dataset_1,,
Chennai,ASSAULT,2021,1,,,,crime_dataset_1,,
Mumbai,SEXUAL ASSAULT,2021,1,,,,crime_dataset_1,,
Meerut,SEXUAL ASSAULT,2021,1,,,,crime_dataset_1,,
Ahmedabad,KIDNAPPING,2021,1,,,,crime_dataset_1,,
Kolkata,KIDNAPPING,2021,1,,,,crime_dataset_1,,
Bangalore,KIDNAPPING,2021,1,,,,crime_dataset_1,,
Agra,KIDNAPPING,2021,1,,,,crime_dataset_1,,
Mumbai,KIDNAPPING,2021,1,,,,crime_dataset_1,,
Lucknow,KIDNAPPING,2021,1,,,,crime_dataset_1,,
Hyderabad,ASSAULT,2021,1,,,,crime_dataset_1,,
Mumbai,SEXUAL ASSAULT,2021,1,,,,crime_dataset_1,,
Kolkata,SEXUAL ASSAULT,2021,1,,,,crime_dataset_1,,
Patna,SEXUAL ASSAULT,2021,1,,,,crime_dataset_1,,
Mumbai,ASSAULT,2021,1,,,,crime_dataset_1,,
Patna,SEXUAL ASSAULT,2021,1,,,,crime_dataset_1,,
Pune,ASSAULT,2021,1,,,,crime_dataset_1,,
Mumbai,KIDNAPPING,2021,1,,,,crime_dataset_1,,
Delhi,ASSAULT,2021,1,,,,crime_dataset_1,,
Bangalore,SEXUAL ASSAULT,2021,1,,,,crime_dataset_1,,
Surat,SEXUAL ASSAULT,2021,1,,,,crime_dataset_1,,
Chennai,SEXUAL ASSAULT,2021,1,,,,crime_dataset_1,,
Bangalore,SEXUAL ASSAULT,2021,1,,,,crime_dataset_1,,
Chennai,SEXUAL ASSAULT,2021,1,,,,crime_dataset_1,,
Delhi,SEXUAL ASSAULT,2021,1,,,,crime_dataset_1,,
Delhi,SEXUAL ASSAULT,2021,1,,,,crime_dataset_1,,
Chennai,KIDNAPPING,2021,1,,,,crime_dataset_1,,
Surat,ASSAULT,2021,1,,,,crime_dataset_1,,
Hyderabad,ASSAULT,2021,1,,,,crime_dataset_1,,
Lucknow,ASSAULT,2021,1,,,,crime_dataset_1,,
Nagpur,SEXUAL ASSAULT,2021,1,,,,crime_dataset_1,,
Jaipur,ASSAULT,2021,1,,,,crime_dataset_1,,
Kolkata,ASSAULT,2021,1,,,,crime_dataset_1,,
Visakhapatnam,KIDNAPPING,2021,1,,,,crime_dataset_1,,
Chennai,KIDNAPPING,2021,1,,,,crime_dataset_1,,
Delhi,ASSAULT,2021,1,,,,crime_dataset_1,,
Kanpur,KIDNAPPING,2021,1,,,,crime_dataset_1,,
Pune,SEXUAL ASSAULT,2021,1,,,,crime_dataset_1,,
Ghaziabad,SEXUAL ASSAULT,2021,1,,,,crime_dataset_1,,
Bangalore,ASSAULT,2021,1,,,,crime_dataset_1,,
Mumbai,KIDNAPPING,2021,1,,,,crime_dataset_1,,
Delhi,SEXUAL ASSAULT,2021,1,,,,crime_dataset_1,,
Nagpur,ASSAULT,2021,1,,,,crime_dataset_1,,
Ahmedabad,KIDNAPPING,2021,1,,,,crime_dataset_1,,
Mumbai,KIDNAPPING,2021,1,,,,crime_dataset_1,,
Ahmedabad,KIDNAPPING,2021,1,,,,crime_dataset_1,,
Lucknow,SEXUAL ASSAULT,2021,1,,,,crime_dataset_1,,
Hyderabad,SEXUAL ASSAULT,2021,1,,,,crime_dataset_1,,
Delhi,ASSAULT,2021,1,,,,crime_dataset_1,,
Bangalore,KIDNAPPING,2021,1,,,,crime_dataset_1,,
Kalyan,SEXUAL ASSAULT,2021,1,,,,crime_dataset_1,,
Kolkata,KIDNAPPING,2021,1,,,,crime_dataset_1,,
Mumbai,KIDNAPPING,2021,1,,,,crime_dataset_1,,
Agra,KIDNAPPING,2021,1,,,,crime_dataset_1,,
Jaipur,KIDNAPPING,2021,1,,,,crime_dataset_1,,
Delhi,KIDNAPPING,2021,1,,,,crime_dataset_1,,
Nagpur,ASSAULT,2021,1,,,,crime_dataset_1,,
Chennai,KIDNAPPING,2021,1,,,,crime_dataset_1,,
Mumbai,ASSAULT,2021,1,,,,crime_dataset_1,,
Bangalore,ASSAULT,2021,1,,,,crime_dataset_1,,
Pune,KIDNAPPING,2021,1,,,,crime_dataset_1,,
Mumbai,ASSAULT,2021,1,,,,crime_dataset_1,,
Vasai,SEXUAL ASSAULT,2021,1,,,,crime_dataset_1,,
Delhi,ASSAULT,2021,1,,,,crime_dataset_1,,
Hyderabad,SEXUAL ASSAULT,2021,1,,,,crime_dataset_1,,
Pune,KIDNAPPING,2021,1,,,,crime_dataset_1,,
Mumbai,SEXUAL ASSAULT,2021,1,,,,crime_dataset_1,,
Pune,SEXUAL ASSAULT,2021,1,,,,crime_dataset_1,,
Bangalore,ASSAULT,2021,1,,,,crime_dataset_1,,
Bangalore,ASSAULT,2021,1,,,,crime_dataset_1,,
Nashik,KIDNAPPING,2021,1,,,,crime_dataset_1,,
Nagpur,ASSAULT,2021,1,,,,crime_dataset_1,,
Patna,ASSAULT,2021,1,,,,crime_dataset_1,,
Surat,ASSAULT,2021,1,,,,crime_dataset_1,,
Mumbai,ASSAULT,2021,1,,,,crime_dataset_1,,
Mumbai,SEXUAL ASSAULT,2021,1,,,,crime_dataset_1,,
Delhi,SEXUAL ASSAULT,2021,1,,,,crime_dataset_1,,
Mumbai,KIDNAPPING,2021,1,,,,crime_dataset_1,,
Delhi,ASSAULT,2021,1,,,,crime_dataset_1,,
Pune,KIDNAPPING,2021,1,,,,crime_dataset_1,,
Kolkata,SEXUAL ASSAULT,2021,1,,,,crime_dataset_1,,
Ahmedabad,KIDNAPPING,2021,1,,,,crime_dataset_1,,
Lucknow,SEXUAL ASSAULT,2021,1,,,,crime_dataset_1,,
Pune,KIDNAPPING,2021,1,,,,crime_dataset_1,,
Thane,KIDNAPPING,2021,1,,,,crime_dataset_1,,
Mumbai,KIDNAPPING,2021,1,,,,crime_dataset_1,,
Delhi,ASSAULT,2021,1,,,,crime_dataset_1,,
Mumbai,KIDNAPPING,2021,1,,,,crime_dataset_1,,
Delhi,KIDNAPPING,2021,1,,,,crime_dataset_1,,
Kalyan,ASSAULT,2021,1,,,,crime_dataset_1,,
Mumbai,SEXUAL ASSAULT,2021,1,,,,crime_dataset_1,,
Ahmedabad,SEXUAL ASSAULT,2021,1,,,,crime_dataset_1,,
Pune,KIDNAPPING,2021,1,,,,crime_dataset_1,,
Delhi,SEXUAL ASSAULT,2021,1,,,,crime_dataset_1,,
Hyderabad,KIDNAPPING,2021,1,,,,crime_dataset_1,,
Thane,KIDNAPPING,2021,1,,,,crime_dataset_1,,
Delhi,SEXUAL ASSAULT,2021,1,,,,crime_dataset_1,,
Jaipur,KIDNAPPING,2021,1,,,,crime_dataset_1,,
Delhi,SEXUAL ASSAULT,2021,1,,,,crime_dataset_1,,
Mumbai,SEXUAL ASSAULT,2021,1,,,,crime_dataset_1,,
Hyderabad,SEXUAL ASSAULT,2021,1,,,,crime_dataset_1,,
Delhi,KIDNAPPING,2021,1,,,,crime_dataset_1,,
Agra,KIDNAPPING,2021,1,,,,crime_dataset_1,,
Delhi,ASSAULT,2021,1,,,,crime_dataset_1,,
Ludhiana,KIDNAPPING,2021,1,,,,crime_dataset_1,,
Ghaziabad,KIDNAPPING,2021,1,,,,crime_dataset_1,,
Ahmedabad,ASSAULT,2021,1,,,,crime_dataset_1,,
Ahmedabad,KIDNAPPING,2021,1,,,,crime_dataset_1,,
Delhi,SEXUAL ASSAULT,2021,1,,,,crime_dataset_1,,
Lucknow,ASSAULT,2021,1,,,,crime_dataset_1,,
Pune,KIDNAPPING,2021,1,,,,crime_dataset_1,,
Bangalore,SEXUAL ASSAULT,2021,1,,,,crime_dataset_1,,
Delhi,KIDNAPPING,2021,1,,,,crime_dataset_1,,
Chennai,ASSAULT,2021,1,,,,crime_dataset_1,,
Surat,SEXUAL ASSAULT,2021,1,,,,crime_dataset_1,,
Srinagar,SEXUAL ASSAULT,2021,1,,,,crime_dataset_1,,
Delhi,SEXUAL ASSAULT,2021,1,,,,crime_dataset_1,,
Kolkata,KIDNAPPING,2021,1,,,,crime_dataset_1,,
Mumbai,SEXUAL ASSAULT,2021,1,,,,crime_dataset_1,,
Ludhiana,SEXUAL ASSAULT,2021,1,,,,crime_dataset_1,,
Pune,KIDNAPPING,2021,1,,,,crime_dataset_1,,
Kanpur,ASSAULT,2021,1,,,,crime_dataset_1,,
Lucknow,ASSAULT,2021,1,,,,crime_dataset_1,,
Srinagar,KIDNAPPING,2021,1,,,,crime_dataset_1,,
Ahmedabad,SEXUAL ASSAULT,2021,1,,,,crime_dataset_1,,
Nagpur,SEXUAL ASSAULT,2021,1,,,,crime_dataset_1,,
Bangalore,ASSAULT,2021,1,,,,crime_dataset_1,,
Surat,SEXUAL ASSAULT,2021,1,,,,crime_dataset_1,,
Hyderabad,KIDNAPPING,2021,1,,,,crime_dataset_1,,
Mumbai,KIDNAPPING,2021,1,,,,crime_dataset_1,,
Lucknow,ASSAULT,2021,1,,,,crime_dataset_1,,
Delhi,ASSAULT,2021,1,,,,crime_dataset_1,,
Mumbai,KIDNAPPING,2021,1,,,,crime_dataset_1,,
Delhi,SEXUAL ASSAULT,2021,1,,,,crime_dataset_1,,
Mumbai,SEXUAL ASSAULT,2021,1,,,,crime_dataset_1,,
Jaipur,SEXUAL ASSAULT,2021,1,,,,crime_dataset_1,,
Bangalore,ASSAULT,2021,1,,,,crime_dataset_1,,
Bangalore,ASSAULT,2021,1,,,,crime_dataset_1,,
Kolkata,KIDNAPPING,2021,1,,,,crime_dataset_1,,
Delhi,SEXUAL ASSAULT,2021,1,,,,crime_dataset_1,,
Jaipur,KIDNAPPING,2021,1,,,,crime_dataset_1,,
Kanpur,KIDNAPPING,2021,1,,,,crime_dataset_1,,
Mumbai,SEXUAL ASSAULT,2021,1,,,,crime_dataset_1,,
Lucknow,KIDNAPPING,2021,1,,,,crime_dataset_1,,
Hyderabad,KIDNAPPING,2021,1,,,,crime_dataset_1,,
Nagpur,SEXUAL ASSAULT,2021,1,,,,crime_dataset_1,,
Delhi,KIDNAPPING,2021,1,,,,crime_dataset_1,,
Mumbai,SEXUAL ASSAULT,2021,1,,,,crime_dataset_1,,
Bangalore,SEXUAL ASSAULT,2021,1,,,,crime_dataset_1,,
Mumbai,SEXUAL ASSAULT,2021,1,,,,crime_dataset_1,,
Ludhiana,KIDNAPPING,2021,1,,,,crime_dataset_1,,
Varanasi,KIDNAPPING,2021,1,,,,crime_dataset_1,,
Bhopal,ASSAULT,2021,1,,,,crime_dataset_1,,
Delhi,SEXUAL ASSAULT,2021,1,,,,crime_dataset_1,,
Bangalore,KIDNAPPING,2021,1,,,,crime_dataset_1,,
Pune,ASSAULT,2021,1,,,,crime_dataset_1,,
Ludhiana,SEXUAL ASSAULT,2021,1,,,,crime_dataset_1,,
Ludhiana,ASSAULT,2021,1,,,,crime_dataset_1,,
Lucknow,ASSAULT,2021,1,,,,crime_dataset_1,,
Nashik,KIDNAPPING,2021,1,,,,crime_dataset_1,,
Agra,ASSAULT,2021,1,,,,crime_dataset_1,,
Mumbai,ASSAULT,2021,1,,,,crime_dataset_1,,
Jaipur,SEXUAL ASSAULT,2021,1,,,,crime_dataset_1,,
Pune,SEXUAL ASSAULT,2021,1,,,,crime_dataset_1,,
Mumbai,KIDNAPPING,2021,1,,,,crime_dataset_1,,
Hyderabad,KIDNAPPING,2021,1,,,,crime_dataset_1,,
Bangalore,SEXUAL ASSAULT,2021,1,,,,crime_dataset_1,,
Ludhiana,ASSAULT,2021,1,,,,crime_dataset_1,,
Nagpur,ASSAULT,2021,1,,,,crime_dataset_1,,
Bhopal,KIDNAPPING,2021,1,,,,crime_dataset_1,,
Jaipur,ASSAULT,2021,1,,,,crime_dataset_1,,
Mumbai,SEXUAL ASSAULT,2021,1,,,,crime_dataset_1,,
Bangalore,KIDNAPPING,2021,1,,,,crime_dataset_1,,
Kanpur,KIDNAPPING,2021,1,,,,crime_dataset_1,,
Jaipur,ASSAULT,2021,1,,,,crime_dataset_1,,
Bangalore,KIDNAPPING,2021,1,,,,crime_dataset_1,,
Kolkata,KIDNAPPING,2021,1,,,,crime_dataset_1,,
Delhi,KIDNAPPING,2021,1,,,,crime_dataset_1,,
Bangalore,SEXUAL ASSAULT,2021,1,,,,crime_dataset_1,,
Thane,ASSAULT,2021,1,,,,crime_dataset_1,,
Bangalore,SEXUAL ASSAULT,2021,1,,,,crime_dataset_1,,
Bangalore,KIDNAPPING,2021,1,,,,crime_dataset_1,,
Nagpur,ASSAULT,2021,1,,,,crime_dataset_1,,
Varanasi,ASSAULT,2021,1,,,,crime_dataset_1,,
Kanpur,KIDNAPPING,2021,1,,,,crime_dataset_1,,
Patna,SEXUAL ASSAULT,2021,1,,,,crime_dataset_1,,
Delhi,SEXUAL ASSAULT,2021,1,,,,crime_dataset_1,,
Agra,KIDNAPPING,2021,1,,,,crime_dataset_1,,
Kolkata,SEXUAL ASSAULT,2021,1,,,,crime_dataset_1,,
Hyderabad,SEXUAL ASSAULT,2021,1,,,,crime_dataset_1,,
Bangalore,ASSAULT,2021,1,,,,crime_dataset_1,,
Delhi,ASSAULT,2021,1,,,,crime_dataset_1,,
Bangalore,KIDNAPPING,2021,1,,,,crime_dataset_1,,
Jaipur,ASSAULT,2021,1,,,,crime_dataset_1,,
Nashik,ASSAULT,2021,1,,,,crime_dataset_1,,
Hyderabad,ASSAULT,2021,1,,,,crime_dataset_1,,
Vasai,SEXUAL ASSAULT,2021,1,,,,crime_dataset_1,,
Patna,SEXUAL ASSAULT,2021,1,,,,crime_dataset_1,,
Ahmedabad,SEXUAL ASSAULT,2021,1,,,,crime_dataset_1,,
Nagpur,ASSAULT,2021,1,,,,crime_dataset_1,,
Surat,KIDNAPPING,2021,1,,,,crime_dataset_1,,
Nagpur,KIDNAPPING,2021,1,,,,crime_dataset_1,,
Hyderabad,KIDNAPPING,2021,1,,,,crime_dataset_1,,
Bangalore,KIDNAPPING,2021,1,,,,crime_dataset_1,,
Bhopal,ASSAULT,2021,1,,,,crime_dataset_1,,
Bangalore,SEXUAL ASSAULT,2021,1,,,,crime_dataset_1,,
Mumbai,SEXUAL ASSAULT,2021,1,,,,crime_dataset_1,,
Bhopal,ASSAULT,2021,1,,,,crime_dataset_1,,
Kolkata,ASSAULT,2021,1,,,,crime_dataset_1,,
Visakhapatnam,ASSAULT,2021,1,,,,crime_dataset_1,,
Delhi,KIDNAPPING,2021,1,,,,crime_dataset_1,,
Kolkata,ASSAULT,2021,1,,,,crime_dataset_1,,
Ahmedabad,ASSAULT,2021,1,,,,crime_dataset_1,,
Chennai,ASSAULT,2021,1,,,,crime_dataset_1,,
Indore,ASSAULT,2021,1,,,,crime_dataset_1,,
Bangalore,KIDNAPPING,2021,1,,,,crime_dataset_1,,
Surat,KIDNAPPING,2021,1,,,,crime_dataset_1,,
Delhi,KIDNAPPING,2021,1,,,,crime_dataset_1,,
Bangalore,KIDNAPPING,2021,1,,,,crime_dataset_1,,
Kanpur,ASSAULT,2021,1,,,,crime_dataset_1,,
Hyderabad,SEXUAL ASSAULT,2021,1,,,,crime_dataset_1,,
Bangalore,ASSAULT,2021,1,,,,crime_dataset_1,,
Delhi,SEXUAL ASSAULT,2021,1,,,,crime_dataset_1,,
Mumbai,ASSAULT,2021,1,,,,crime_dataset_1,,
Mumbai,ASSAULT,2021,1,,,,crime_dataset_1,,
Mumbai,KIDNAPPING,2021,1,,,,crime_dataset_1,,
Delhi,ASSAULT,2021,1,,,,crime_dataset_1,,
Kolkata,ASSAULT,2021,1,,,,crime_dataset_1,,
Faridabad,KIDNAPPING,2021,1,,,,crime_dataset_1,,
Mumbai,KIDNAPPING,2021,1,,,,crime_dataset_1,,
Pune,SEXUAL ASSAULT,2021,1,,,,crime_dataset_1,,
Delhi,ASSAULT,2021,1,,,,crime_dataset_1,,
Chennai,KIDNAPPING,2021,1,,,,crime_dataset_1,,
Ahmedabad,ASSAULT,2021,1,,,,crime_dataset_1,,
Pune,ASSAULT,2021,1,,,,crime_dataset_1,,
Jaipur,KIDNAPPING,2021,1,,,,crime_dataset_1,,
Hyderabad,SEXUAL ASSAULT,2021,1,,,,crime_dataset_1,,
Bangalore,ASSAULT,2021,1,,,,crime_dataset_1,,
Ludhiana,SEXUAL ASSAULT,2021,1,,,,crime_dataset_1,,
Hyderabad,ASSAULT,2021,1,,,,crime_dataset_1,,
Delhi,KIDNAPPING,2021,1,,,,crime_dataset_1,,
Mumbai,KIDNAPPING,2021,1,,,,crime_dataset_1,,
Kolkata,ASSAULT,2021,1,,,,crime_dataset_1,,
Kanpur,ASSAULT,2021,1,,,,crime_dataset_1,,
Jaipur,KIDNAPPING,2021,1,,,,crime_dataset_1,,
Nagpur,SEXUAL ASSAULT,2021,1,,,,crime_dataset_1,,
Meerut,KIDNAPPING,2021,1,,,,crime_dataset_1,,
Nagpur,KIDNAPPING,2021,1,,,,crime_dataset_1,,
Delhi,SEXUAL ASSAULT,2021,1,,,,crime_dataset_1,,
Bangalore,SEXUAL ASSAULT,2021,1,,,,crime_dataset_1,,
Visakhapatnam,ASSAULT,2021,1,,,,crime_dataset_1,,
Faridabad,ASSAULT,2021,1,,,,crime_dataset_1,,
Mumbai,ASSAULT,2021,1,,,,crime_dataset_1,,
Jaipur,KIDNAPPING,2021,1,,,,crime_dataset_1,,
Delhi,SEXUAL ASSAULT,2021,1,,,,crime_dataset_1,,
Delhi,SEXUAL ASSAULT,2021,1,,,,crime_dataset_1,,
Chennai,KIDNAPPING,2021,1,,,,crime_dataset_1,,
Chennai,KIDNAPPING,2021,1,,,,crime_dataset_1,,
Mumbai,ASSAULT,2021,1,,,,crime_dataset_1,,
Delhi,KIDNAPPING,2021,1,,,,crime_dataset_1,,
Lucknow,KIDNAPPING,2021,1,,,,crime_dataset_1,,
Chennai,KIDNAPPING,2021,1,,,,crime_dataset_1,,
Mumbai,KIDNAPPING,2021,1,,,,crime_dataset_1,,
Jaipur,SEXUAL ASSAULT,2021,1,,,,crime_dataset_1,,
Delhi,SEXUAL ASSAULT,2021,1,,,,crime_dataset_1,,
Chennai,SEXUAL ASSAULT,2021,1,,,,crime_dataset_1,,
Surat,ASSAULT,2021,1,,,,crime_dataset_1,,
Mumbai,ASSAULT,2021,1,,,,crime_dataset_1,,
Hyderabad,SEXUAL ASSAULT,2021,1,,,,crime_dataset_1,,
Thane,ASSAULT,2021,1,,,,crime_dataset_1,,
Delhi,KIDNAPPING,2021,1,,,,crime_dataset_1,,
Mumbai,SEXUAL ASSAULT,2021,1,,,,crime_dataset_1,,
Jaipur,SEXUAL ASSAULT,2021,1,,,,crime_dataset_1,,
Surat,ASSAULT,2021,1,,,,crime_dataset_1,,
Mumbai,ASSAULT,2021,1,,,,crime_dataset_1,,
Ludhiana,SEXUAL ASSAULT,2021,1,,,,crime_dataset_1,,
Bangalore,ASSAULT,2021,1,,,,crime_dataset_1,,
Pune,KIDNAPPING,2021,1,,,,crime_dataset_1,,
Ludhiana,KIDNAPPING,2021,1,,,,crime_dataset_1,,
Kolkata,ASSAULT,2021,1,,,,crime_dataset_1,,
Lucknow,SEXUAL ASSAULT,2021,1,,,,crime_dataset_1,,
Ludhiana,ASSAULT,2021,1,,,,crime_dataset_1,,
Vasai,SEXUAL ASSAULT,2021,1,,,,crime_dataset_1,,
Hyderabad,SEXUAL ASSAULT,2021,1,,,,crime_dataset_1,,
Delhi,ASSAULT,2021,1,,,,crime_dataset_1,,
Ghaziabad,SEXUAL ASSAULT,2021,1,,,,crime_dataset_1,,
Delhi,SEXUAL ASSAULT,2021,1,,,,crime_dataset_1,,
Mumbai,SEXUAL ASSAULT,2021,1,,,,crime_dataset_1,,
Jaipur,ASSAULT,2021,1,,,,crime_dataset_1,,
Meerut,KIDNAPPING,2021,1,,,,crime_dataset_1,,
Faridabad,SEXUAL ASSAULT,2021,1,,,,crime_dataset_1,,
Pune,SEXUAL ASSAULT,2021,1,,,,crime_dataset_1,,
Jaipur,SEXUAL ASSAULT,2021,1,,,,crime_dataset_1,,
Kanpur,KIDNAPPING,2021,1,,,,crime_dataset_1,,
Ahmedabad,ASSAULT,2021,1,,,,crime_dataset_1,,
Kolkata,ASSAULT,2021,1,,,,crime_dataset_1,,
Bangalore,KIDNAPPING,2021,1,,,,crime_dataset_1,,
Mumbai,KIDNAPPING,2021,1,,,,crime_dataset_1,,
Delhi,SEXUAL ASSAULT,2021,1,,,,crime_dataset_1,,
Mumbai,KIDNAPPING,2021,1,,,,crime_dataset_1,,
Lucknow,ASSAULT,2021,1,,,,crime_dataset_1,,
Pune,ASSAULT,2021,1,,,,crime_dataset_1,,
Delhi,KIDNAPPING,2021,1,,,,crime_dataset_1,,
Bangalore,KIDNAPPING,2021,1,,,,crime_dataset_1,,
Bangalore,ASSAULT,2021,1,,,,crime_dataset_1,,
Mumbai,SEXUAL ASSAULT,2021,1,,,,crime_dataset_1,,
Jaipur,SEXUAL ASSAULT,2021,1,,,,crime_dataset_1,,
Surat,SEXUAL ASSAULT,2021,1,,,,crime_dataset_1,,
Kalyan,SEXUAL ASSAULT,2021,1,,,,crime_dataset_1,,
Chennai,SEXUAL ASSAULT,2021,1,,,,crime_dataset_1,,
Mumbai,KIDNAPPING,2021,1,,,,crime_dataset_1,,
Surat,SEXUAL ASSAULT,2021,1,,,,crime_dataset_1,,
Hyderabad,ASSAULT,2021,1,,,,crime_dataset_1,,
Delhi,KIDNAPPING,2021,1,,,,crime_dataset_1,,
Pune,KIDNAPPING,2021,1,,,,crime_dataset_1,,
Delhi,ASSAULT,2021,1,,,,crime_dataset_1,,
Ghaziabad,KIDNAPPING,2021,1,,,,crime_dataset_1,,
Ahmedabad,SEXUAL ASSAULT,2021,1,,,,crime_dataset_1,,
Chennai,KIDNAPPING,2021,1,,,,crime_dataset_1,,
Lucknow,ASSAULT,2021,1,,,,crime_dataset_1,,
Delhi,KIDNAPPING,2021,1,,,,crime_dataset_1,,
Meerut,ASSAULT,2021,1,,,,crime_dataset_1,,
Bangalore,SEXUAL ASSAULT,2021,1,,,,crime_dataset_1,,
Ahmedabad,KIDNAPPING,2021,1,,,,crime_dataset_1,,
Lucknow,KIDNAPPING,2021,1,,,,crime_dataset_1,,
Delhi,SEXUAL ASSAULT,2021,1,,,,crime_dataset_1,,
Pune,ASSAULT,2021,1,,,,crime_dataset_1,,
Pune,ASSAULT,2021,1,,,,crime_dataset_1,,
Kanpur,KIDNAPPING,2021,1,,,,crime_dataset_1,,
Delhi,SEXUAL ASSAULT,2021,1,,,,crime_dataset_1,,
Mumbai,KIDNAPPING,2021,1,,,,crime_dataset_1,,
Ahmedabad,SEXUAL ASSAULT,2021,1,,,,crime_dataset_1,,
Chennai,ASSAULT,2021,1,,,,crime_dataset_1,,
Visakhapatnam,ASSAULT,2021,1,,,,crime_dataset_1,,
Mumbai,SEXUAL ASSAULT,2021,1,,,,crime_dataset_1,,
Patna,KIDNAPPING,2021,1,,,,crime_dataset_1,,
Pune,KIDNAPPING,2021,1,,,,crime_dataset_1,,
Nagpur,ASSAULT,2021,1,,,,crime_dataset_1,,
Nagpur,KIDNAPPING,2021,1,,,,crime_dataset_1,,
Hyderabad,ASSAULT,2021,1,,,,crime_dataset_1,,
Kolkata,SEXUAL ASSAULT,2021,1,,,,crime_dataset_1,,
Mumbai,KIDNAPPING,2021,1,,,,crime_dataset_1,,
Meerut,SEXUAL ASSAULT,2021,1,,,,crime_dataset_1,,
Lucknow,KIDNAPPING,2021,1,,,,crime_dataset_1,,
Chennai,SEXUAL ASSAULT,2021,1,,,,crime_dataset_1,,
Srinagar,KIDNAPPING,2021,1,,,,crime_dataset_1,,
Rajkot,SEXUAL ASSAULT,2021,1,,,,crime_dataset_1,,
Bangalore,ASSAULT,2021,1,,,,crime_dataset_1,,
Ludhiana,KIDNAPPING,2021,1,,,,crime_dataset_1,,
Chennai,SEXUAL ASSAULT,2021,1,,,,crime_dataset_1,,
Varanasi,ASSAULT,2021,1,,,,crime_dataset_1,,
Delhi,KIDNAPPING,2021,1,,,,crime_dataset_1,,
Bhopal,SEXUAL ASSAULT,2021,1,,,,crime_dataset_1,,
Hyderabad,ASSAULT,2021,1,,,,crime_dataset_1,,
Mumbai,ASSAULT,2021,1,,,,crime_dataset_1,,
Hyderabad,KIDNAPPING,2021,1,,,,crime_dataset_1,,
Bangalore,KIDNAPPING,2021,1,,,,crime_dataset_1,,
Ahmedabad,SEXUAL ASSAULT,2021,1,,,,crime_dataset_1,,
Surat,ASSAULT,2021,1,,,,crime_dataset_1,,
Jaipur,SEXUAL ASSAULT,2021,1,,,,crime_dataset_1,,
Bangalore,KIDNAPPING,2021,1,,,,crime_dataset_1,,
Ahmedabad,SEXUAL ASSAULT,2021,1,,,,crime_dataset_1,,
Delhi,KIDNAPPING,2021,1,,,,crime_dataset_1,,
Thane,SEXUAL ASSAULT,2021,1,,,,crime_dataset_1,,
Bangalore,KIDNAPPING,2021,1,,,,crime_dataset_1,,
Lucknow,KIDNAPPING,2021,1,,,,crime_dataset_1,,
Agra,SEXUAL ASSAULT,2021,1,,,,crime_dataset_1,,
Mumbai,KIDNAPPING,2021,1,,,,crime_dataset_1,,
Mumbai,SEXUAL ASSAULT,2021,1,,,,crime_dataset_1,,
Bangalore,KIDNAPPING,2021,1,,,,crime_dataset_1,,
Mumbai,ASSAULT,2021,1,,,,crime_dataset_1,,
Lucknow,KIDNAPPING,2021,1,,,,crime_dataset_1,,
Patna,ASSAULT,2021,1,,,,crime_dataset_1,,
Mumbai,KIDNAPPING,2021,1,,,,crime_dataset_1,,
Chennai,KIDNAPPING,2021,1,,,,crime_dataset_1,,
Pune,SEXUAL ASSAULT,2021,1,,,,crime_dataset_1,,
Kolkata,KIDNAPPING,2021,1,,,,crime_dataset_1,,
Delhi,SEXUAL ASSAULT,2021,1,,,,crime_dataset_1,,
Jaipur,KIDNAPPING,2021,1,,,,crime_dataset_1,,
Lucknow,KIDNAPPING,2021,1,,,,crime_dataset_1,,
Kanpur,SEXUAL ASSAULT,2021,1,,,,crime_dataset_1,,
Chennai,SEXUAL ASSAULT,2021,1,,,,crime_dataset_1,,
Kolkata,ASSAULT,2021,1,,,,crime_dataset_1,,
Ludhiana,ASSAULT,2021,1,,,,crime_dataset_1,,
Bangalore,KIDNAPPING,2021,1,,,,crime_dataset_1,,
Indore,ASSAULT,2021,1,,,,crime_dataset_1,,
Rajkot,SEXUAL ASSAULT,2021,1,,,,crime_dataset_1,,
Kolkata,ASSAULT,2021,1,,,,crime_dataset_1,,
Jaipur,ASSAULT,2021,1,,,,crime_dataset_1,,
Visakhapatnam,ASSAULT,2021,1,,,,crime_dataset_1,,
Bangalore,KIDNAPPING,2021,1,,,,crime_dataset_1,,
Faridabad,KIDNAPPING,2021,1,,,,crime_dataset_1,,
Chennai,KIDNAPPING,2021,1,,,,crime_dataset_1,,
Bangalore,SEXUAL ASSAULT,2021,1,,,,crime_dataset_1,,
Delhi,ASSAULT,2021,1,,,,crime_dataset_1,,
Delhi,KIDNAPPING,2021,1,,,,crime_dataset_1,,
Pune,SEXUAL ASSAULT,2021,1,,,,crime_dataset_1,,
Bangalore,ASSAULT,2021,1,,,,crime_dataset_1,,
Kanpur,KIDNAPPING,2021,1,,,,crime_dataset_1,,
Mumbai,KIDNAPPING,2021,1,,,,crime_dataset_1,,
Delhi,SEXUAL ASSAULT,2021,1,,,,crime_dataset_1,,
Bhopal,SEXUAL ASSAULT,2021,1,,,,crime_dataset_1,,
Bangalore,KIDNAPPING,2021,1,,,,crime_dataset_1,,
Kolkata,SEXUAL ASSAULT,2021,1,,,,crime_dataset_1,,
Meerut,SEXUAL ASSAULT,2021,1,,,,crime_dataset_1,,
Lucknow,ASSAULT,2021,1,,,,crime_dataset_1,,
Srinagar,KIDNAPPING,2021,1,,,,crime_dataset_1,,
Kolkata,KIDNAPPING,2021,1,,,,crime_dataset_1,,
Delhi,KIDNAPPING,2021,1,,,,crime_dataset_1,,
Pune,KIDNAPPING,2021,1,,,,crime_dataset_1,,
Thane,ASSAULT,2021,1,,,,crime_dataset_1,,
Indore,SEXUAL ASSAULT,2021,1,,,,crime_dataset_1,,
Agra,ASSAULT,2021,1,,,,crime_dataset_1,,
Nagpur,SEXUAL ASSAULT,2021,1,,,,crime_dataset_1,,
Kolkata,KIDNAPPING,2021,1,,,,crime_dataset_1,,
Bangalore,SEXUAL ASSAULT,2021,1,,,,crime_dataset_1,,
Mumbai,ASSAULT,2021,1,,,,crime_dataset_1,,
Bangalore,SEXUAL ASSAULT,2021,1,,,,crime_dataset_1,,
Delhi,SEXUAL ASSAULT,2021,1,,,,crime_dataset_1,,
Chennai,SEXUAL ASSAULT,2021,1,,,,crime_dataset_1,,
Kanpur,KIDNAPPING,2021,1,,,,crime_dataset_1,,
Kalyan,ASSAULT,2021,1,,,,crime_dataset_1,,
Lucknow,KIDNAPPING,2021,1,,,,crime_dataset_1,,
Lucknow,ASSAULT,2021,1,,,,crime_dataset_1,,
Nagpur,ASSAULT,2021,1,,,,crime_dataset_1,,
Jaipur,SEXUAL ASSAULT,2021,1,,,,crime_dataset_1,,
Mumbai,SEXUAL ASSAULT,2021,1,,,,crime_dataset_1,,
Hyderabad,ASSAULT,2021,1,,,,crime_dataset_1,,
Surat,SEXUAL ASSAULT,2021,1,,,,crime_dataset_1,,
Kolkata,ASSAULT,2021,1,,,,crime_dataset_1,,
Visakhapatnam,ASSAULT,2021,1,,,,crime_dataset_1,,
Delhi,SEXUAL ASSAULT,2021,1,,,,crime_dataset_1,,
Surat,ASSAULT,2021,1,,,,crime_dataset_1,,
Hyderabad,KIDNAPPING,2021,1,,,,crime_dataset_1,,
Hyderabad,KIDNAPPING,2021,1,,,,crime_dataset_1,,
Mumbai,KIDNAPPING,2021,1,,,,crime_dataset_1,,
Ahmedabad,SEXUAL ASSAULT,2021,1,,,,crime_dataset_1,,
Mumbai,KIDNAPPING,2021,1,,,,crime_dataset_1,,
Delhi,ASSAULT,2021,1,,,,crime_dataset_1,,
Agra,ASSAULT,2021,1,,,,crime_dataset_1,,
Indore,ASSAULT,2021,1,,,,crime_dataset_1,,
Delhi,ASSAULT,2021,1,,,,crime_dataset_1,,
Hyderabad,SEXUAL ASSAULT,2021,1,,,,crime_dataset_1,,
Delhi,SEXUAL ASSAULT,2021,1,,,,crime_dataset_1,,
Patna,SEXUAL ASSAULT,2021,1,,,,crime_dataset_1,,
Hyderabad,KIDNAPPING,2021,1,,,,crime_dataset_1,,
Nagpur,ASSAULT,2021,1,,,,crime_dataset_1,,
Nagpur,KIDNAPPING,2021,1,,,,crime_dataset_1,,
Chennai,SEXUAL ASSAULT,2021,1,,,,crime_dataset_1,,
Delhi,SEXUAL ASSAULT,2021,1,,,,crime_dataset_1,,
Ludhiana,KIDNAPPING,2021,1,,,,crime_dataset_1,,
Lucknow,KIDNAPPING,2021,1,,,,crime_dataset_1,,
Delhi,SEXUAL ASSAULT,2021,1,,,,crime_dataset_1,,
Jaipur,SEXUAL ASSAULT,2021,1,,,,crime_dataset_1,,
Ahmedabad,ASSAULT,2021,1,,,,crime_dataset_1,,
Rajkot,ASSAULT,2021,1,,,,crime_dataset_1,,
Indore,ASSAULT,2021,1,,,,crime_dataset_1,,
Thane,SEXUAL ASSAULT,2021,1,,,,crime_dataset_1,,
Delhi,SEXUAL ASSAULT,2021,1,,,,crime_dataset_1,,
Agra,SEXUAL ASSAULT,2021,1,,,,crime_dataset_1,,
Indore,ASSAULT,2021,1,,,,crime_dataset_1,,
Mumbai,ASSAULT,2021,1,,,,crime_dataset_1,,
Mumbai,SEXUAL ASSAULT,2021,1,,,,crime_dataset_1,,
Delhi,SEXUAL ASSAULT,2021,1,,,,crime_dataset_1,,
Hyderabad,KIDNAPPING,2021,1,,,,crime_dataset_1,,
Bangalore,ASSAULT,2021,1,,,,crime_dataset_1,,
Ahmedabad,ASSAULT,2021,1,,,,crime_dataset_1,,
Hyderabad,ASSAULT,2021,1,,,,crime_dataset_1,,
Mumbai,ASSAULT,2021,1,,,,crime_dataset_1,,
Ahmedabad,KIDNAPPING,2021,1,,,,crime_dataset_1,,
Chennai,KIDNAPPING,2021,1,,,,crime_dataset_1,,
Surat,SEXUAL ASSAULT,2021,1,,,,crime_dataset_1,,
Bangalore,SEXUAL ASSAULT,2021,1,,,,crime_dataset_1,,
Bhopal,ASSAULT,2021,1,,,,crime_dataset_1,,
Ludhiana,KIDNAPPING,2021,1,,,,crime_dataset_1,,
Kolkata,SEXUAL ASSAULT,2021,1,,,,crime_dataset_1,,
Delhi,KIDNAPPING,2021,1,,,,crime_dataset_1,,
Kanpur,KIDNAPPING,2021,1,,,,crime_dataset_1,,
Delhi,SEXUAL ASSAULT,2021,1,,,,crime_dataset_1,,
Jaipur,ASSAULT,2021,1,,,,crime_dataset_1,,
Mumbai,KIDNAPPING,2021,1,,,,crime_dataset_1,,
Delhi,KIDNAPPING,2021,1,,,,crime_dataset_1,,
Ahmedabad,ASSAULT,2021,1,,,,crime_dataset_1,,
Kolkata,SEXUAL ASSAULT,2021,1,,,,crime_dataset_1,,
Jaipur,SEXUAL ASSAULT,2021,1,,,,crime_dataset_1,,
Kolkata,ASSAULT,2021,1,,,,crime_dataset_1,,
Hyderabad,SEXUAL ASSAULT,2021,1,,,,crime_dataset_1,,
Pune,KIDNAPPING,2021,1,,,,crime_dataset_1,,
Pune,SEXUAL ASSAULT,2021,1,,,,crime_dataset_1,,
Bangalore,KIDNAPPING,2021,1,,,,crime_dataset_1,,
Ahmedabad,SEXUAL ASSAULT,2021,1,,,,crime_dataset_1,,
Surat,ASSAULT,2021,1,,,,crime_dataset_1,,
Mumbai,SEXUAL ASSAULT,2021,1,,,,crime_dataset_1,,
Mumbai,ASSAULT,2021,1,,,,crime_dataset_1,,
Mumbai,KIDNAPPING,2021,1,,,,crime_dataset_1,,
Bangalore,SEXUAL ASSAULT,2021,1,,,,crime_dataset_1,,
Pune,SEXUAL ASSAULT,2021,1,,,,crime_dataset_1,,
Ahmedabad,SEXUAL ASSAULT,2021,1,,,,crime_dataset_1,,
Mumbai,SEXUAL ASSAULT,2021,1,,,,crime_dataset_1,,
Nagpur,ASSAULT,2021,1,,,,crime_dataset_1,,
Bangalore,ASSAULT,2021,1,,,,crime_dataset_1,,
Bangalore,ASSAULT,2021,1,,,,crime_dataset_1,,
Mumbai,ASSAULT,2021,1,,,,crime_dataset_1,,
Hyderabad,ASSAULT,2021,1,,,,crime_dataset_1,,
Kolkata,SEXUAL ASSAULT,2021,1,,,,crime_dataset_1,,
Thane,SEXUAL ASSAULT,2021,1,,,,crime_dataset_1,,
Pune,ASSAULT,2021,1,,,,crime_dataset_1,,
Delhi,SEXUAL ASSAULT,2021,1,,,,crime_dataset_1,,
Chennai,SEXUAL ASSAULT,2021,1,,,,crime_dataset_1,,
Delhi,ASSAULT,2021,1,,,,crime_dataset_1,,
Bangalore,ASSAULT,2021,1,,,,crime_dataset_1,,
Ahmedabad,SEXUAL ASSAULT,2021,1,,,,crime_dataset_1,,
Jaipur,SEXUAL ASSAULT,2021,1,,,,crime_dataset_1,,
Varanasi,KIDNAPPING,2021,1,,,,crime_dataset_1,,
Thane,SEXUAL ASSAULT,2021,1,,,,crime_dataset_1,,
Delhi,ASSAULT,2021,1,,,,crime_dataset_1,,
Jaipur,ASSAULT,2021,1,,,,crime_dataset_1,,
Thane,KIDNAPPING,2021,1,,,,crime_dataset_1,,
Delhi,SEXUAL ASSAULT,2021,1,,,,crime_dataset_1,,
Srinagar,SEXUAL ASSAULT,2021,1,,,,crime_dataset_1,,
Delhi,KIDNAPPING,2021,1,,,,crime_dataset_1,,
Bangalore,KIDNAPPING,2021,1,,,,crime_dataset_1,,
Mumbai,ASSAULT,2021,1,,,,crime_dataset_1,,
Hyderabad,SEXUAL ASSAULT,2021,1,,,,crime_dataset_1,,
Delhi,KIDNAPPING,2021,1,,,,crime_dataset_1,,
Nagpur,ASSAULT,2021,1,,,,crime_dataset_1,,
Chennai,SEXUAL ASSAULT,2021,1,,,,crime_dataset_1,,
Mumbai,SEXUAL ASSAULT,2021,1,,,,crime_dataset_1,,
Delhi,KIDNAPPING,2021,1,,,,crime_dataset_1,,
Hyderabad,SEXUAL ASSAULT,2021,1,,,,crime_dataset_1,,
Mumbai,SEXUAL ASSAULT,2021,1,,,,crime_dataset_1,,
Kolkata,ASSAULT,2021,1,,,,crime_dataset_1,,
Mumbai,SEXUAL ASSAULT,2021,1,,,,crime_dataset_1,,
Kolkata,SEXUAL ASSAULT,2021,1,,,,crime_dataset_1,,
Chennai,KIDNAPPING,2021,1,,,,crime_dataset_1,,
Kalyan,SEXUAL ASSAULT,2021,1,,,,crime_dataset_1,,
Ahmedabad,SEXUAL ASSAULT,2021,1,,,,crime_dataset_1,,
Chennai,ASSAULT,2021,1,,,,crime_dataset_1,,
Agra,SEXUAL ASSAULT,2021,1,,,,crime_dataset_1,,
Hyderabad,ASSAULT,2021,1,,,,crime_dataset_1,,
Delhi,KIDNAPPING,2021,1,,,,crime_dataset_1,,
Mumbai,KIDNAPPING,2021,1,,,,crime_dataset_1,,
Hyderabad,SEXUAL ASSAULT,2021,1,,,,crime_dataset_1,,
Bhopal,ASSAULT,2021,1,,,,crime_dataset_1,,
Kolkata,ASSAULT,2021,1,,,,crime_dataset_1,,
Surat,ASSAULT,2021,1,,,,crime_dataset_1,,
Delhi,ASSAULT,2021,1,,,,crime_dataset_1,,
Jaipur,SEXUAL ASSAULT,2021,1,,,,crime_dataset_1,,
Thane,KIDNAPPING,2021,1,,,,crime_dataset_1,,
Thane,ASSAULT,2021,1,,,,crime_dataset_1,,
Lucknow,ASSAULT,2021,1,,,,crime_dataset_1,,
Ahmedabad,KIDNAPPING,2021,1,,,,crime_dataset_1,,
Indore,ASSAULT,2021,1,,,,crime_dataset_1,,
Ahmedabad,KIDNAPPING,2021,1,,,,crime_dataset_1,,
Delhi,ASSAULT,2021,1,,,,crime_dataset_1,,
Thane,KIDNAPPING,2021,1,,,,crime_dataset_1,,
Visakhapatnam,SEXUAL ASSAULT,2021,1,,,,crime_dataset_1,,
Delhi,ASSAULT,2021,1,,,,crime_dataset_1,,
Mumbai,KIDNAPPING,2021,1,,,,crime_dataset_1,,
Kolkata,ASSAULT,2021,1,,,,crime_dataset_1,,
Delhi,ASSAULT,2021,1,,,,crime_dataset_1,,
Patna,SEXUAL ASSAULT,2021,1,,,,crime_dataset_1,,
Hyderabad,SEXUAL ASSAULT,2021,1,,,,crime_dataset_1,,
Bangalore,SEXUAL ASSAULT,2022,1,,,,crime_dataset_1,,
Mumbai,KIDNAPPING,2022,1,,,,crime_dataset_1,,
Meerut,SEXUAL ASSAULT,2022,1,,,,crime_dataset_1,,
Pune,SEXUAL ASSAULT,2022,1,,,,crime_dataset_1,,
Lucknow,SEXUAL ASSAULT,2022,1,,,,crime_dataset_1,,
Kolkata,SEXUAL ASSAULT,2022,1,,,,crime_dataset_1,,
Mumbai,SEXUAL ASSAULT,2022,1,,,,crime_dataset_1,,
Kanpur,KIDNAPPING,2022,1,,,,crime_dataset_1,,
Kolkata,KIDNAPPING,2022,1,,,,crime_dataset_1,,
Pune,KIDNAPPING,2022,1,,,,crime_dataset_1,,
Nagpur,ASSAULT,2022,1,,,,crime_dataset_1,,
Lucknow,ASSAULT,2022,1,,,,crime_dataset_1,,
Kolkata,SEXUAL ASSAULT,2022,1,,,,crime_dataset_1,,
Delhi,SEXUAL ASSAULT,2022,1,,,,crime_dataset_1,,
Pune,ASSAULT,2022,1,,,,crime_dataset_1,,
Hyderabad,ASSAULT,2022,1,,,,crime_dataset_1,,
Agra,ASSAULT,2022,1,,,,crime_dataset_1,,
Kolkata,KIDNAPPING,2022,1,,,,crime_dataset_1,,
Hyderabad,KIDNAPPING,2022,1,,,,crime_dataset_1,,
Delhi,ASSAULT,2022,1,,,,crime_dataset_1,,
Faridabad,SEXUAL ASSAULT,2022,1,,,,crime_dataset_1,,
Mumbai,SEXUAL ASSAULT,2022,1,,,,crime_dataset_1,,
Lucknow,ASSAULT,2022,1,,,,crime_dataset_1,,
Kolkata,SEXUAL ASSAULT,2022,1,,,,crime_dataset_1,,
Bhopal,ASSAULT,2022,1,,,,crime_dataset_1,,
Chennai,SEXUAL ASSAULT,2022,1,,,,crime_dataset_1,,
Delhi,SEXUAL ASSAULT,2022,1,,,,crime_dataset_1,,
Kolkata,KIDNAPPING,2022,1,,,,crime_dataset_1,,
Delhi,ASSAULT,2022,1,,,,crime_dataset_1,,
Jaipur,ASSAULT,2022,1,,,,crime_dataset_1,,
Jaipur,SEXUAL ASSAULT,2022,1,,,,crime_dataset_1,,
Hyderabad,ASSAULT,2022,1,,,,crime_dataset_1,,
Mumbai,KIDNAPPING,2022,1,,,,crime_dataset_1,,
Chennai,ASSAULT,2022,1,,,,crime_dataset_1,,
Indore,KIDNAPPING,2022,1,,,,crime_dataset_1,,
Ahmedabad,SEXUAL ASSAULT,2022,1,,,,crime_dataset_1,,
Kolkata,KIDNAPPING,2022,1,,,,crime_dataset_1,,
Delhi,SEXUAL ASSAULT,2022,1,,,,crime_dataset_1,,
Surat,SEXUAL ASSAULT,2022,1,,,,crime_dataset_1,,
Mumbai,ASSAULT,2022,1,,,,crime_dataset_1,,
Surat,ASSAULT,2022,1,,,,crime_dataset_1,,
Mumbai,KIDNAPPING,2022,1,,,,crime_dataset_1,,
Jaipur,SEXUAL ASSAULT,2022,1,,,,crime_dataset_1,,
Delhi,ASSAULT,2022,1,,,,crime_dataset_1,,
Mumbai,KIDNAPPING,2022,1,,,,crime_dataset_1,,
Nagpur,ASSAULT,2022,1,,,,crime_dataset_1,,
Pune,KIDNAPPING,2022,1,,,,crime_dataset_1,,
Bangalore,SEXUAL ASSAULT,2022,1,,,,crime_dataset_1,,
Surat,SEXUAL ASSAULT,2022,1,,,,crime_dataset_1,,
Pune,ASSAULT,2022,1,,,,crime_dataset_1,,
Lucknow,ASSAULT,2022,1,,,,crime_dataset_1,,
Chennai,SEXUAL ASSAULT,2022,1,,,,crime_dataset_1,,
Ghaziabad,KIDNAPPING,2022,1,,,,crime_dataset_1,,
Pune,SEXUAL ASSAULT,2022,1,,,,crime_dataset_1,,
Hyderabad,KIDNAPPING,2022,1,,,,crime_dataset_1,,
Surat,SEXUAL ASSAULT,2022,1,,,,crime_dataset_1,,
Delhi,ASSAULT,2022,1,,,,crime_dataset_1,,
Agra,ASSAULT,2022,1,,,,crime_dataset_1,,
Ludhiana,SEXUAL ASSAULT,2022,1,,,,crime_dataset_1,,
Ahmedabad,ASSAULT,2022,1,,,,crime_dataset_1,,
Kolkata,KIDNAPPING,2022,1,,,,crime_dataset_1,,
Delhi,SEXUAL ASSAULT,2022,1,,,,crime_dataset_1,,
Visakhapatnam,ASSAULT,2022,1,,,,crime_dataset_1,,
Jaipur,ASSAULT,2022,1,,,,crime_dataset_1,,
Ahmedabad,ASSAULT,2022,1,,,,crime_dataset_1,,
Bangalore,SEXUAL ASSAULT,2022,1,,,,crime_dataset_1,,
Ahmedabad,SEXUAL ASSAULT,2022,1,,,,crime_dataset_1,,
Visakhapatnam,ASSAULT,2022,1,,,,crime_dataset_1,,
Pune,KIDNAPPING,2022,1,,,,crime_dataset_1,,
Lucknow,ASSAULT,2022,1,,,,crime_dataset_1,,
Delhi,ASSAULT,2022,1,,,,crime_dataset_1,,
Kanpur,ASSAULT,2022,1,,,,crime_dataset_1,,
Delhi,KIDNAPPING,2022,1,,,,crime_dataset_1,,
Nashik,ASSAULT,2022,1,,,,crime_dataset_1,,
Kolkata,ASSAULT,2022,1,,,,crime_dataset_1,,
Surat,ASSAULT,2022,1,,,,crime_dataset_1,,
Ahmedabad,ASSAULT,2022,1,,,,crime_dataset_1,,
Pune,KIDNAPPING,2022,1,,,,crime_dataset_1,,
Delhi,KIDNAPPING,2022,1,,,,crime_dataset_1,,
Varanasi,KIDNAPPING,2022,1,,,,crime_dataset_1,,
Delhi,SEXUAL ASSAULT,2022,1,,,,crime_dataset_1,,
Patna,ASSAULT,2022,1,,,,crime_dataset_1,,
Ahmedabad,SEXUAL ASSAULT,2022,1,,,,crime_dataset_1,,
Bangalore,SEXUAL ASSAULT,2022,1,,,,crime_dataset_1,,
Mumbai,KIDNAPPING,2022,1,,,,crime_dataset_1,,
Surat,KIDNAPPING,2022,1,,,,crime_dataset_1,,
Bhopal,SEXUAL ASSAULT,2022,1,,,,crime_dataset_1,,
Bangalore,KIDNAPPING,2022,1,,,,crime_dataset_1,,
Surat,KIDNAPPING,2022,1,,,,crime_dataset_1,,
Mumbai,SEXUAL ASSAULT,2022,1,,,,crime_dataset_1,,
Kolkata,ASSAULT,2022,1,,,,crime_dataset_1,,
Ahmedabad,ASSAULT,2022,1,,,,crime_dataset_1,,
Srinagar,KIDNAPPING,2022,1,,,,crime_dataset_1,,
Kolkata,ASSAULT,2022,1,,,,crime_dataset_1,,
Bangalore,ASSAULT,2022,1,,,,crime_dataset_1,,
Jaipur,ASSAULT,2022,1,,,,crime_dataset_1,,
Faridabad,SEXUAL ASSAULT,2022,1,,,,crime_dataset_1,,
Bangalore,ASSAULT,2022,1,,,,crime_dataset_1,,
Ludhiana,KIDNAPPING,2022,1,,,,crime_dataset_1,,
Delhi,KIDNAPPING,2022,1,,,,crime_dataset_1,,
Faridabad,SEXUAL ASSAULT,2022,1,,,,crime_dataset_1,,
Bangalore,SEXUAL ASSAULT,2022,1,,,,crime_dataset_1,,
Ahmedabad,SEXUAL ASSAULT,2022,1,,,,crime_dataset_1,,
Jaipur,ASSAULT,2022,1,,,,crime_dataset_1,,
Mumbai,KIDNAPPING,2022,1,,,,crime_dataset_1,,
Delhi,KIDNAPPING,2022,1,,,,crime_dataset_1,,
Chennai,SEXUAL ASSAULT,2022,1,,,,crime_dataset_1,,
Faridabad,KIDNAPPING,2022,1,,,,crime_dataset_1,,
Vasai,SEXUAL ASSAULT,2022,1,,,,crime_dataset_1,,
Ahmedabad,ASSAULT,2022,1,,,,crime_dataset_1,,
Bangalore,ASSAULT,2022,1,,,,crime_dataset_1,,
Bangalore,ASSAULT,2022,1,,,,crime_dataset_1,,
Bangalore,KIDNAPPING,2022,1,,,,crime_dataset_1,,
Patna,SEXUAL ASSAULT,2022,1,,,,crime_dataset_1,,
Delhi,KIDNAPPING,2022,1,,,,crime_dataset_1,,
Varanasi,KIDNAPPING,2022,1,,,,crime_dataset_1,,
Jaipur,ASSAULT,2022,1,,,,crime_dataset_1,,
Patna,SEXUAL ASSAULT,2022,1,,,,crime_dataset_1,,
Surat,ASSAULT,2022,1,,,,crime_dataset_1,,
Kanpur,ASSAULT,2022,1,,,,crime_dataset_1,,
Hyderabad,KIDNAPPING,2022,1,,,,crime_dataset_1,,
Kanpur,ASSAULT,2022,1,,,,crime_dataset_1,,
Kolkata,SEXUAL ASSAULT,2022,1,,,,crime_dataset_1,,
Ahmedabad,ASSAULT,2022,1,,,,crime_dataset_1,,
Kolkata,KIDNAPPING,2022,1,,,,crime_dataset_1,,
Mumbai,ASSAULT,2022,1,,,,crime_dataset_1,,
Agra,SEXUAL ASSAULT,2022,1,,,,crime_dataset_1,,
Pune,KIDNAPPING,2022,1,,,,crime_dataset_1,,
Mumbai,SEXUAL ASSAULT,2022,1,,,,crime_dataset_1,,
Faridabad,ASSAULT,2022,1,,,,crime_dataset_1,,
Vasai,ASSAULT,2022,1,,,,crime_dataset_1,,
Nagpur,KIDNAPPING,2022,1,,,,crime_dataset_1,,
Mumbai,SEXUAL ASSAULT,2022,1,,,,crime_dataset_1,,
Delhi,KIDNAPPING,2022,1,,,,crime_dataset_1,,
Nagpur,SEXUAL ASSAULT,2022,1,,,,crime_dataset_1,,
Ghaziabad,ASSAULT,2022,1,,,,crime_dataset_1,,
Kolkata,KIDNAPPING,2022,1,,,,crime_dataset_1,,
Chennai,KIDNAPPING,2022,1,,,,crime_dataset_1,,
Chennai,ASSAULT,2022,1,,,,crime_dataset_1,,
Delhi,ASSAULT,2022,1,,,,crime_dataset_1,,
Delhi,KIDNAPPING,2022,1,,,,crime_dataset_1,,
Delhi,ASSAULT,2022,1,,,,crime_dataset_1,,
Mumbai,SEXUAL ASSAULT,2022,1,,,,crime_dataset_1,,
Ahmedabad,SEXUAL ASSAULT,2022,1,,,,crime_dataset_1,,
Delhi,ASSAULT,2022,1,,,,crime_dataset_1,,
Hyderabad,KIDNAPPING,2022,1,,,,crime_dataset_1,,
Kolkata,ASSAULT,2022,1,,,,crime_dataset_1,,
Kanpur,KIDNAPPING,2022,1,,,,crime_dataset_1,,
Mumbai,KIDNAPPING,2022,1,,,,crime_dataset_1,,
Kolkata,SEXUAL ASSAULT,2022,1,,,,crime_dataset_1,,
Bangalore,ASSAULT,2022,1,,,,crime_dataset_1,,
Agra,ASSAULT,2022,1,,,,crime_dataset_1,,
Chennai,KIDNAPPING,2022,1,,,,crime_dataset_1,,
Delhi,ASSAULT,2022,1,,,,crime_dataset_1,,
Kalyan,ASSAULT,2022,1,,,,crime_dataset_1,,
Bangalore,SEXUAL ASSAULT,2022,1,,,,crime_dataset_1,,
Ahmedabad,KIDNAPPING,2022,1,,,,crime_dataset_1,,
Lucknow,KIDNAPPING,2022,1,,,,crime_dataset_1,,
Hyderabad,KIDNAPPING,2022,1,,,,crime_dataset_1,,
Jaipur,SEXUAL ASSAULT,2022,1,,,,crime_dataset_1,,
Jaipur,SEXUAL ASSAULT,2022,1,,,,crime_dataset_1,,
Nashik,KIDNAPPING,2022,1,,,,crime_dataset_1,,
Vasai,KIDNAPPING,2022,1,,,,crime_dataset_1,,
Delhi,ASSAULT,2022,1,,,,crime_dataset_1,,
Bangalore,ASSAULT,2022,1,,,,crime_dataset_1,,
Chennai,ASSAULT,2022,1,,,,crime_dataset_1,,
Hyderabad,ASSAULT,2022,1,,,,crime_dataset_1,,
Bangalore,KIDNAPPING,2022,1,,,,crime_dataset_1,,
Mumbai,SEXUAL ASSAULT,2022,1,,,,crime_dataset_1,,
Thane,SEXUAL ASSAULT,2022,1,,,,crime_dataset_1,,
Nagpur,ASSAULT,2022,1,,,,crime_dataset_1,,
Bangalore,SEXUAL ASSAULT,2022,1,,,,crime_dataset_1,,
Bangalore,ASSAULT,2022,1,,,,crime_dataset_1,,
Bangalore,KIDNAPPING,2022,1,,,,crime_dataset_1,,
Mumbai,ASSAULT,2022,1,,,,crime_dataset_1,,
Ahmedabad,SEXUAL ASSAULT,2022,1,,,,crime_dataset_1,,
Nagpur,KIDNAPPING,2022,1,,,,crime_dataset_1,,
Ahmedabad,KIDNAPPING,2022,1,,,,crime_dataset_1,,
Hyderabad,ASSAULT,2022,1,,,,crime_dataset_1,,
Delhi,SEXUAL ASSAULT,2022,1,,,,crime_dataset_1,,
Thane,KIDNAPPING,2022,1,,,,crime_dataset_1,,
Ludhiana,SEXUAL ASSAULT,2022,1,,,,crime_dataset_1,,
Ahmedabad,ASSAULT,2022,1,,,,crime_dataset_1,,
Delhi,ASSAULT,2022,1,,,,crime_dataset_1,,
Delhi,ASSAULT,2022,1,,,,crime_dataset_1,,
Kanpur,ASSAULT,2022,1,,,,crime_dataset_1,,
Bangalore,ASSAULT,2022,1,,,,crime_dataset_1,,
Mumbai,ASSAULT,2022,1,,,,crime_dataset_1,,
Meerut,KIDNAPPING,2022,1,,,,crime_dataset_1,,
Kalyan,KIDNAPPING,2022,1,,,,crime_dataset_1,,
Kolkata,SEXUAL ASSAULT,2022,1,,,,crime_dataset_1,,
Lucknow,SEXUAL ASSAULT,2022,1,,,,crime_dataset_1,,
Nagpur,SEXUAL ASSAULT,2022,1,,,,crime_dataset_1,,
Chennai,SEXUAL ASSAULT,2022,1,,,,crime_dataset_1,,
Pune,SEXUAL ASSAULT,2022,1,,,,crime_dataset_1,,
Mumbai,SEXUAL ASSAULT,2022,1,,,,crime_dataset_1,,
Hyderabad,SEXUAL ASSAULT,2022,1,,,,crime_dataset_1,,
Mumbai,KIDNAPPING,2022,1,,,,crime_dataset_1,,
Bangalore,ASSAULT,2022,1,,,,crime_dataset_1,,
Ahmedabad,SEXUAL ASSAULT,2022,1,,,,crime_dataset_1,,
Jaipur,SEXUAL ASSAULT,2022,1,,,,crime_dataset_1,,
Hyderabad,ASSAULT,2022,1,,,,crime_dataset_1,,
Visakhapatnam,KIDNAPPING,2022,1,,,,crime_dataset_1,,
Chennai,KIDNAPPING,2022,1,,,,crime_dataset_1,,
Chennai,SEXUAL ASSAULT,2022,1,,,,crime_dataset_1,,
Hyderabad,ASSAULT,2022,1,,,,crime_dataset_1,,
Delhi,SEXUAL ASSAULT,2022,1,,,,crime_dataset_1,,
Bhopal,SEXUAL ASSAULT,2022,1,,,,crime_dataset_1,,
Delhi,KIDNAPPING,2022,1,,,,crime_dataset_1,,
Kanpur,SEXUAL ASSAULT,2022,1,,,,crime_dataset_1,,
Mumbai,SEXUAL ASSAULT,2022,1,,,,crime_dataset_1,,
Jaipur,KIDNAPPING,2022,1,,,,crime_dataset_1,,
Mumbai,ASSAULT,2022,1,,,,crime_dataset_1,,
Kolkata,SEXUAL ASSAULT,2022,1,,,,crime_dataset_1,,
Kolkata,KIDNAPPING,2022,1,,,,crime_dataset_1,,
Hyderabad,ASSAULT,2022,1,,,,crime_dataset_1,,
Kolkata,ASSAULT,2022,1,,,,crime_dataset_1,,
Jaipur,SEXUAL ASSAULT,2022,1,,,,crime_dataset_1,,
Bangalore,KIDNAPPING,2022,1,,,,crime_dataset_1,,
Hyderabad,ASSAULT,2022,1,,,,crime_dataset_1,,
Delhi,ASSAULT,2022,1,,,,crime_dataset_1,,
Rajkot,KIDNAPPING,2022,1,,,,crime_dataset_1,,
Patna,SEXUAL ASSAULT,2022,1,,,,crime_dataset_1,,
Chennai,KIDNAPPING,2022,1,,,,crime_dataset_1,,
Jaipur,ASSAULT,2022,1,,,,crime_dataset_1,,
Ahmedabad,SEXUAL ASSAULT,2022,1,,,,crime_dataset_1,,
Ahmedabad,ASSAULT,2022,1,,,,crime_dataset_1,,
Kanpur,KIDNAPPING,2022,1,,,,crime_dataset_1,,
Mumbai,KIDNAPPING,2022,1,,,,crime_dataset_1,,
Ahmedabad,SEXUAL ASSAULT,2022,1,,,,crime_dataset_1,,
Bangalore,SEXUAL ASSAULT,2022,1,,,,crime_dataset_1,,
Meerut,SEXUAL ASSAULT,2022,1,,,,crime_dataset_1,,
Kolkata,KIDNAPPING,2022,1,,,,crime_dataset_1,,
Kanpur,KIDNAPPING,2022,1,,,,crime_dataset_1,,
Hyderabad,SEXUAL ASSAULT,2022,1,,,,crime_dataset_1,,
Jaipur,ASSAULT,2022,1,,,,crime_dataset_1,,
Ahmedabad,SEXUAL ASSAULT,2022,1,,,,crime_dataset_1,,
Lucknow,SEXUAL ASSAULT,2022,1,,,,crime_dataset_1,,
Delhi,KIDNAPPING,2022,1,,,,crime_dataset_1,,
Mumbai,SEXUAL ASSAULT,2022,1,,,,crime_dataset_1,,
Kolkata,KIDNAPPING,2022,1,,,,crime_dataset_1,,
Kolkata,SEXUAL ASSAULT,2022,1,,,,crime_dataset_1,,
Surat,SEXUAL ASSAULT,2022,1,,,,crime_dataset_1,,
Chennai,SEXUAL ASSAULT,2022,1,,,,crime_dataset_1,,
Indore,ASSAULT,2022,1,,,,crime_dataset_1,,
Nagpur,SEXUAL ASSAULT,2022,1,,,,crime_dataset_1,,
Thane,SEXUAL ASSAULT,2022,1,,,,crime_dataset_1,,
Agra,KIDNAPPING,2022,1,,,,crime_dataset_1,,
Mumbai,ASSAULT,2022,1,,,,crime_dataset_1,,
Pune,ASSAULT,2022,1,,,,crime_dataset_1,,
Indore,ASSAULT,2022,1,,,,crime_dataset_1,,
Chennai,SEXUAL ASSAULT,2022,1,,,,crime_dataset_1,,
Delhi,SEXUAL ASSAULT,2022,1,,,,crime_dataset_1,,
Kolkata,SEXUAL ASSAULT,2022,1,,,,crime_dataset_1,,
Bangalore,SEXUAL ASSAULT,2022,1,,,,crime_dataset_1,,
Mumbai,KIDNAPPING,2022,1,,,,crime_dataset_1,,
Hyderabad,SEXUAL ASSAULT,2022,1,,,,crime_dataset_1,,
Kanpur,KIDNAPPING,2022,1,,,,crime_dataset_1,,
Nashik,ASSAULT,2022,1,,,,crime_dataset_1,,
Visakhapatnam,KIDNAPPING,2022,1,,,,crime_dataset_1,,
Delhi,ASSAULT,2022,1,,,,crime_dataset_1,,
Nagpur,SEXUAL ASSAULT,2022,1,,,,crime_dataset_1,,
Jaipur,SEXUAL ASSAULT,2022,1,,,,crime_dataset_1,,
Delhi,SEXUAL ASSAULT,2022,1,,,,crime_dataset_1,,
Bangalore,KIDNAPPING,2022,1,,,,crime_dataset_1,,
Bangalore,KIDNAPPING,2022,1,,,,crime_dataset_1,,
Mumbai,ASSAULT,2022,1,,,,crime_dataset_1,,
Pune,KIDNAPPING,2022,1,,,,crime_dataset_1,,
Visakhapatnam,SEXUAL ASSAULT,2022,1,,,,crime_dataset_1,,
Mumbai,SEXUAL ASSAULT,2022,1,,,,crime_dataset_1,,
Lucknow,SEXUAL ASSAULT,2022,1,,,,crime_dataset_1,,
Bangalore,KIDNAPPING,2022,1,,,,crime_dataset_1,,
Surat,KIDNAPPING,2022,1,,,,crime_dataset_1,,
Kolkata,SEXUAL ASSAULT,2022,1,,,,crime_dataset_1,,
Hyderabad,KIDNAPPING,2022,1,,,,crime_dataset_1,,
Bhopal,KIDNAPPING,2022,1,,,,crime_dataset_1,,
Bangalore,ASSAULT,2022,1,,,,crime_dataset_1,,
Kanpur,SEXUAL ASSAULT,2022,1,,,,crime_dataset_1,,
Delhi,SEXUAL ASSAULT,2022,1,,,,crime_dataset_1,,
Agra,ASSAULT,2022,1,,,,crime_dataset_1,,
Delhi,SEXUAL ASSAULT,2022,1,,,,crime_dataset_1,,
Bhopal,ASSAULT,2022,1,,,,crime_dataset_1,,
Vasai,SEXUAL ASSAULT,2022,1,,,,crime_dataset_1,,
Delhi,SEXUAL ASSAULT,2022,1,,,,crime_dataset_1,,
Delhi,SEXUAL ASSAULT,2022,1,,,,crime_dataset_1,,
Indore,ASSAULT,2022,1,,,,crime_dataset_1,,
Bangalore,ASSAULT,2022,1,,,,crime_dataset_1,,
Nagpur,SEXUAL ASSAULT,2022,1,,,,crime_dataset_1,,
Bangalore,KIDNAPPING,2022,1,,,,crime_dataset_1,,
Kolkata,ASSAULT,2022,1,,,,crime_dataset_1,,
Nashik,ASSAULT,2022,1,,,,crime_dataset_1,,
Lucknow,SEXUAL ASSAULT,2022,1,,,,crime_dataset_1,,
Hyderabad,SEXUAL ASSAULT,2022,1,,,,crime_dataset_1,,
Kolkata,KIDNAPPING,2022,1,,,,crime_dataset_1,,
Mumbai,SEXUAL ASSAULT,2022,1,,,,crime_dataset_1,,
Kanpur,ASSAULT,2022,1,,,,crime_dataset_1,,
Ahmedabad,ASSAULT,2022,1,,,,crime_dataset_1,,
Ahmedabad,SEXUAL ASSAULT,2022,1,,,,crime_dataset_1,,
Nagpur,KIDNAPPING,2022,1,,,,crime_dataset_1,,
Thane,KIDNAPPING,2022,1,,,,crime_dataset_1,,
Jaipur,KIDNAPPING,2022,1,,,,crime_dataset_1,,
Patna,KIDNAPPING,2022,1,,,,crime_dataset_1,,
Pune,ASSAULT,2022,1,,,,crime_dataset_1,,
Mumbai,SEXUAL ASSAULT,2022,1,,,,crime_dataset_1,,
Hyderabad,KIDNAPPING,2022,1,,,,crime_dataset_1,,
Nagpur,SEXUAL ASSAULT,2022,1,,,,crime_dataset_1,,
Hyderabad,ASSAULT,2022,1,,,,crime_dataset_1,,
Delhi,KIDNAPPING,2022,1,,,,crime_dataset_1,,
Varanasi,KIDNAPPING,2022,1,,,,crime_dataset_1,,
Pune,ASSAULT,2022,1,,,,crime_dataset_1,,
Mumbai,ASSAULT,2022,1,,,,crime_dataset_1,,
Mumbai,KIDNAPPING,2022,1,,,,crime_dataset_1,,
Kanpur,KIDNAPPING,2022,1,,,,crime_dataset_1,,
Surat,KIDNAPPING,2022,1,,,,crime_dataset_1,,
Ghaziabad,ASSAULT,2022,1,,,,crime_dataset_1,,
Bangalore,SEXUAL ASSAULT,2022,1,,,,crime_dataset_1,,
Bangalore,ASSAULT,2022,1,,,,crime_dataset_1,,
Kolkata,ASSAULT,2022,1,,,,crime_dataset_1,,
Chennai,KIDNAPPING,2022,1,,,,crime_dataset_1,,
Lucknow,ASSAULT,2022,1,,,,crime_dataset_1,,
Hyderabad,KIDNAPPING,2022,1,,,,crime_dataset_1,,
Thane,SEXUAL ASSAULT,2022,1,,,,crime_dataset_1,,
Kolkata,ASSAULT,2022,1,,,,crime_dataset_1,,
Kolkata,SEXUAL ASSAULT,2022,1,,,,crime_dataset_1,,
Ahmedabad,ASSAULT,2022,1,,,,crime_dataset_1,,
Visakhapatnam,SEXUAL ASSAULT,2022,1,,,,crime_dataset_1,,
Delhi,ASSAULT,2022,1,,,,crime_dataset_1,,
Hyderabad,KIDNAPPING,2022,1,,,,crime_dataset_1,,
Hyderabad,KIDNAPPING,2022,1,,,,crime_dataset_1,,
Delhi,KIDNAPPING,2022,1,,,,crime_dataset_1,,
Chennai,ASSAULT,2022,1,,,,crime_dataset_1,,
Bangalore,SEXUAL ASSAULT,2022,1,,,,crime_dataset_1,,
Ahmedabad,KIDNAPPING,2022,1,,,,crime_dataset_1,,
Visakhapatnam,SEXUAL ASSAULT,2022,1,,,,crime_dataset_1,,
Mumbai,KIDNAPPING,2022,1,,,,crime_dataset_1,,
Pune,ASSAULT,2022,1,,,,crime_dataset_1,,
Ghaziabad,KIDNAPPING,2022,1,,,,crime_dataset_1,,
Varanasi,ASSAULT,2022,1,,,,crime_dataset_1,,
Jaipur,SEXUAL ASSAULT,2022,1,,,,crime_dataset_1,,
Chennai,SEXUAL ASSAULT,2022,1,,,,crime_dataset_1,,
Delhi,ASSAULT,2022,1,,,,crime_dataset_1,,
Bangalore,KIDNAPPING,2022,1,,,,crime_dataset_1,,
Lucknow,KIDNAPPING,2022,1,,,,crime_dataset_1,,
Vasai,ASSAULT,2022,1,,,,crime_dataset_1,,
Bangalore,ASSAULT,2022,1,,,,crime_dataset_1,,
Ghaziabad,KIDNAPPING,2022,1,,,,crime_dataset_1,,
Meerut,SEXUAL ASSAULT,2022,1,,,,crime_dataset_1,,
Hyderabad,ASSAULT,2022,1,,,,crime_dataset_1,,
Mumbai,SEXUAL ASSAULT,2022,1,,,,crime_dataset_1,,
Pune,KIDNAPPING,2022,1,,,,crime_dataset_1,,
Bhopal,SEXUAL ASSAULT,2022,1,,,,crime_dataset_1,,
Nashik,SEXUAL ASSAULT,2022,1,,,,crime_dataset_1,,
Agra,SEXUAL ASSAULT,2022,1,,,,crime_dataset_1,,
Delhi,SEXUAL ASSAULT,2022,1,,,,crime_dataset_1,,
Mumbai,SEXUAL ASSAULT,2022,1,,,,crime_dataset_1,,
Mumbai,KIDNAPPING,2022,1,,,,crime_dataset_1,,
Nagpur,KIDNAPPING,2022,1,,,,crime_dataset_1,,
Patna,ASSAULT,2022,1,,,,crime_dataset_1,,
Surat,ASSAULT,2022,1,,,,crime_dataset_1,,
Indore,ASSAULT,2022,1,,,,crime_dataset_1,,
Kanpur,SEXUAL ASSAULT,2022,1,,,,crime_dataset_1,,
Kolkata,KIDNAPPING,2022,1,,,,crime_dataset_1,,
Meerut,SEXUAL ASSAULT,2022,1,,,,crime_dataset_1,,
Mumbai,SEXUAL ASSAULT,2022,1,,,,crime_dataset_1,,
Kolkata,SEXUAL ASSAULT,2022,1,,,,crime_dataset_1,,
Chennai,SEXUAL ASSAULT,2022,1,,,,crime_dataset_1,,
Mumbai,SEXUAL ASSAULT,2022,1,,,,crime_dataset_1,,
Delhi,SEXUAL ASSAULT,2022,1,,,,crime_dataset_1,,
Hyderabad,ASSAULT,2022,1,,,,crime_dataset_1,,
Lucknow,ASSAULT,2022,1,,,,crime_dataset_1,,
Mumbai,ASSAULT,2022,1,,,,crime_dataset_1,,
Bangalore,KIDNAPPING,2022,1,,,,crime_dataset_1,,
Nagpur,ASSAULT,2022,1,,,,crime_dataset_1,,
Delhi,KIDNAPPING,2022,1,,,,crime_dataset_1,,
Bangalore,KIDNAPPING,2022,1,,,,crime_dataset_1,,
Bangalore,ASSAULT,2022,1,,,,crime_dataset_1,,
Jaipur,KIDNAPPING,2022,1,,,,crime_dataset_1,,
Delhi,SEXUAL ASSAULT,2022,1,,,,crime_dataset_1,,
Hyderabad,KIDNAPPING,2022,1,,,,crime_dataset_1,,
Rajkot,KIDNAPPING,2022,1,,,,crime_dataset_1,,
Jaipur,SEXUAL ASSAULT,2022,1,,,,crime_dataset_1,,
Rajkot,ASSAULT,2022,1,,,,crime_dataset_1,,
Kolkata,SEXUAL ASSAULT,2022,1,,,,crime_dataset_1,,
Bangalore,ASSAULT,2022,1,,,,crime_dataset_1,,
Hyderabad,SEXUAL ASSAULT,2022,1,,,,crime_dataset_1,,
Thane,KIDNAPPING,2022,1,,,,crime_dataset_1,,
Bangalore,SEXUAL ASSAULT,2022,1,,,,crime_dataset_1,,
Pune,ASSAULT,2022,1,,,,crime_dataset_1,,
Pune,SEXUAL ASSAULT,2022,1,,,,crime_dataset_1,,
Delhi,KIDNAPPING,2022,1,,,,crime_dataset_1,,
Ghaziabad,SEXUAL ASSAULT,2022,1,,,,crime_dataset_1,,
Kolkata,KIDNAPPING,2022,1,,,,crime_dataset_1,,
Bhopal,ASSAULT,2022,1,,,,crime_dataset_1,,
Lucknow,KIDNAPPING,2022,1,,,,crime_dataset_1,,
Mumbai,KIDNAPPING,2022,1,,,,crime_dataset_1,,
Delhi,ASSAULT,2022,1,,,,crime_dataset_1,,
Hyderabad,KIDNAPPING,2022,1,,,,crime_dataset_1,,
Pune,ASSAULT,2022,1,,,,crime_dataset_1,,
Hyderabad,SEXUAL ASSAULT,2022,1,,,,crime_dataset_1,,
Delhi,SEXUAL ASSAULT,2022,1,,,,crime_dataset_1,,
Delhi,KIDNAPPING,2022,1,,,,crime_dataset_1,,
Surat,ASSAULT,2022,1,,,,crime_dataset_1,,
Hyderabad,SEXUAL ASSAULT,2022,1,,,,crime_dataset_1,,
Lucknow,SEXUAL ASSAULT,2022,1,,,,crime_dataset_1,,
Chennai,SEXUAL ASSAULT,2022,1,,,,crime_dataset_1,,
Patna,ASSAULT,2022,1,,,,crime_dataset_1,,
Ahmedabad,SEXUAL ASSAULT,2022,1,,,,crime_dataset_1,,
Kanpur,SEXUAL ASSAULT,2022,1,,,,crime_dataset_1,,
Pune,KIDNAPPING,2022,1,,,,crime_dataset_1,,
Delhi,SEXUAL ASSAULT,2022,1,,,,crime_dataset_1,,
Ghaziabad,KIDNAPPING,2022,1,,,,crime_dataset_1,,
Ghaziabad,SEXUAL ASSAULT,2022,1,,,,crime_dataset_1,,
Ahmedabad,ASSAULT,2022,1,,,,crime_dataset_1,,
Jaipur,SEXUAL ASSAULT,2022,1,,,,crime_dataset_1,,
Kolkata,KIDNAPPING,2022,1,,,,crime_dataset_1,,
Bangalore,SEXUAL ASSAULT,2022,1,,,,crime_dataset_1,,
Ghaziabad,SEXUAL ASSAULT,2022,1,,,,crime_dataset_1,,
Mumbai,SEXUAL ASSAULT,2022,1,,,,crime_dataset_1,,
Mumbai,SEXUAL ASSAULT,2022,1,,,,crime_dataset_1,,
Kolkata,KIDNAPPING,2022,1,,,,crime_dataset_1,,
Mumbai,SEXUAL ASSAULT,2022,1,,,,crime_dataset_1,,
Meerut,KIDNAPPING,2023,1,,,,crime_dataset_1,,
Kolkata,SEXUAL ASSAULT,2023,1,,,,crime_dataset_1,,
Agra,KIDNAPPING,2023,1,,,,crime_dataset_1,,
Ludhiana,SEXUAL ASSAULT,2023,1,,,,crime_dataset_1,,
Kolkata,SEXUAL ASSAULT,2023,1,,,,crime_dataset_1,,
Hyderabad,SEXUAL ASSAULT,2023,1,,,,crime_dataset_1,,
Delhi,KIDNAPPING,2023,1,,,,crime_dataset_1,,
Pune,SEXUAL ASSAULT,2023,1,,,,crime_dataset_1,,
Bhopal,KIDNAPPING,2023,1,,,,crime_dataset_1,,
Mumbai,KIDNAPPING,2023,1,,,,crime_dataset_1,,
Bangalore,KIDNAPPING,2023,1,,,,crime_dataset_1,,
Mumbai,SEXUAL ASSAULT,2023,1,,,,crime_dataset_1,,
Mumbai,SEXUAL ASSAULT,2023,1,,,,crime_dataset_1,,
Mumbai,SEXUAL ASSAULT,2023,1,,,,crime_dataset_1,,
Mumbai,ASSAULT,2023,1,,,,crime_dataset_1,,
Lucknow,KIDNAPPING,2023,1,,,,crime_dataset_1,,
Chennai,KIDNAPPING,2023,1,,,,crime_dataset_1,,
Bangalore,KIDNAPPING,2023,1,,,,crime_dataset_1,,
Agra,SEXUAL ASSAULT,2023,1,,,,crime_dataset_1,,
Pune,SEXUAL ASSAULT,2023,1,,,,crime_dataset_1,,
Hyderabad,ASSAULT,2023,1,,,,crime_dataset_1,,
Jaipur,KIDNAPPING,2023,1,,,,crime_dataset_1,,
Mumbai,SEXUAL ASSAULT,2023,1,,,,crime_dataset_1,,
Chennai,ASSAULT,2023,1,,,,crime_dataset_1,,
Nagpur,SEXUAL ASSAULT,2023,1,,,,crime_dataset_1,,
Ahmedabad,KIDNAPPING,2023,1,,,,crime_dataset_1,,
Bangalore,ASSAULT,2023,1,,,,crime_dataset_1,,
Thane,ASSAULT,2023,1,,,,crime_dataset_1,,
Kanpur,KIDNAPPING,2023,1,,,,crime_dataset_1,,
Bangalore,KIDNAPPING,2023,1,,,,crime_dataset_1,,
Chennai,KIDNAPPING,2023,1,,,,crime_dataset_1,,
Pune,KIDNAPPING,2023,1,,,,crime_dataset_1,,
Mumbai,ASSAULT,2023,1,,,,crime_dataset_1,,
Ludhiana,KIDNAPPING,2023,1,,,,crime_dataset_1,,
Nagpur,SEXUAL ASSAULT,2023,1,,,,crime_dataset_1,,
Chennai,KIDNAPPING,2023,1,,,,crime_dataset_1,,
Kolkata,KIDNAPPING,2023,1,,,,crime_dataset_1,,
Bhopal,KIDNAPPING,2023,1,,,,crime_dataset_1,,
Delhi,KIDNAPPING,2023,1,,,,crime_dataset_1,,
Hyderabad,SEXUAL ASSAULT,2023,1,,,,crime_dataset_1,,
Kolkata,ASSAULT,2023,1,,,,crime_dataset_1,,
Kolkata,KIDNAPPING,2023,1,,,,crime_dataset_1,,
Patna,ASSAULT,2023,1,,,,crime_dataset_1,,
Faridabad,KIDNAPPING,2023,1,,,,crime_dataset_1,,
Chennai,KIDNAPPING,2023,1,,,,crime_dataset_1,,
Hyderabad,KIDNAPPING,2023,1,,,,crime_dataset_1,,
Rajkot,KIDNAPPING,2023,1,,,,crime_dataset_1,,
Delhi,SEXUAL ASSAULT,2023,1,,,,crime_dataset_1,,
Agra,SEXUAL ASSAULT,2023,1,,,,crime_dataset_1,,
Bangalore,SEXUAL ASSAULT,2023,1,,,,crime_dataset_1,,
Chennai,KIDNAPPING,2023,1,,,,crime_dataset_1,,
Patna,SEXUAL ASSAULT,2023,1,,,,crime_dataset_1,,
Mumbai,KIDNAPPING,2023,1,,,,crime_dataset_1,,
Bangalore,KIDNAPPING,2023,1,,,,crime_dataset_1,,
Ghaziabad,ASSAULT,2023,1,,,,crime_dataset_1,,
Surat,KIDNAPPING,2023,1,,,,crime_dataset_1,,
Delhi,SEXUAL ASSAULT,2023,1,,,,crime_dataset_1,,
Mumbai,KIDNAPPING,2023,1,,,,crime_dataset_1,,
Bangalore,KIDNAPPING,2023,1,,,,crime_dataset_1,,
Vasai,KIDNAPPING,2023,1,,,,crime_dataset_1,,
Hyderabad,SEXUAL ASSAULT,2023,1,,,,crime_dataset_1,,
Mumbai,ASSAULT,2023,1,,,,crime_dataset_1,,
Ahmedabad,KIDNAPPING,2023,1,,,,crime_dataset_1,,
Mumbai,KIDNAPPING,2023,1,,,,crime_dataset_1,,
Nagpur,ASSAULT,2023,1,,,,crime_dataset_1,,
Mumbai,SEXUAL ASSAULT,2023,1,,,,crime_dataset_1,,
Bangalore,ASSAULT,2023,1,,,,crime_dataset_1,,
Ahmedabad,SEXUAL ASSAULT,2023,1,,,,crime_dataset_1,,
Mumbai,ASSAULT,2023,1,,,,crime_dataset_1,,
Delhi,KIDNAPPING,2023,1,,,,crime_dataset_1,,
Mumbai,KIDNAPPING,2023,1,,,,crime_dataset_1,,
Kalyan,KIDNAPPING,2023,1,,,,crime_dataset_1,,
Chennai,KIDNAPPING,2023,1,,,,crime_dataset_1,,
Mumbai,KIDNAPPING,2023,1,,,,crime_dataset_1,,
Hyderabad,ASSAULT,2023,1,,,,crime_dataset_1,,
Delhi,SEXUAL ASSAULT,2023,1,,,,crime_dataset_1,,
Hyderabad,ASSAULT,2023,1,,,,crime_dataset_1,,
Bangalore,SEXUAL ASSAULT,2023,1,,,,crime_dataset_1,,
Kanpur,ASSAULT,2023,1,,,,crime_dataset_1,,
Mumbai,SEXUAL ASSAULT,2023,1,,,,crime_dataset_1,,
Lucknow,KIDNAPPING,2023,1,,,,crime_dataset_1,,
Ahmedabad,SEXUAL ASSAULT,2023,1,,,,crime_dataset_1,,
Indore,SEXUAL ASSAULT,2023,1,,,,crime_dataset_1,,
Agra,KIDNAPPING,2023,1,,,,crime_dataset_1,,
Bhopal,KIDNAPPING,2023,1,,,,crime_dataset_1,,
Bhopal,KIDNAPPING,2023,1,,,,crime_dataset_1,,
Bangalore,ASSAULT,2023,1,,,,crime_dataset_1,,
Kolkata,ASSAULT,2023,1,,,,crime_dataset_1,,
Ahmedabad,ASSAULT,2023,1,,,,crime_dataset_1,,
Patna,ASSAULT,2023,1,,,,crime_dataset_1,,
Mumbai,KIDNAPPING,2023,1,,,,crime_dataset_1,,
Ludhiana,SEXUAL ASSAULT,2023,1,,,,crime_dataset_1,,
Mumbai,SEXUAL ASSAULT,2023,1,,,,crime_dataset_1,,
Delhi,SEXUAL ASSAULT,2023,1,,,,crime_dataset_1,,
Kolkata,SEXUAL ASSAULT,2023,1,,,,crime_dataset_1,,
Bangalore,KIDNAPPING,2023,1,,,,crime_dataset_1,,
Bangalore,ASSAULT,2023,1,,,,crime_dataset_1,,
Chennai,SEXUAL ASSAULT,2023,1,,,,crime_dataset_1,,
Kolkata,KIDNAPPING,2023,1,,,,crime_dataset_1,,
Faridabad,ASSAULT,2023,1,,,,crime_dataset_1,,
Ludhiana,SEXUAL ASSAULT,2023,1,,,,crime_dataset_1,,
Mumbai,KIDNAPPING,2023,1,,,,crime_dataset_1,,
Delhi,ASSAULT,2023,1,,,,crime_dataset_1,,
Patna,SEXUAL ASSAULT,2023,1,,,,crime_dataset_1,,
Kanpur,ASSAULT,2023,1,,,,crime_dataset_1,,
Kolkata,SEXUAL ASSAULT,2023,1,,,,crime_dataset_1,,
Agra,ASSAULT,2023,1,,,,crime_dataset_1,,
Bangalore,SEXUAL ASSAULT,2023,1,,,,crime_dataset_1,,
Kolkata,SEXUAL ASSAULT,2023,1,,,,crime_dataset_1,,
Bangalore,KIDNAPPING,2023,1,,,,crime_dataset_1,,
Hyderabad,KIDNAPPING,2023,1,,,,crime_dataset_1,,
Mumbai,SEXUAL ASSAULT,2023,1,,,,crime_dataset_1,,
Mumbai,ASSAULT,2023,1,,,,crime_dataset_1,,
Pune,SEXUAL ASSAULT,2023,1,,,,crime_dataset_1,,
Delhi,KIDNAPPING,2023,1,,,,crime_dataset_1,,
Nashik,KIDNAPPING,2023,1,,,,crime_dataset_1,,
Delhi,KIDNAPPING,2023,1,,,,crime_dataset_1,,
Mumbai,ASSAULT,2023,1,,,,crime_dataset_1,,
Mumbai,ASSAULT,2023,1,,,,crime_dataset_1,,
Nagpur,KIDNAPPING,2023,1,,,,crime_dataset_1,,
Kolkata,KIDNAPPING,2023,1,,,,crime_dataset_1,,
Kanpur,SEXUAL ASSAULT,2023,1,,,,crime_dataset_1,,
Ahmedabad,KIDNAPPING,2023,1,,,,crime_dataset_1,,
Kolkata,KIDNAPPING,2023,1,,,,crime_dataset_1,,
Hyderabad,ASSAULT,2023,1,,,,crime_dataset_1,,
Delhi,ASSAULT,2023,1,,,,crime_dataset_1,,
Ahmedabad,ASSAULT,2023,1,,,,crime_dataset_1,,
Kalyan,KIDNAPPING,2023,1,,,,crime_dataset_1,,
Bangalore,KIDNAPPING,2023,1,,,,crime_dataset_1,,
Mumbai,ASSAULT,2023,1,,,,crime_dataset_1,,
Kolkata,KIDNAPPING,2023,1,,,,crime_dataset_1,,
Chennai,SEXUAL ASSAULT,2023,1,,,,crime_dataset_1,,
Delhi,SEXUAL ASSAULT,2023,1,,,,crime_dataset_1,,
Mumbai,ASSAULT,2023,1,,,,crime_dataset_1,,
Ghaziabad,SEXUAL ASSAULT,2023,1,,,,crime_dataset_1,,
Delhi,SEXUAL ASSAULT,2023,1,,,,crime_dataset_1,,
Kalyan,ASSAULT,2023,1,,,,crime_dataset_1,,
Hyderabad,SEXUAL ASSAULT,2023,1,,,,crime_dataset_1,,
Meerut,KIDNAPPING,2023,1,,,,crime_dataset_1,,
Agra,ASSAULT,2023,1,,,,crime_dataset_1,,
Nashik,ASSAULT,2023,1,,,,crime_dataset_1,,
Delhi,ASSAULT,2023,1,,,,crime_dataset_1,,
Ghaziabad,SEXUAL ASSAULT,2023,1,,,,crime_dataset_1,,
Pune,SEXUAL ASSAULT,2023,1,,,,crime_dataset_1,,
Mumbai,ASSAULT,2023,1,,,,crime_dataset_1,,
Nagpur,ASSAULT,2023,1,,,,crime_dataset_1,,
Agra,SEXUAL ASSAULT,2023,1,,,,crime_dataset_1,,
Surat,ASSAULT,2023,1,,,,crime_dataset_1,,
Mumbai,SEXUAL ASSAULT,2023,1,,,,crime_dataset_1,,
Vasai,SEXUAL ASSAULT,2023,1,,,,crime_dataset_1,,
Rajkot,ASSAULT,2023,1,,,,crime_dataset_1,,
Chennai,KIDNAPPING,2023,1,,,,crime_dataset_1,,
Delhi,KIDNAPPING,2023,1,,,,crime_dataset_1,,
Ghaziabad,KIDNAPPING,2023,1,,,,crime_dataset_1,,
Rajkot,KIDNAPPING,2023,1,,,,crime_dataset_1,,
Patna,KIDNAPPING,2023,1,,,,crime_dataset_1,,
Thane,KIDNAPPING,2023,1,,,,crime_dataset_1,,
Lucknow,ASSAULT,2023,1,,,,crime_dataset_1,,
Jaipur,KIDNAPPING,2023,1,,,,crime_dataset_1,,
Srinagar,ASSAULT,2023,1,,,,crime_dataset_1,,
Delhi,KIDNAPPING,2023,1,,,,crime_dataset_1,,
Delhi,SEXUAL ASSAULT,2023,1,,,,crime_dataset_1,,
Lucknow,ASSAULT,2023,1,,,,crime_dataset_1,,
Ludhiana,KIDNAPPING,2023,1,,,,crime_dataset_1,,
Delhi,ASSAULT,2023,1,,,,crime_dataset_1,,
Ahmedabad,ASSAULT,2023,1,,,,crime_dataset_1,,
Hyderabad,SEXUAL ASSAULT,2023,1,,,,crime_dataset_1,,
Jaipur,SEXUAL ASSAULT,2023,1,,,,crime_dataset_1,,
Chennai,KIDNAPPING,2023,1,,,,crime_dataset_1,,
Nagpur,ASSAULT,2023,1,,,,crime_dataset_1,,
Indore,KIDNAPPING,2023,1,,,,crime_dataset_1,,
Bangalore,KIDNAPPING,2023,1,,,,crime_dataset_1,,
Delhi,KIDNAPPING,2023,1,,,,crime_dataset_1,,
Ahmedabad,SEXUAL ASSAULT,2023,1,,,,crime_dataset_1,,
Bangalore,SEXUAL ASSAULT,2023,1,,,,crime_dataset_1,,
Patna,KIDNAPPING,2023,1,,,,crime_dataset_1,,
Pune,SEXUAL ASSAULT,2023,1,,,,crime_dataset_1,,
Bangalore,ASSAULT,2023,1,,,,crime_dataset_1,,
Bangalore,ASSAULT,2023,1,,,,crime_dataset_1,,
Ahmedabad,ASSAULT,2023,1,,,,crime_dataset_1,,
Delhi,KIDNAPPING,2023,1,,,,crime_dataset_1,,
Faridabad,SEXUAL ASSAULT,2023,1,,,,crime_dataset_1,,
Lucknow,SEXUAL ASSAULT,2023,1,,,,crime_dataset_1,,
Mumbai,ASSAULT,2023,1,,,,crime_dataset_1,,
Mumbai,SEXUAL ASSAULT,2023,1,,,,crime_dataset_1,,
Bangalore,ASSAULT,2023,1,,,,crime_dataset_1,,
Delhi,SEXUAL ASSAULT,2023,1,,,,crime_dataset_1,,
Mumbai,ASSAULT,2023,1,,,,crime_dataset_1,,
Ahmedabad,ASSAULT,2023,1,,,,crime_dataset_1,,
Ahmedabad,ASSAULT,2023,1,,,,crime_dataset_1,,
Kolkata,SEXUAL ASSAULT,2023,1,,,,crime_dataset_1,,
Ahmedabad,SEXUAL ASSAULT,2023,1,,,,crime_dataset_1,,
Ahmedabad,ASSAULT,2023,1,,,,crime_dataset_1,,
Delhi,SEXUAL ASSAULT,2023,1,,,,crime_dataset_1,,
Delhi,ASSAULT,2023,1,,,,crime_dataset_1,,
Bangalore,KIDNAPPING,2023,1,,,,crime_dataset_1,,
Pune,KIDNAPPING,2023,1,,,,crime_dataset_1,,
Kolkata,ASSAULT,2023,1,,,,crime_dataset_1,,
Bangalore,SEXUAL ASSAULT,2023,1,,,,crime_dataset_1,,
Pune,KIDNAPPING,2023,1,,,,crime_dataset_1,,
Bangalore,ASSAULT,2023,1,,,,crime_dataset_1,,
Jaipur,ASSAULT,2023,1,,,,crime_dataset_1,,
Mumbai,ASSAULT,2023,1,,,,crime_dataset_1,,
Mumbai,KIDNAPPING,2023,1,,,,crime_dataset_1,,
Bangalore,SEXUAL ASSAULT,2023,1,,,,crime_dataset_1,,
Meerut,ASSAULT,2023,1,,,,crime_dataset_1,,
Bhopal,KIDNAPPING,2023,1,,,,crime_dataset_1,,
Surat,SEXUAL ASSAULT,2023,1,,,,crime_dataset_1,,
Bhopal,SEXUAL ASSAULT,2023,1,,,,crime_dataset_1,,
Agra,ASSAULT,2023,1,,,,crime_dataset_1,,
Thane,KIDNAPPING,2023,1,,,,crime_dataset_1,,
Kanpur,SEXUAL ASSAULT,2023,1,,,,crime_dataset_1,,
Mumbai,ASSAULT,2023,1,,,,crime_dataset_1,,
Ghaziabad,ASSAULT,2023,1,,,,crime_dataset_1,,
Agra,KIDNAPPING,2023,1,,,,crime_dataset_1,,
Mumbai,SEXUAL ASSAULT,2023,1,,,,crime_dataset_1,,
Ahmedabad,ASSAULT,2023,1,,,,crime_dataset_1,,
Nagpur,KIDNAPPING,2023,1,,,,crime_dataset_1,,
Delhi,KIDNAPPING,2023,1,,,,crime_dataset_1,,
Nashik,SEXUAL ASSAULT,2023,1,,,,crime_dataset_1,,
Mumbai,SEXUAL ASSAULT,2023,1,,,,crime_dataset_1,,
Delhi,ASSAULT,2023,1,,,,crime_dataset_1,,
Bangalore,SEXUAL ASSAULT,2023,1,,,,crime_dataset_1,,
Hyderabad,SEXUAL ASSAULT,2023,1,,,,crime_dataset_1,,
Thane,ASSAULT,2023,1,,,,crime_dataset_1,,
Surat,SEXUAL ASSAULT,2023,1,,,,crime_dataset_1,,
Nashik,SEXUAL ASSAULT,2023,1,,,,crime_dataset_1,,
Ludhiana,ASSAULT,2023,1,,,,crime_dataset_1,,
Delhi,SEXUAL ASSAULT,2023,1,,,,crime_dataset_1,,
Kanpur,SEXUAL ASSAULT,2023,1,,,,crime_dataset_1,,
Ludhiana,SEXUAL ASSAULT,2023,1,,,,crime_dataset_1,,
Ghaziabad,SEXUAL ASSAULT,2023,1,,,,crime_dataset_1,,
Vasai,ASSAULT,2023,1,,,,crime_dataset_1,,
Bangalore,ASSAULT,2023,1,,,,crime_dataset_1,,
Ahmedabad,ASSAULT,2023,1,,,,crime_dataset_1,,
Bhopal,KIDNAPPING,2023,1,,,,crime_dataset_1,,
Pune,ASSAULT,2023,1,,,,crime_dataset_1,,
Agra,ASSAULT,2023,1,,,,crime_dataset_1,,
Pune,ASSAULT,2023,1,,,,crime_dataset_1,,
Mumbai,SEXUAL ASSAULT,2023,1,,,,crime_dataset_1,,
Lucknow,SEXUAL ASSAULT,2023,1,,,,crime_dataset_1,,
Lucknow,SEXUAL ASSAULT,2023,1,,,,crime_dataset_1,,
Mumbai,KIDNAPPING,2023,1,,,,crime_dataset_1,,
Ludhiana,SEXUAL ASSAULT,2023,1,,,,crime_dataset_1,,
Bangalore,ASSAULT,2023,1,,,,crime_dataset_1,,
Mumbai,KIDNAPPING,2023,1,,,,crime_dataset_1,,
Surat,SEXUAL ASSAULT,2023,1,,,,crime_dataset_1,,
Agra,KIDNAPPING,2023,1,,,,crime_dataset_1,,
Mumbai,SEXUAL ASSAULT,2023,1,,,,crime_dataset_1,,
Patna,KIDNAPPING,2023,1,,,,crime_dataset_1,,
Delhi,SEXUAL ASSAULT,2023,1,,,,crime_dataset_1,,
Faridabad,ASSAULT,2023,1,,,,crime_dataset_1,,
Mumbai,SEXUAL ASSAULT,2023,1,,,,crime_dataset_1,,
Ludhiana,ASSAULT,2023,1,,,,crime_dataset_1,,
Hyderabad,KIDNAPPING,2023,1,,,,crime_dataset_1,,
Ahmedabad,ASSAULT,2023,1,,,,crime_dataset_1,,
Delhi,KIDNAPPING,2023,1,,,,crime_dataset_1,,
Pune,SEXUAL ASSAULT,2023,1,,,,crime_dataset_1,,
Delhi,SEXUAL ASSAULT,2023,1,,,,crime_dataset_1,,
Delhi,ASSAULT,2023,1,,,,crime_dataset_1,,
Delhi,SEXUAL ASSAULT,2023,1,,,,crime_dataset_1,,
Surat,ASSAULT,2023,1,,,,crime_dataset_1,,
Hyderabad,SEXUAL ASSAULT,2023,1,,,,crime_dataset_1,,
Kolkata,ASSAULT,2023,1,,,,crime_dataset_1,,
Hyderabad,KIDNAPPING,2023,1,,,,crime_dataset_1,,
Lucknow,SEXUAL ASSAULT,2023,1,,,,crime_dataset_1,,
Jaipur,ASSAULT,2023,1,,,,crime_dataset_1,,
Mumbai,ASSAULT,2023,1,,,,crime_dataset_1,,
Mumbai,KIDNAPPING,2023,1,,,,crime_dataset_1,,
Kanpur,KIDNAPPING,2023,1,,,,crime_dataset_1,,
Chennai,KIDNAPPING,2023,1,,,,crime_dataset_1,,
Surat,ASSAULT,2023,1,,,,crime_dataset_1,,
Kalyan,SEXUAL ASSAULT,2023,1,,,,crime_dataset_1,,
Hyderabad,KIDNAPPING,2023,1,,,,crime_dataset_1,,
Chennai,KIDNAPPING,2023,1,,,,crime_dataset_1,,
Agra,ASSAULT,2023,1,,,,crime_dataset_1,,
Mumbai,KIDNAPPING,2023,1,,,,crime_dataset_1,,
Meerut,ASSAULT,2023,1,,,,crime_dataset_1,,
Chennai,KIDNAPPING,2023,1,,,,crime_dataset_1,,
Delhi,ASSAULT,2023,1,,,,crime_dataset_1,,
Agra,SEXUAL ASSAULT,2023,1,,,,crime_dataset_1,,
Ahmedabad,ASSAULT,2023,1,,,,crime_dataset_1,,
Mumbai,KIDNAPPING,2023,1,,,,crime_dataset_1,,
Lucknow,KIDNAPPING,2023,1,,,,crime_dataset_1,,
Ahmedabad,ASSAULT,2023,1,,,,crime_dataset_1,,
Bhopal,KIDNAPPING,2023,1,,,,crime_dataset_1,,
Bangalore,ASSAULT,2023,1,,,,crime_dataset_1,,
Kolkata,ASSAULT,2023,1,,,,crime_dataset_1,,
Nagpur,SEXUAL ASSAULT,2023,1,,,,crime_dataset_1,,
Chennai,SEXUAL ASSAULT,2023,1,,,,crime_dataset_1,,
Bangalore,ASSAULT,2023,1,,,,crime_dataset_1,,
Lucknow,KIDNAPPING,2023,1,,,,crime_dataset_1,,
Kolkata,SEXUAL ASSAULT,2023,1,,,,crime_dataset_1,,
Nagpur,SEXUAL ASSAULT,2023,1,,,,crime_dataset_1,,
Visakhapatnam,SEXUAL ASSAULT,2023,1,,,,crime_dataset_1,,
Hyderabad,ASSAULT,2023,1,,,,crime_dataset_1,,
Thane,KIDNAPPING,2023,1,,,,crime_dataset_1,,
Chennai,ASSAULT,2023,1,,,,crime_dataset_1,,
Agra,SEXUAL ASSAULT,2023,1,,,,crime_dataset_1,,
Visakhapatnam,KIDNAPPING,2023,1,,,,crime_dataset_1,,
Surat,SEXUAL ASSAULT,2023,1,,,,crime_dataset_1,,
Mumbai,KIDNAPPING,2023,1,,,,crime_dataset_1,,
Chennai,KIDNAPPING,2023,1,,,,crime_dataset_1,,
Agra,KIDNAPPING,2023,1,,,,crime_dataset_1,,
Vasai,KIDNAPPING,2023,1,,,,crime_dataset_1,,
Delhi,KIDNAPPING,2023,1,,,,crime_dataset_1,,
Agra,ASSAULT,2023,1,,,,crime_dataset_1,,
Rajkot,ASSAULT,2023,1,,,,crime_dataset_1,,
Kolkata,SEXUAL ASSAULT,2023,1,,,,crime_dataset_1,,
Jaipur,ASSAULT,2023,1,,,,crime_dataset_1,,
Hyderabad,ASSAULT,2023,1,,,,crime_dataset_1,,
Delhi,ASSAULT,2023,1,,,,crime_dataset_1,,
Ghaziabad,SEXUAL ASSAULT,2023,1,,,,crime_dataset_1,,
Kolkata,KIDNAPPING,2023,1,,,,crime_dataset_1,,
Delhi,ASSAULT,2023,1,,,,crime_dataset_1,,
Kanpur,SEXUAL ASSAULT,2023,1,,,,crime_dataset_1,,
Bangalore,SEXUAL ASSAULT,2023,1,,,,crime_dataset_1,,
Delhi,SEXUAL ASSAULT,2023,1,,,,crime_dataset_1,,
Pune,ASSAULT,2023,1,,,,crime_dataset_1,,
Bangalore,KIDNAPPING,2023,1,,,,crime_dataset_1,,
Surat,ASSAULT,2023,1,,,,crime_dataset_1,,
Bangalore,ASSAULT,2023,1,,,,crime_dataset_1,,
Delhi,SEXUAL ASSAULT,2023,1,,,,crime_dataset_1,,
Mumbai,ASSAULT,2023,1,,,,crime_dataset_1,,
Delhi,SEXUAL ASSAULT,2023,1,,,,crime_dataset_1,,
Kolkata,ASSAULT,2023,1,,,,crime_dataset_1,,
Visakhapatnam,KIDNAPPING,2023,1,,,,crime_dataset_1,,
Agra,KIDNAPPING,2023,1,,,,crime_dataset_1,,
Chennai,ASSAULT,2023,1,,,,crime_dataset_1,,
Mumbai,KIDNAPPING,2023,1,,,,crime_dataset_1,,
Chennai,SEXUAL ASSAULT,2023,1,,,,crime_dataset_1,,
Lucknow,KIDNAPPING,2023,1,,,,crime_dataset_1,,
Mumbai,ASSAULT,2023,1,,,,crime_dataset_1,,
Pune,SEXUAL ASSAULT,2023,1,,,,crime_dataset_1,,
Bangalore,ASSAULT,2023,1,,,,crime_dataset_1,,
Delhi,ASSAULT,2023,1,,,,crime_dataset_1,,
Hyderabad,KIDNAPPING,2023,1,,,,crime_dataset_1,,
Visakhapatnam,ASSAULT,2023,1,,,,crime_dataset_1,,
Bhopal,ASSAULT,2023,1,,,,crime_dataset_1,,
Lucknow,ASSAULT,2023,1,,,,crime_dataset_1,,
Mumbai,SEXUAL ASSAULT,2023,1,,,,crime_dataset_1,,
Delhi,ASSAULT,2023,1,,,,crime_dataset_1,,
Lucknow,KIDNAPPING,2023,1,,,,crime_dataset_1,,
Bangalore,SEXUAL ASSAULT,2023,1,,,,crime_dataset_1,,
Indore,SEXUAL ASSAULT,2023,1,,,,crime_dataset_1,,
Pune,ASSAULT,2023,1,,,,crime_dataset_1,,
Patna,SEXUAL ASSAULT,2023,1,,,,crime_dataset_1,,
Bangalore,SEXUAL ASSAULT,2023,1,,,,crime_dataset_1,,
Indore,KIDNAPPING,2023,1,,,,crime_dataset_1,,
Kolkata,SEXUAL ASSAULT,2023,1,,,,crime_dataset_1,,
Ahmedabad,ASSAULT,2023,1,,,,crime_dataset_1,,
Mumbai,ASSAULT,2023,1,,,,crime_dataset_1,,
Chennai,SEXUAL ASSAULT,2023,1,,,,crime_dataset_1,,
Hyderabad,KIDNAPPING,2023,1,,,,crime_dataset_1,,
Ahmedabad,SEXUAL ASSAULT,2023,1,,,,crime_dataset_1,,
Mumbai,KIDNAPPING,2023,1,,,,crime_dataset_1,,
Bhopal,KIDNAPPING,2023,1,,,,crime_dataset_1,,
Mumbai,KIDNAPPING,2023,1,,,,crime_dataset_1,,
Visakhapatnam,SEXUAL ASSAULT,2023,1,,,,crime_dataset_1,,
Ludhiana,SEXUAL ASSAULT,2023,1,,,,crime_dataset_1,,
Kolkata,ASSAULT,2023,1,,,,crime_dataset_1,,
Kanpur,KIDNAPPING,2023,1,,,,crime_dataset_1,,
Chennai,KIDNAPPING,2023,1,,,,crime_dataset_1,,
Kanpur,KIDNAPPING,2023,1,,,,crime_dataset_1,,
Bangalore,ASSAULT,2023,1,,,,crime_dataset_1,,
Chennai,SEXUAL ASSAULT,2023,1,,,,crime_dataset_1,,
Bangalore,ASSAULT,2023,1,,,,crime_dataset_1,,
Chennai,SEXUAL ASSAULT,2023,1,,,,crime_dataset_1,,
Delhi,SEXUAL ASSAULT,2023,1,,,,crime_dataset_1,,
Jaipur,KIDNAPPING,2023,1,,,,crime_dataset_1,,
Kolkata,SEXUAL ASSAULT,2023,1,,,,crime_dataset_1,,
Mumbai,ASSAULT,2023,1,,,,crime_dataset_1,,
Jaipur,ASSAULT,2023,1,,,,crime_dataset_1,,
Mumbai,ASSAULT,2023,1,,,,crime_dataset_1,,
Surat,SEXUAL ASSAULT,2023,1,,,,crime_dataset_1,,
Jaipur,ASSAULT,2023,1,,,,crime_dataset_1,,
Kanpur,SEXUAL ASSAULT,2023,1,,,,crime_dataset_1,,
Kolkata,ASSAULT,2023,1,,,,crime_dataset_1,,
Visakhapatnam,ASSAULT,2023,1,,,,crime_dataset_1,,
Pune,SEXUAL ASSAULT,2023,1,,,,crime_dataset_1,,
Mumbai,SEXUAL ASSAULT,2023,1,,,,crime_dataset_1,,
Indore,SEXUAL ASSAULT,2023,1,,,,crime_dataset_1,,
Patna,SEXUAL ASSAULT,2023,1,,,,crime_dataset_1,,
Hyderabad,SEXUAL ASSAULT,2023,1,,,,crime_dataset_1,,
Chennai,SEXUAL ASSAULT,2023,1,,,,crime_dataset_1,,
Bangalore,SEXUAL ASSAULT,2023,1,,,,crime_dataset_1,,
Kolkata,KIDNAPPING,2023,1,,,,crime_dataset_1,,
Lucknow,SEXUAL ASSAULT,2023,1,,,,crime_dataset_1,,
Mumbai,SEXUAL ASSAULT,2023,1,,,,crime_dataset_1,,
Delhi,SEXUAL ASSAULT,2023,1,,,,crime_dataset_1,,
Lucknow,SEXUAL ASSAULT,2023,1,,,,crime_dataset_1,,
Ahmedabad,ASSAULT,2023,1,,,,crime_dataset_1,,
Ghaziabad,KIDNAPPING,2023,1,,,,crime_dataset_1,,
Visakhapatnam,SEXUAL ASSAULT,2023,1,,,,crime_dataset_1,,
Mumbai,SEXUAL ASSAULT,2023,1,,,,crime_dataset_1,,
Meerut,KIDNAPPING,2023,1,,,,crime_dataset_1,,
Bangalore,SEXUAL ASSAULT,2023,1,,,,crime_dataset_1,,
Pune,KIDNAPPING,2023,1,,,,crime_dataset_1,,
Pune,KIDNAPPING,2023,1,,,,crime_dataset_1,,
Kalyan,ASSAULT,2023,1,,,,crime_dataset_1,,
Kolkata,KIDNAPPING,2023,1,,,,crime_dataset_1,,
Delhi,KIDNAPPING,2023,1,,,,crime_dataset_1,,
Agra,ASSAULT,2023,1,,,,crime_dataset_1,,
Chennai,ASSAULT,2023,1,,,,crime_dataset_1,,
Chennai,SEXUAL ASSAULT,2023,1,,,,crime_dataset_1,,
Chennai,ASSAULT,2023,1,,,,crime_dataset_1,,
Nashik,SEXUAL ASSAULT,2023,1,,,,crime_dataset_1,,
Bangalore,SEXUAL ASSAULT,2023,1,,,,crime_dataset_1,,
Kolkata,ASSAULT,2023,1,,,,crime_dataset_1,,
Lucknow,KIDNAPPING,2023,1,,,,crime_dataset_1,,
Bangalore,SEXUAL ASSAULT,2023,1,,,,crime_dataset_1,,
Chennai,ASSAULT,2023,1,,,,crime_dataset_1,,
Mumbai,SEXUAL ASSAULT,2023,1,,,,crime_dataset_1,,
Mumbai,ASSAULT,2023,1,,,,crime_dataset_1,,
Thane,SEXUAL ASSAULT,2023,1,,,,crime_dataset_1,,
Indore,ASSAULT,2023,1,,,,crime_dataset_1,,
Meerut,ASSAULT,2023,1,,,,crime_dataset_1,,
Surat,SEXUAL ASSAULT,2023,1,,,,crime_dataset_1,,
Bangalore,SEXUAL ASSAULT,2023,1,,,,crime_dataset_1,,
Pune,ASSAULT,2023,1,,,,crime_dataset_1,,
Hyderabad,ASSAULT,2023,1,,,,crime_dataset_1,,
Jaipur,SEXUAL ASSAULT,2023,1,,,,crime_dataset_1,,
Pune,KIDNAPPING,2023,1,,,,crime_dataset_1,,
Bangalore,ASSAULT,2023,1,,,,crime_dataset_1,,
Ahmedabad,KIDNAPPING,2023,1,,,,crime_dataset_1,,
Hyderabad,SEXUAL ASSAULT,2023,1,,,,crime_dataset_1,,
Kolkata,SEXUAL ASSAULT,2023,1,,,,crime_dataset_1,,
Vasai,ASSAULT,2023,1,,,,crime_dataset_1,,
Visakhapatnam,KIDNAPPING,2023,1,,,,crime_dataset_1,,
Pune,SEXUAL ASSAULT,2023,1,,,,crime_dataset_1,,
Mumbai,SEXUAL ASSAULT,2023,1,,,,crime_dataset_1,,
Ludhiana,ASSAULT,2023,1,,,,crime_dataset_1,,
Delhi,SEXUAL ASSAULT,2023,1,,,,crime_dataset_1,,
Varanasi,KIDNAPPING,2023,1,,,,crime_dataset_1,,
Hyderabad,KIDNAPPING,2023,1,,,,crime_dataset_1,,
Chennai,ASSAULT,2023,1,,,,crime_dataset_1,,
Indore,ASSAULT,2023,1,,,,crime_dataset_1,,
Chennai,SEXUAL ASSAULT,2023,1,,,,crime_dataset_1,,
Chennai,SEXUAL ASSAULT,2023,1,,,,crime_dataset_1,,
Nagpur,ASSAULT,2023,1,,,,crime_dataset_1,,
Ahmedabad,ASSAULT,2023,1,,,,crime_dataset_1,,
Faridabad,KIDNAPPING,2023,1,,,,crime_dataset_1,,
Bangalore,SEXUAL ASSAULT,2023,1,,,,crime_dataset_1,,
Mumbai,KIDNAPPING,2023,1,,,,crime_dataset_1,,
Delhi,KIDNAPPING,2023,1,,,,crime_dataset_1,,
Delhi,SEXUAL ASSAULT,2023,1,,,,crime_dataset_1,,
Delhi,KIDNAPPING,2023,1,,,,crime_dataset_1,,
Surat,SEXUAL ASSAULT,2023,1,,,,crime_dataset_1,,
Delhi,SEXUAL ASSAULT,2023,1,,,,crime_dataset_1,,
Hyderabad,SEXUAL ASSAULT,2023,1,,,,crime_dataset_1,,
Mumbai,ASSAULT,2023,1,,,,crime_dataset_1,,
Varanasi,ASSAULT,2023,1,,,,crime_dataset_1,,
Patna,ASSAULT,2023,1,,,,crime_dataset_1,,
Ghaziabad,SEXUAL ASSAULT,2023,1,,,,crime_dataset_1,,
Delhi,SEXUAL ASSAULT,2023,1,,,,crime_dataset_1,,
Mumbai,SEXUAL ASSAULT,2023,1,,,,crime_dataset_1,,
Kolkata,SEXUAL ASSAULT,2023,1,,,,crime_dataset_1,,
Delhi,KIDNAPPING,2023,1,,,,crime_dataset_1,,
Delhi,KIDNAPPING,2023,1,,,,crime_dataset_1,,
Ahmedabad,ASSAULT,2023,1,,,,crime_dataset_1,,
Mumbai,KIDNAPPING,2023,1,,,,crime_dataset_1,,
Mumbai,KIDNAPPING,2023,1,,,,crime_dataset_1,,
Delhi,ASSAULT,2023,1,,,,crime_dataset_1,,
Hyderabad,KIDNAPPING,2023,1,,,,crime_dataset_1,,
Mumbai,ASSAULT,2023,1,,,,crime_dataset_1,,
Chennai,SEXUAL ASSAULT,2023,1,,,,crime_dataset_1,,
Delhi,KIDNAPPING,2023,1,,,,crime_dataset_1,,
Pune,ASSAULT,2023,1,,,,crime_dataset_1,,
Ahmedabad,ASSAULT,2023,1,,,,crime_dataset_1,,
Bhopal,ASSAULT,2023,1,,,,crime_dataset_1,,
Ghaziabad,ASSAULT,2023,1,,,,crime_dataset_1,,
Meerut,SEXUAL ASSAULT,2023,1,,,,crime_dataset_1,,
Hyderabad,KIDNAPPING,2023,1,,,,crime_dataset_1,,
Lucknow,SEXUAL ASSAULT,2023,1,,,,crime_dataset_1,,
Mumbai,ASSAULT,2023,1,,,,crime_dataset_1,,
Faridabad,ASSAULT,2023,1,,,,crime_dataset_1,,
Pune,KIDNAPPING,2023,1,,,,crime_dataset_1,,
Chennai,SEXUAL ASSAULT,2023,1,,,,crime_dataset_1,,
Delhi,KIDNAPPING,2023,1,,,,crime_dataset_1,,
Mumbai,ASSAULT,2023,1,,,,crime_dataset_1,,
Nagpur,ASSAULT,2023,1,,,,crime_dataset_1,,
Indore,KIDNAPPING,2023,1,,,,crime_dataset_1,,
Jaipur,ASSAULT,2023,1,,,,crime_dataset_1,,
Chennai,ASSAULT,2023,1,,,,crime_dataset_1,,
Chennai,SEXUAL ASSAULT,2023,1,,,,crime_dataset_1,,
Srinagar,ASSAULT,2023,1,,,,crime_dataset_1,,
Mumbai,SEXUAL ASSAULT,2023,1,,,,crime_dataset_1,,
Nagpur,ASSAULT,2023,1,,,,crime_dataset_1,,
Kanpur,ASSAULT,2023,1,,,,crime_dataset_1,,
Srinagar,ASSAULT,2023,1,,,,crime_dataset_1,,
Mumbai,KIDNAPPING,2023,1,,,,crime_dataset_1,,
Agra,KIDNAPPING,2023,1,,,,crime_dataset_1,,
Chennai,ASSAULT,2023,1,,,,crime_dataset_1,,
Jaipur,SEXUAL ASSAULT,2023,1,,,,crime_dataset_1,,
Patna,ASSAULT,2023,1,,,,crime_dataset_1,,
Ghaziabad,ASSAULT,2023,1,,,,crime_dataset_1,,
Bhopal,ASSAULT,2023,1,,,,crime_dataset_1,,
Lucknow,KIDNAPPING,2023,1,,,,crime_dataset_1,,
Bangalore,SEXUAL ASSAULT,2023,1,,,,crime_dataset_1,,
Hyderabad,ASSAULT,2023,1,,,,crime_dataset_1,,
Delhi,ASSAULT,2023,1,,,,crime_dataset_1,,
Mumbai,KIDNAPPING,2023,1,,,,crime_dataset_1,,
Delhi,KIDNAPPING,2023,1,,,,crime_dataset_1,,
Delhi,ASSAULT,2023,1,,,,crime_dataset_1,,
Varanasi,SEXUAL ASSAULT,2023,1,,,,crime_dataset_1,,
Mumbai,ASSAULT,2023,1,,,,crime_dataset_1,,
Kolkata,ASSAULT,2023,1,,,,crime_dataset_1,,
Mumbai,KIDNAPPING,2023,1,,,,crime_dataset_1,,
Rajkot,SEXUAL ASSAULT,2023,1,,,,crime_dataset_1,,
Surat,SEXUAL ASSAULT,2023,1,,,,crime_dataset_1,,
Mumbai,ASSAULT,2023,1,,,,crime_dataset_1,,
Kolkata,KIDNAPPING,2023,1,,,,crime_dataset_1,,
Mumbai,ASSAULT,2023,1,,,,crime_dataset_1,,
Bangalore,ASSAULT,2023,1,,,,crime_dataset_1,,
Chennai,ASSAULT,2023,1,,,,crime_dataset_1,,
Kanpur,ASSAULT,2023,1,,,,crime_dataset_1,,
Visakhapatnam,ASSAULT,2023,1,,,,crime_dataset_1,,
Indore,SEXUAL ASSAULT,2023,1,,,,crime_dataset_1,,
Mumbai,SEXUAL ASSAULT,2023,1,,,,crime_dataset_1,,
Pune,SEXUAL ASSAULT,2023,1,,,,crime_dataset_1,,
Delhi,ASSAULT,2023,1,,,,crime_dataset_1,,
Chennai,ASSAULT,2023,1,,,,crime_dataset_1,,
Lucknow,SEXUAL ASSAULT,2023,1,,,,crime_dataset_1,,
Mumbai,SEXUAL ASSAULT,2023,1,,,,crime_dataset_1,,
Nagpur,KIDNAPPING,2023,1,,,,crime_dataset_1,,
Chennai,KIDNAPPING,2023,1,,,,crime_dataset_1,,
Nagpur,KIDNAPPING,2023,1,,,,crime_dataset_1,,
Delhi,KIDNAPPING,2023,1,,,,crime_dataset_1,,
Kanpur,ASSAULT,2023,1,,,,crime_dataset_1,,
Chennai,KIDNAPPING,2023,1,,,,crime_dataset_1,,
Pune,KIDNAPPING,2023,1,,,,crime_dataset_1,,
Chennai,KIDNAPPING,2023,1,,,,crime_dataset_1,,
Kolkata,ASSAULT,2023,1,,,,crime_dataset_1,,
Mumbai,KIDNAPPING,2023,1,,,,crime_dataset_1,,
Lucknow,ASSAULT,2023,1,,,,crime_dataset_1,,
Bangalore,KIDNAPPING,2023,1,,,,crime_dataset_1,,
Ahmedabad,KIDNAPPING,2023,1,,,,crime_dataset_1,,
Delhi,SEXUAL ASSAULT,2023,1,,,,crime_dataset_1,,
Thane,ASSAULT,2023,1,,,,crime_dataset_1,,
Kanpur,ASSAULT,2023,1,,,,crime_dataset_1,,
Nashik,ASSAULT,2023,1,,,,crime_dataset_1,,
Bangalore,SEXUAL ASSAULT,2023,1,,,,crime_dataset_1,,
Varanasi,SEXUAL ASSAULT,2023,1,,,,crime_dataset_1,,
Chennai,SEXUAL ASSAULT,2023,1,,,,crime_dataset_1,,
Bhopal,SEXUAL ASSAULT,2023,1,,,,crime_dataset_1,,
Chennai,ASSAULT,2023,1,,,,crime_dataset_1,,
Lucknow,KIDNAPPING,2023,1,,,,crime_dataset_1,,
Hyderabad,KIDNAPPING,2023,1,,,,crime_dataset_1,,
Faridabad,SEXUAL ASSAULT,2023,1,,,,crime_dataset_1,,
Mumbai,KIDNAPPING,2023,1,,,,crime_dataset_1,,
Delhi,KIDNAPPING,2023,1,,,,crime_dataset_1,,
Kolkata,KIDNAPPING,2023,1,,,,crime_dataset_1,,
Patna,KIDNAPPING,2023,1,,,,crime_dataset_1,,
Mumbai,ASSAULT,2023,1,,,,crime_dataset_1,,
Meerut,ASSAULT,2023,1,,,,crime_dataset_1,,
Nashik,SEXUAL ASSAULT,2023,1,,,,crime_dataset_1,,
Ludhiana,ASSAULT,2023,1,,,,crime_dataset_1,,
Hyderabad,ASSAULT,2023,1,,,,crime_dataset_1,,
Hyderabad,SEXUAL ASSAULT,2023,1,,,,crime_dataset_1,,
Kalyan,SEXUAL ASSAULT,2023,1,,,,crime_dataset_1,,
Patna,ASSAULT,2023,1,,,,crime_dataset_1,,
Ghaziabad,ASSAULT,2023,1,,,,crime_dataset_1,,
Ahmedabad,SEXUAL ASSAULT,2023,1,,,,crime_dataset_1,,
Kolkata,SEXUAL ASSAULT,2023,1,,,,crime_dataset_1,,
Delhi,KIDNAPPING,2023,1,,,,crime_dataset_1,,
Kanpur,SEXUAL ASSAULT,2023,1,,,,crime_dataset_1,,
Hyderabad,SEXUAL ASSAULT,2023,1,,,,crime_dataset_1,,
Srinagar,ASSAULT,2023,1,,,,crime_dataset_1,,
Thane,KIDNAPPING,2023,1,,,,crime_dataset_1,,
Delhi,ASSAULT,2023,1,,,,crime_dataset_1,,
Chennai,KIDNAPPING,2023,1,,,,crime_dataset_1,,
Kolkata,KIDNAPPING,2023,1,,,,crime_dataset_1,,
Hyderabad,ASSAULT,2023,1,,,,crime_dataset_1,,
Delhi,KIDNAPPING,2023,1,,,,crime_dataset_1,,
Lucknow,ASSAULT,2023,1,,,,crime_dataset_1,,
Kolkata,SEXUAL ASSAULT,2023,1,,,,crime_dataset_1,,
Srinagar,KIDNAPPING,2023,1,,,,crime_dataset_1,,
Mumbai,ASSAULT,2023,1,,,,crime_dataset_1,,
Surat,ASSAULT,2023,1,,,,crime_dataset_1,,
Ghaziabad,KIDNAPPING,2023,1,,,,crime_dataset_1,,
Bangalore,SEXUAL ASSAULT,2023,1,,,,crime_dataset_1,,
Ludhiana,ASSAULT,2023,1,,,,crime_dataset_1,,
Ahmedabad,KIDNAPPING,2023,1,,,,crime_dataset_1,,
Mumbai,ASSAULT,2023,1,,,,crime_dataset_1,,
Mumbai,ASSAULT,2023,1,,,,crime_dataset_1,,
Surat,ASSAULT,2023,1,,,,crime_dataset_1,,
Agra,SEXUAL ASSAULT,2023,1,,,,crime_dataset_1,,
Bhopal,ASSAULT,2023,1,,,,crime_dataset_1,,
Ahmedabad,ASSAULT,2023,1,,,,crime_dataset_1,,
Rajkot,KIDNAPPING,2023,1,,,,crime_dataset_1,,
Ahmedabad,ASSAULT,2023,1,,,,crime_dataset_1,,
Bhopal,KIDNAPPING,2023,1,,,,crime_dataset_1,,
Ludhiana,ASSAULT,2023,1,,,,crime_dataset_1,,
Chennai,KIDNAPPING,2023,1,,,,crime_dataset_1,,
Srinagar,ASSAULT,2023,1,,,,crime_dataset_1,,
Kanpur,SEXUAL ASSAULT,2023,1,,,,crime_dataset_1,,
Chennai,SEXUAL ASSAULT,2023,1,,,,crime_dataset_1,,
Lucknow,SEXUAL ASSAULT,2023,1,,,,crime_dataset_1,,
Surat,ASSAULT,2023,1,,,,crime_dataset_1,,
Nagpur,KIDNAPPING,2023,1,,,,crime_dataset_1,,
Bangalore,ASSAULT,2023,1,,,,crime_dataset_1,,
Ghaziabad,SEXUAL ASSAULT,2023,1,,,,crime_dataset_1,,
Surat,KIDNAPPING,2023,1,,,,crime_dataset_1,,
Bangalore,SEXUAL ASSAULT,2023,1,,,,crime_dataset_1,,
Surat,KIDNAPPING,2023,1,,,,crime_dataset_1,,
Hyderabad,KIDNAPPING,2023,1,,,,crime_dataset_1,,
Ahmedabad,KIDNAPPING,2023,1,,,,crime_dataset_1,,
Jaipur,ASSAULT,2023,1,,,,crime_dataset_1,,
Delhi,KIDNAPPING,2023,1,,,,crime_dataset_1,,
Bangalore,KIDNAPPING,2023,1,,,,crime_dataset_1,,
Jaipur,ASSAULT,2023,1,,,,crime_dataset_1,,
Vasai,ASSAULT,2023,1,,,,crime_dataset_1,,
Lucknow,ASSAULT,2023,1,,,,crime_dataset_1,,
Visakhapatnam,ASSAULT,2023,1,,,,crime_dataset_1,,
Jaipur,KIDNAPPING,2023,1,,,,crime_dataset_1,,
Bangalore,SEXUAL ASSAULT,2023,1,,,,crime_dataset_1,,
Jaipur,SEXUAL ASSAULT,2023,1,,,,crime_dataset_1,,
Mumbai,SEXUAL ASSAULT,2023,1,,,,crime_dataset_1,,
Mumbai,KIDNAPPING,2023,1,,,,crime_dataset_1,,
Lucknow,SEXUAL ASSAULT,2023,1,,,,crime_dataset_1,,
Pune,ASSAULT,2023,1,,,,crime_dataset_1,,
Lucknow,SEXUAL ASSAULT,2023,1,,,,crime_dataset_1,,
Mumbai,ASSAULT,2023,1,,,,crime_dataset_1,,
Hyderabad,ASSAULT,2023,1,,,,crime_dataset_1,,
Hyderabad,ASSAULT,2023,1,,,,crime_dataset_1,,
Thane,SEXUAL ASSAULT,2023,1,,,,crime_dataset_1,,
Chennai,KIDNAPPING,2023,1,,,,crime_dataset_1,,
Pune,SEXUAL ASSAULT,2023,1,,,,crime_dataset_1,,
Surat,SEXUAL ASSAULT,2023,1,,,,crime_dataset_1,,
Nagpur,ASSAULT,2023,1,,,,crime_dataset_1,,
Ludhiana,KIDNAPPING,2023,1,,,,crime_dataset_1,,
Visakhapatnam,SEXUAL ASSAULT,2023,1,,,,crime_dataset_1,,
Srinagar,KIDNAPPING,2023,1,,,,crime_dataset_1,,
Bangalore,SEXUAL ASSAULT,2023,1,,,,crime_dataset_1,,
Delhi,SEXUAL ASSAULT,2023,1,,,,crime_dataset_1,,
Indore,ASSAULT,2023,1,,,,crime_dataset_1,,
Kolkata,KIDNAPPING,2023,1,,,,crime_dataset_1,,
Ahmedabad,KIDNAPPING,2023,1,,,,crime_dataset_1,,
Bangalore,ASSAULT,2023,1,,,,crime_dataset_1,,
Chennai,KIDNAPPING,2023,1,,,,crime_dataset_1,,
Bhopal,ASSAULT,2023,1,,,,crime_dataset_1,,
Hyderabad,SEXUAL ASSAULT,2023,1,,,,crime_dataset_1,,
Delhi,KIDNAPPING,2023,1,,,,crime_dataset_1,,
Nagpur,ASSAULT,2023,1,,,,crime_dataset_1,,
Kolkata,ASSAULT,2023,1,,,,crime_dataset_1,,
Lucknow,SEXUAL ASSAULT,2023,1,,,,crime_dataset_1,,
Bangalore,SEXUAL ASSAULT,2023,1,,,,crime_dataset_1,,
Hyderabad,SEXUAL ASSAULT,2023,1,,,,crime_dataset_1,,
Mumbai,ASSAULT,2023,1,,,,crime_dataset_1,,
Ahmedabad,ASSAULT,2023,1,,,,crime_dataset_1,,
Hyderabad,SEXUAL ASSAULT,2023,1,,,,crime_dataset_1,,
Bangalore,SEXUAL ASSAULT,2023,1,,,,crime_dataset_1,,
Visakhapatnam,ASSAULT,2023,1,,,,crime_dataset_1,,
Kolkata,ASSAULT,2023,1,,,,crime_dataset_1,,
Delhi,SEXUAL ASSAULT,2023,1,,,,crime_dataset_1,,
Pune,KIDNAPPING,2023,1,,,,crime_dataset_1,,
Ahmedabad,KIDNAPPING,2023,1,,,,crime_dataset_1,,
Bangalore,ASSAULT,2023,1,,,,crime_dataset_1,,
Hyderabad,ASSAULT,2023,1,,,,crime_dataset_1,,
Delhi,KIDNAPPING,2023,1,,,,crime_dataset_1,,
Visakhapatnam,KIDNAPPING,2023,1,,,,crime_dataset_1,,
Kolkata,ASSAULT,2023,1,,,,crime_dataset_1,,
Bangalore,KIDNAPPING,2023,1,,,,crime_dataset_1,,
Delhi,ASSAULT,2023,1,,,,crime_dataset_1,,
Mumbai,KIDNAPPING,2023,1,,,,crime_dataset_1,,
Agra,ASSAULT,2023,1,,,,crime_dataset_1,,
Bangalore,ASSAULT,2023,1,,,,crime_dataset_1,,
Delhi,ASSAULT,2023,1,,,,crime_dataset_1,,
Ahmedabad,SEXUAL ASSAULT,2023,1,,,,crime_dataset_1,,
Delhi,KIDNAPPING,2023,1,,,,crime_dataset_1,,
Kanpur,SEXUAL ASSAULT,2023,1,,,,crime_dataset_1,,
Bangalore,KIDNAPPING,2023,1,,,,crime_dataset_1,,
Kolkata,SEXUAL ASSAULT,2023,1,,,,crime_dataset_1,,
Pune,ASSAULT,2023,1,,,,crime_dataset_1,,
Bangalore,KIDNAPPING,2023,1,,,,crime_dataset_1,,
Indore,SEXUAL ASSAULT,2023,1,,,,crime_dataset_1,,
Bangalore,KIDNAPPING,2023,1,,,,crime_dataset_1,,
Mumbai,KIDNAPPING,2023,1,,,,crime_dataset_1,,
Patna,ASSAULT,2023,1,,,,crime_dataset_1,,
Mumbai,KIDNAPPING,2023,1,,,,crime_dataset_1,,
Hyderabad,KIDNAPPING,2024,1,,,,crime_dataset_1,,
Bangalore,KIDNAPPING,2024,1,,,,crime_dataset_1,,
Kolkata,KIDNAPPING,2024,1,,,,crime_dataset_1,,
Kolkata,KIDNAPPING,2024,1,,,,crime_dataset_1,,
Bhopal,KIDNAPPING,2024,1,,,,crime_dataset_1,,
Delhi,ASSAULT,2024,1,,,,crime_dataset_1,,
Kolkata,ASSAULT,2024,1,,,,crime_dataset_1,,
Delhi,SEXUAL ASSAULT,2024,1,,,,crime_dataset_1,,
Kolkata,ASSAULT,2024,1,,,,crime_dataset_1,,
Mumbai,SEXUAL ASSAULT,2024,1,,,,crime_dataset_1,,
Kolkata,KIDNAPPING,2024,1,,,,crime_dataset_1,,
Ludhiana,ASSAULT,2024,1,,,,crime_dataset_1,,
Hyderabad,KIDNAPPING,2024,1,,,,crime_dataset_1,,
Bangalore,SEXUAL ASSAULT,2024,1,,,,crime_dataset_1,,
Vasai,KIDNAPPING,2024,1,,,,crime_dataset_1,,
Surat,KIDNAPPING,2024,1,,,,crime_dataset_1,,
Ludhiana,KIDNAPPING,2024,1,,,,crime_dataset_1,,
Mumbai,ASSAULT,2024,1,,,,crime_dataset_1,,
Bhopal,ASSAULT,2024,1,,,,crime_dataset_1,,
Pune,ASSAULT,2024,1,,,,crime_dataset_1,,
Patna,ASSAULT,2024,1,,,,crime_dataset_1,,
Mumbai,ASSAULT,2024,1,,,,crime_dataset_1,,
Kolkata,SEXUAL ASSAULT,2024,1,,,,crime_dataset_1,,
Hyderabad,KIDNAPPING,2024,1,,,,crime_dataset_1,,
Patna,SEXUAL ASSAULT,2024,1,,,,crime_dataset_1,,
Ghaziabad,SEXUAL ASSAULT,2024,1,,,,crime_dataset_1,,
Delhi,ASSAULT,2024,1,,,,crime_dataset_1,,
Delhi,KIDNAPPING,2024,1,,,,crime_dataset_1,,
Pune,SEXUAL ASSAULT,2024,1,,,,crime_dataset_1,,
Mumbai,SEXUAL ASSAULT,2024,1,,,,crime_dataset_1,,
Indore,KIDNAPPING,2024,1,,,,crime_dataset_1,,
Kanpur,KIDNAPPING,2024,1,,,,crime_dataset_1,,
Vasai,ASSAULT,2024,1,,,,crime_dataset_1,,
Delhi,ASSAULT,2024,1,,,,crime_dataset_1,,
Indore,KIDNAPPING,2024,1,,,,crime_dataset_1,,
Hyderabad,ASSAULT,2024,1,,,,crime_dataset_1,,
Hyderabad,KIDNAPPING,2024,1,,,,crime_dataset_1,,
Delhi,SEXUAL ASSAULT,2024,1,,,,crime_dataset_1,,
Surat,ASSAULT,2024,1,,,,crime_dataset_1,,
Srinagar,SEXUAL ASSAULT,2024,1,,,,crime_dataset_1,,
Delhi,KIDNAPPING,2024,1,,,,crime_dataset_1,,
Mumbai,ASSAULT,2024,1,,,,crime_dataset_1,,
Bangalore,SEXUAL ASSAULT,2024,1,,,,crime_dataset_1,,
Mumbai,ASSAULT,2024,1,,,,crime_dataset_1,,
Delhi,ASSAULT,2024,1,,,,crime_dataset_1,,
Ghaziabad,SEXUAL ASSAULT,2024,1,,,,crime_dataset_1,,
Bangalore,KIDNAPPING,2024,1,,,,crime_dataset_1,,
Bangalore,ASSAULT,2024,1,,,,crime_dataset_1,,
Kolkata,ASSAULT,2024,1,,,,crime_dataset_1,,
Pune,ASSAULT,2024,1,,,,crime_dataset_1,,
Delhi,KIDNAPPING,2024,1,,,,crime_dataset_1,,
Bangalore,KIDNAPPING,2024,1,,,,crime_dataset_1,,
Delhi,SEXUAL ASSAULT,2024,1,,,,crime_dataset_1,,
Nagpur,ASSAULT,2024,1,,,,crime_dataset_1,,
Jaipur,SEXUAL ASSAULT,2024,1,,,,crime_dataset_1,,
Mumbai,KIDNAPPING,2024,1,,,,crime_dataset_1,,
Chennai,KIDNAPPING,2024,1,,,,crime_dataset_1,,
Lucknow,SEXUAL ASSAULT,2024,1,,,,crime_dataset_1,,
Bhopal,KIDNAPPING,2024,1,,,,crime_dataset_1,,
Ahmedabad,KIDNAPPING,2024,1,,,,crime_dataset_1,,
Mumbai,SEXUAL ASSAULT,2024,1,,,,crime_dataset_1,,
Jaipur,KIDNAPPING,2024,1,,,,crime_dataset_1,,
Surat,SEXUAL ASSAULT,2024,1,,,,crime_dataset_1,,
Kolkata,KIDNAPPING,2024,1,,,,crime_dataset_1,,
Chennai,ASSAULT,2024,1,,,,crime_dataset_1,,
Bangalore,ASSAULT,2024,1,,,,crime_dataset_1,,
Delhi,KIDNAPPING,2024,1,,,,crime_dataset_1,,
Thane,SEXUAL ASSAULT,2024,1,,,,crime_dataset_1,,
Visakhapatnam,SEXUAL ASSAULT,2024,1,,,,crime_dataset_1,,
Bangalore,ASSAULT,2024,1,,,,crime_dataset_1,,
Delhi,ASSAULT,2024,1,,,,crime_dataset_1,,
Patna,ASSAULT,2024,1,,,,crime_dataset_1,,
Kalyan,ASSAULT,2024,1,,,,crime_dataset_1,,
Chennai,KIDNAPPING,2024,1,,,,crime_dataset_1,,
Nagpur,ASSAULT,2024,1,,,,crime_dataset_1,,
Delhi,KIDNAPPING,2024,1,,,,crime_dataset_1,,
Delhi,ASSAULT,2024,1,,,,crime_dataset_1,,
Chennai,ASSAULT,2024,1,,,,crime_dataset_1,,
Ahmedabad,ASSAULT,2024,1,,,,crime_dataset_1,,
Indore,KIDNAPPING,2024,1,,,,crime_dataset_1,,
Kolkata,ASSAULT,2024,1,,,,crime_dataset_1,,
Delhi,KIDNAPPING,2024,1,,,,crime_dataset_1,,
Surat,ASSAULT,2024,1,,,,crime_dataset_1,,
Ludhiana,KIDNAPPING,2024,1,,,,crime_dataset_1,,
Mumbai,ASSAULT,2024,1,,,,crime_dataset_1,,
Kolkata,SEXUAL ASSAULT,2024,1,,,,crime_dataset_1,,
Pune,ASSAULT,2024,1,,,,crime_dataset_1,,
Pune,KIDNAPPING,2024,1,,,,crime_dataset_1,,
Kolkata,KIDNAPPING,2024,1,,,,crime_dataset_1,,
Thane,ASSAULT,2024,1,,,,crime_dataset_1,,
Nashik,ASSAULT,2024,1,,,,crime_dataset_1,,
Nagpur,ASSAULT,2024,1,,,,crime_dataset_1,,
Delhi,SEXUAL ASSAULT,2024,1,,,,crime_dataset_1,,
Chennai,SEXUAL ASSAULT,2024,1,,,,crime_dataset_1,,
Chennai,ASSAULT,2024,1,,,,crime_dataset_1,,
Srinagar,KIDNAPPING,2024,1,,,,crime_dataset_1,,
Delhi,KIDNAPPING,2024,1,,,,crime_dataset_1,,
Bangalore,SEXUAL ASSAULT,2024,1,,,,crime_dataset_1,,
Kolkata,ASSAULT,2024,1,,,,crime_dataset_1,,
Agra,KIDNAPPING,2024,1,,,,crime_dataset_1,,
Delhi,KIDNAPPING,2024,1,,,,crime_dataset_1,,
Faridabad,KIDNAPPING,2024,1,,,,crime_dataset_1,,
Nagpur,SEXUAL ASSAULT,2024,1,,,,crime_dataset_1,,
Nagpur,KIDNAPPING,2024,1,,,,crime_dataset_1,,
Mumbai,SEXUAL ASSAULT,2024,1,,,,crime_dataset_1,,
Visakhapatnam,ASSAULT,2024,1,,,,crime_dataset_1,,
Ahmedabad,ASSAULT,2024,1,,,,crime_dataset_1,,
Jaipur,KIDNAPPING,2024,1,,,,crime_dataset_1,,
Visakhapatnam,ASSAULT,2024,1,,,,crime_dataset_1,,
Faridabad,ASSAULT,2024,1,,,,crime_dataset_1,,
Kanpur,SEXUAL ASSAULT,2024,1,,,,crime_dataset_1,,
Bangalore,KIDNAPPING,2024,1,,,,crime_dataset_1,,
Ahmedabad,ASSAULT,2024,1,,,,crime_dataset_1,,
Lucknow,SEXUAL ASSAULT,2024,1,,,,crime_dataset_1,,
Delhi,KIDNAPPING,2024,1,,,,crime_dataset_1,,
Ghaziabad,KIDNAPPING,2024,1,,,,crime_dataset_1,,
Mumbai,ASSAULT,2024,1,,,,crime_dataset_1,,
Indore,KIDNAPPING,2024,1,,,,crime_dataset_1,,
Pune,SEXUAL ASSAULT,2024,1,,,,crime_dataset_1,,
Thane,ASSAULT,2024,1,,,,crime_dataset_1,,
Mumbai,SEXUAL ASSAULT,2024,1,,,,crime_dataset_1,,
Delhi,SEXUAL ASSAULT,2024,1,,,,crime_dataset_1,,
Thane,ASSAULT,2024,1,,,,crime_dataset_1,,
Kolkata,KIDNAPPING,2024,1,,,,crime_dataset_1,,
Mumbai,SEXUAL ASSAULT,2024,1,,,,crime_dataset_1,,
Agra,ASSAULT,2024,1,,,,crime_dataset_1,,
Visakhapatnam,SEXUAL ASSAULT,2024,1,,,,crime_dataset_1,,
Chennai,SEXUAL ASSAULT,2024,1,,,,crime_dataset_1,,
Delhi,SEXUAL ASSAULT,2024,1,,,,crime_dataset_1,,
Delhi,ASSAULT,2024,1,,,,crime_dataset_1,,
Nagpur,KIDNAPPING,2024,1,,,,crime_dataset_1,,
Bhopal,ASSAULT,2024,1,,,,crime_dataset_1,,
Rajkot,ASSAULT,2024,1,,,,crime_dataset_1,,
Patna,KIDNAPPING,2024,1,,,,crime_dataset_1,,
Pune,ASSAULT,2024,1,,,,crime_dataset_1,,
Bangalore,ASSAULT,2024,1,,,,crime_dataset_1,,
Kanpur,KIDNAPPING,2024,1,,,,crime_dataset_1,,
Chennai,ASSAULT,2024,1,,,,crime_dataset_1,,
Faridabad,ASSAULT,2024,1,,,,crime_dataset_1,,
Thane,SEXUAL ASSAULT,2024,1,,,,crime_dataset_1,,
Ludhiana,ASSAULT,2024,1,,,,crime_dataset_1,,
Surat,ASSAULT,2024,1,,,,crime_dataset_1,,
Hyderabad,SEXUAL ASSAULT,2024,1,,,,crime_dataset_1,,
Kolkata,SEXUAL ASSAULT,2024,1,,,,crime_dataset_1,,
Kanpur,ASSAULT,2024,1,,,,crime_dataset_1,,
Bhopal,ASSAULT,2024,1,,,,crime_dataset_1,,
Varanasi,SEXUAL ASSAULT,2024,1,,,,crime_dataset_1,,
Jaipur,ASSAULT,2024,1,,,,crime_dataset_1,,
Ludhiana,SEXUAL ASSAULT,2024,1,,,,crime_dataset_1,,
Thane,ASSAULT,2024,1,,,,crime_dataset_1,,
Mumbai,KIDNAPPING,2024,1,,,,crime_dataset_1,,
Ludhiana,ASSAULT,2024,1,,,,crime_dataset_1,,
Delhi,SEXUAL ASSAULT,2024,1,,,,crime_dataset_1,,
Delhi,SEXUAL ASSAULT,2024,1,,,,crime_dataset_1,,
Ghaziabad,ASSAULT,2024,1,,,,crime_dataset_1,,
Ludhiana,KIDNAPPING,2024,1,,,,crime_dataset_1,,
Mumbai,ASSAULT,2024,1,,,,crime_dataset_1,,
Visakhapatnam,KIDNAPPING,2024,1,,,,crime_dataset_1,,
Hyderabad,KIDNAPPING,2024,1,,,,crime_dataset_1,,
Surat,ASSAULT,2024,1,,,,crime_dataset_1,,
Lucknow,ASSAULT,2024,1,,,,crime_dataset_1,,
Patna,SEXUAL ASSAULT,2024,1,,,,crime_dataset_1,,
Pune,KIDNAPPING,2024,1,,,,crime_dataset_1,,
Mumbai,KIDNAPPING,2024,1,,,,crime_dataset_1,,
Ahmedabad,ASSAULT,2024,1,,,,crime_dataset_1,,
Bangalore,KIDNAPPING,2024,1,,,,crime_dataset_1,,
Kolkata,SEXUAL ASSAULT,2024,1,,,,crime_dataset_1,,
Bangalore,SEXUAL ASSAULT,2024,1,,,,crime_dataset_1,,
Thane,KIDNAPPING,2024,1,,,,crime_dataset_1,,
Kalyan,ASSAULT,2024,1,,,,crime_dataset_1,,
Chennai,KIDNAPPING,2024,1,,,,crime_dataset_1,,
Bangalore,SEXUAL ASSAULT,2024,1,,,,crime_dataset_1,,
Delhi,SEXUAL ASSAULT,2024,1,,,,crime_dataset_1,,
Visakhapatnam,KIDNAPPING,2024,1,,,,crime_dataset_1,,
Chennai,SEXUAL ASSAULT,2024,1,,,,crime_dataset_1,,
Delhi,KIDNAPPING,2024,1,,,,crime_dataset_1,,
Bangalore,SEXUAL ASSAULT,2024,1,,,,crime_dataset_1,,
Mumbai,ASSAULT,2024,1,,,,crime_dataset_1,,
Delhi,ASSAULT,2024,1,,,,crime_dataset_1,,
Mumbai,KIDNAPPING,2024,1,,,,crime_dataset_1,,
Ghaziabad,KIDNAPPING,2024,1,,,,crime_dataset_1,,
Bangalore,ASSAULT,2024,1,,,,crime_dataset_1,,
Delhi,SEXUAL ASSAULT,2024,1,,,,crime_dataset_1,,
Kolkata,KIDNAPPING,2024,1,,,,crime_dataset_1,,
Bhopal,ASSAULT,2024,1,,,,crime_dataset_1,,
Delhi,SEXUAL ASSAULT,2024,1,,,,crime_dataset_1,,
Surat,ASSAULT,2024,1,,,,crime_dataset_1,,
Delhi,ASSAULT,2024,1,,,,crime_dataset_1,,
Indore,KIDNAPPING,2024,1,,,,crime_dataset_1,,
Delhi,KIDNAPPING,2024,1,,,,crime_dataset_1,,
Delhi,KIDNAPPING,2024,1,,,,crime_dataset_1,,
Jaipur,KIDNAPPING,2024,1,,,,crime_dataset_1,,
Kolkata,SEXUAL ASSAULT,2024,1,,,,crime_dataset_1,,
Chennai,ASSAULT,2024,1,,,,crime_dataset_1,,
Agra,KIDNAPPING,2024,1,,,,crime_dataset_1,,
Ahmedabad,SEXUAL ASSAULT,2024,1,,,,crime_dataset_1,,
Bangalore,SEXUAL ASSAULT,2024,1,,,,crime_dataset_1,,
Patna,SEXUAL ASSAULT,2024,1,,,,crime_dataset_1,,
Agra,KIDNAPPING,2024,1,,,,crime_dataset_1,,
Chennai,SEXUAL ASSAULT,2024,1,,,,crime_dataset_1,,
Thane,SEXUAL ASSAULT,2024,1,,,,crime_dataset_1,,
Delhi,KIDNAPPING,2024,1,,,,crime_dataset_1,,
Kanpur,ASSAULT,2024,1,,,,crime_dataset_1,,
Nagpur,SEXUAL ASSAULT,2024,1,,,,crime_dataset_1,,
Hyderabad,SEXUAL ASSAULT,2024,1,,,,crime_dataset_1,,
Faridabad,SEXUAL ASSAULT,2024,1,,,,crime_dataset_1,,
Jaipur,SEXUAL ASSAULT,2024,1,,,,crime_dataset_1,,
Patna,SEXUAL ASSAULT,2024,1,,,,crime_dataset_1,,
Meerut,ASSAULT,2024,1,,,,crime_dataset_1,,
Pune,KIDNAPPING,2024,1,,,,crime_dataset_1,,
Delhi,KIDNAPPING,2024,1,,,,crime_dataset_1,,
Patna,SEXUAL ASSAULT,2024,1,,,,crime_dataset_1,,
Kolkata,KIDNAPPING,2024,1,,,,crime_dataset_1,,
Delhi,SEXUAL ASSAULT,2024,1,,,,crime_dataset_1,,
Visakhapatnam,ASSAULT,2024,1,,,,crime_dataset_1,,
Jaipur,ASSAULT,2024,1,,,,crime_dataset_1,,
Surat,KIDNAPPING,2024,1,,,,crime_dataset_1,,
Bangalore,KIDNAPPING,2024,1,,,,crime_dataset_1,,
Nagpur,ASSAULT,2024,1,,,,crime_dataset_1,,
Meerut,ASSAULT,2024,1,,,,crime_dataset_1,,
Hyderabad,ASSAULT,2024,1,,,,crime_dataset_1,,
Mumbai,SEXUAL ASSAULT,2024,1,,,,crime_dataset_1,,
Visakhapatnam,SEXUAL ASSAULT,2024,1,,,,crime_dataset_1,,
Bangalore,ASSAULT,2024,1,,,,crime_dataset_1,,
Kolkata,ASSAULT,2024,1,,,,crime_dataset_1,,
Pune,ASSAULT,2024,1,,,,crime_dataset_1,,
Bangalore,SEXUAL ASSAULT,2024,1,,,,crime_dataset_1,,
Pune,ASSAULT,2024,1,,,,crime_dataset_1,,
Pune,KIDNAPPING,2024,1,,,,crime_dataset_1,,
Kolkata,SEXUAL ASSAULT,2024,1,,,,crime_dataset_1,,
Delhi,KIDNAPPING,2024,1,,,,crime_dataset_1,,
Mumbai,SEXUAL ASSAULT,2024,1,,,,crime_dataset_1,,
Ludhiana,KIDNAPPING,2024,1,,,,crime_dataset_1,,
Ghaziabad,SEXUAL ASSAULT,2024,1,,,,crime_dataset_1,,
Surat,ASSAULT,2024,1,,,,crime_dataset_1,,
Nagpur,ASSAULT,2024,1,,,,crime_dataset_1,,
Kolkata,ASSAULT,2024,1,,,,crime_dataset_1,,
Bhopal,ASSAULT,2024,1,,,,crime_dataset_1,,
Visakhapatnam,KIDNAPPING,2024,1,,,,crime_dataset_1,,
Lucknow,KIDNAPPING,2024,1,,,,crime_dataset_1,,
Faridabad,ASSAULT,2024,1,,,,crime_dataset_1,,
Hyderabad,ASSAULT,2024,1,,,,crime_dataset_1,,
Bangalore,SEXUAL ASSAULT,2024,1,,,,crime_dataset_1,,
Delhi,SEXUAL ASSAULT,2024,1,,,,crime_dataset_1,,
Chennai,SEXUAL ASSAULT,2024,1,,,,crime_dataset_1,,
Delhi,KIDNAPPING,2024,1,,,,crime_dataset_1,,
Agra,KIDNAPPING,2024,1,,,,crime_dataset_1,,
Nagpur,SEXUAL ASSAULT,2024,1,,,,crime_dataset_1,,
Hyderabad,SEXUAL ASSAULT,2024,1,,,,crime_dataset_1,,
Delhi,ASSAULT,2024,1,,,,crime_dataset_1,,
Chennai,SEXUAL ASSAULT,2024,1,,,,crime_dataset_1,,
Indore,SEXUAL ASSAULT,2024,1,,,,crime_dataset_1,,
Kolkata,ASSAULT,2024,1,,,,crime_dataset_1,,
Hyderabad,ASSAULT,2024,1,,,,crime_dataset_1,,
Pune,KIDNAPPING,2024,1,,,,crime_dataset_1,,
Mumbai,SEXUAL ASSAULT,2024,1,,,,crime_dataset_1,,
Kolkata,KIDNAPPING,2024,1,,,,crime_dataset_1,,
Delhi,KIDNAPPING,2024,1,,,,crime_dataset_1,,
Mumbai,SEXUAL ASSAULT,2024,1,,,,crime_dataset_1,,
Meerut,KIDNAPPING,2024,1,,,,crime_dataset_1,,
Bangalore,ASSAULT,2024,1,,,,crime_dataset_1,,
Kanpur,ASSAULT,2024,1,,,,crime_dataset_1,,
Hyderabad,SEXUAL ASSAULT,2024,1,,,,crime_dataset_1,,
Lucknow,SEXUAL ASSAULT,2024,1,,,,crime_dataset_1,,
Hyderabad,ASSAULT,2024,1,,,,crime_dataset_1,,
Faridabad,ASSAULT,2024,1,,,,crime_dataset_1,,
Hyderabad,ASSAULT,2024,1,,,,crime_dataset_1,,
Delhi,KIDNAPPING,2024,1,,,,crime_dataset_1,,
Bangalore,KIDNAPPING,2024,1,,,,crime_dataset_1,,
Hyderabad,KIDNAPPING,2024,1,,,,crime_dataset_1,,
Delhi,KIDNAPPING,2024,1,,,,crime_dataset_1,,
Patna,KIDNAPPING,2024,1,,,,crime_dataset_1,,
Surat,KIDNAPPING,2024,1,,,,crime_dataset_1,,
Ahmedabad,SEXUAL ASSAULT,2024,1,,,,crime_dataset_1,,
Meerut,KIDNAPPING,2024,1,,,,crime_dataset_1,,
Lucknow,SEXUAL ASSAULT,2024,1,,,,crime_dataset_1,,
Delhi,ASSAULT,2024,1,,,,crime_dataset_1,,
Visakhapatnam,SEXUAL ASSAULT,2024,1,,,,crime_dataset_1,,
Varanasi,KIDNAPPING,2024,1,,,,crime_dataset_1,,
Agra,SEXUAL ASSAULT,2024,1,,,,crime_dataset_1,,
Nashik,SEXUAL ASSAULT,2024,1,,,,crime_dataset_1,,
Kanpur,ASSAULT,2024,1,,,,crime_dataset_1,,
Indore,SEXUAL ASSAULT,2024,1,,,,crime_dataset_1,,
Bangalore,ASSAULT,2024,1,,,,crime_dataset_1,,
Delhi,ASSAULT,2024,1,,,,crime_dataset_1,,
Bangalore,ASSAULT,2024,1,,,,crime_dataset_1,,
Ludhiana,SEXUAL ASSAULT,2024,1,,,,crime_dataset_1,,
Bangalore,ASSAULT,2024,1,,,,crime_dataset_1,,
Mumbai,SEXUAL ASSAULT,2024,1,,,,crime_dataset_1,,
Ludhiana,SEXUAL ASSAULT,2024,1,,,,crime_dataset_1,,
Kolkata,ASSAULT,2024,1,,,,crime_dataset_1,,
Lucknow,SEXUAL ASSAULT,2024,1,,,,crime_dataset_1,,
Vasai,KIDNAPPING,2024,1,,,,crime_dataset_1,,
Pune,ASSAULT,2024,1,,,,crime_dataset_1,,
Bangalore,KIDNAPPING,2024,1,,,,crime_dataset_1,,
Jaipur,KIDNAPPING,2024,1,,,,crime_dataset_1,,
Chennai,KIDNAPPING,2024,1,,,,crime_dataset_1,,
Delhi,KIDNAPPING,2024,1,,,,crime_dataset_1,,
Kanpur,SEXUAL ASSAULT,2024,1,,,,crime_dataset_1,,
Delhi,SEXUAL ASSAULT,2024,1,,,,crime_dataset_1,,
Pune,KIDNAPPING,2024,1,,,,crime_dataset_1,,
Visakhapatnam,SEXUAL ASSAULT,2024,1,,,,crime_dataset_1,,
Chennai,ASSAULT,2024,1,,,,crime_dataset_1,,
Meerut,KIDNAPPING,2024,1,,,,crime_dataset_1,,
Mumbai,ASSAULT,2024,1,,,,crime_dataset_1,,
Vasai,SEXUAL ASSAULT,2024,1,,,,crime_dataset_1,,
Delhi,SEXUAL ASSAULT,2024,1,,,,crime_dataset_1,,
Jaipur,ASSAULT,2024,1,,,,crime_dataset_1,,
Delhi,KIDNAPPING,2024,1,,,,crime_dataset_1,,
Kanpur,SEXUAL ASSAULT,2024,1,,,,crime_dataset_1,,
Bangalore,ASSAULT,2024,1,,,,crime_dataset_1,,
Delhi,SEXUAL ASSAULT,2024,1,,,,crime_dataset_1,,
Rajkot,ASSAULT,2024,1,,,,crime_dataset_1,,
Ahmedabad,ASSAULT,2024,1,,,,crime_dataset_1,,
Kolkata,KIDNAPPING,2024,1,,,,crime_dataset_1,,
Mumbai,ASSAULT,2024,1,,,,crime_dataset_1,,
Bangalore,SEXUAL ASSAULT,2024,1,,,,crime_dataset_1,,
Mumbai,KIDNAPPING,2024,1,,,,crime_dataset_1,,
Delhi,KIDNAPPING,2024,1,,,,crime_dataset_1,,
Kolkata,KIDNAPPING,2024,1,,,,crime_dataset_1,,
Bangalore,SEXUAL ASSAULT,2024,1,,,,crime_dataset_1,,
Mumbai,SEXUAL ASSAULT,2024,1,,,,crime_dataset_1,,
Meerut,KIDNAPPING,2024,1,,,,crime_dataset_1,,
Kalyan,KIDNAPPING,2024,1,,,,crime_dataset_1,,
Bhopal,ASSAULT,2024,1,,,,crime_dataset_1,,
Mumbai,SEXUAL ASSAULT,2024,1,,,,crime_dataset_1,,
Mumbai,ASSAULT,2024,1,,,,crime_dataset_1,,
Chennai,SEXUAL ASSAULT,2024,1,,,,crime_dataset_1,,
Hyderabad,KIDNAPPING,2024,1,,,,crime_dataset_1,,
Pune,SEXUAL ASSAULT,2024,1,,,,crime_dataset_1,,
Hyderabad,ASSAULT,2024,1,,,,crime_dataset_1,,
Mumbai,KIDNAPPING,2024,1,,,,crime_dataset_1,,
Chennai,SEXUAL ASSAULT,2024,1,,,,crime_dataset_1,,
Pune,KIDNAPPING,2024,1,,,,crime_dataset_1,,
Mumbai,ASSAULT,2024,1,,,,crime_dataset_1,,
Vasai,ASSAULT,2024,1,,,,crime_dataset_1,,
Bhopal,SEXUAL ASSAULT,2024,1,,,,crime_dataset_1,,
Hyderabad,KIDNAPPING,2024,1,,,,crime_dataset_1,,
Vasai,KIDNAPPING,2024,1,,,,crime_dataset_1,,
Jaipur,SEXUAL ASSAULT,2024,1,,,,crime_dataset_1,,
Kolkata,SEXUAL ASSAULT,2024,1,,,,crime_dataset_1,,
Thane,SEXUAL ASSAULT,2024,1,,,,crime_dataset_1,,
Delhi,SEXUAL ASSAULT,2024,1,,,,crime_dataset_1,,
Jaipur,KIDNAPPING,2024,1,,,,crime_dataset_1,,
Nagpur,KIDNAPPING,2024,1,,,,crime_dataset_1,,
Bangalore,SEXUAL ASSAULT,2024,1,,,,crime_dataset_1,,
Delhi,KIDNAPPING,2024,1,,,,crime_dataset_1,,
Delhi,SEXUAL ASSAULT,2024,1,,,,crime_dataset_1,,
Ahmedabad,KIDNAPPING,2024,1,,,,crime_dataset_1,,
Rajkot,SEXUAL ASSAULT,2024,1,,,,crime_dataset_1,,
Delhi,ASSAULT,2024,1,,,,crime_dataset_1,,
Ahmedabad,SEXUAL ASSAULT,2024,1,,,,crime_dataset_1,,
Delhi,ASSAULT,2024,1,,,,crime_dataset_1,,
Agra,ASSAULT,2024,1,,,,crime_dataset_1,,
Ludhiana,SEXUAL ASSAULT,2024,1,,,,crime_dataset_1,,
Delhi,KIDNAPPING,2024,1,,,,crime_dataset_1,,
Pune,KIDNAPPING,2024,1,,,,crime_dataset_1,,
Ahmedabad,ASSAULT,2024,1,,,,crime_dataset_1,,
Delhi,KIDNAPPING,2024,1,,,,crime_dataset_1,,
Ludhiana,SEXUAL ASSAULT,2024,1,,,,crime_dataset_1,,
Hyderabad,KIDNAPPING,2024,1,,,,crime_dataset_1,,
Rajkot,KIDNAPPING,2024,1,,,,crime_dataset_1,,
Lucknow,ASSAULT,2024,1,,,,crime_dataset_1,,
Ahmedabad,ASSAULT,2024,1,,,,crime_dataset_1,,
Pune,SEXUAL ASSAULT,2024,1,,,,crime_dataset_1,,
Chennai,SEXUAL ASSAULT,2024,1,,,,crime_dataset_1,,
Chennai,ASSAULT,2024,1,,,,crime_dataset_1,,
Delhi,SEXUAL ASSAULT,2024,1,,,,crime_dataset_1,,
Kolkata,KIDNAPPING,2024,1,,,,crime_dataset_1,,
Kanpur,KIDNAPPING,2024,1,,,,crime_dataset_1,,
Bangalore,ASSAULT,2024,1,,,,crime_dataset_1,,
Delhi,SEXUAL ASSAULT,2024,1,,,,crime_dataset_1,,
Delhi,SEXUAL ASSAULT,2024,1,,,,crime_dataset_1,,
Indore,ASSAULT,2024,1,,,,crime_dataset_1,,
Mumbai,SEXUAL ASSAULT,2024,1,,,,crime_dataset_1,,
Surat,KIDNAPPING,2024,1,,,,crime_dataset_1,,
Jaipur,SEXUAL ASSAULT,2024,1,,,,crime_dataset_1,,
Bhopal,ASSAULT,2024,1,,,,crime_dataset_1,,
Mumbai,KIDNAPPING,2024,1,,,,crime_dataset_1,,
Bangalore,KIDNAPPING,2024,1,,,,crime_dataset_1,,
Varanasi,KIDNAPPING,2024,1,,,,crime_dataset_1,,
Ludhiana,KIDNAPPING,2024,1,,,,crime_dataset_1,,
Surat,KIDNAPPING,2024,1,,,,crime_dataset_1,,
Surat,SEXUAL ASSAULT,2024,1,,,,crime_dataset_1,,
Bangalore,KIDNAPPING,2024,1,,,,crime_dataset_1,,
Bangalore,ASSAULT,2024,1,,,,crime_dataset_1,,
Delhi,ASSAULT,2024,1,,,,crime_dataset_1,,
Mumbai,KIDNAPPING,2024,1,,,,crime_dataset_1,,
Chennai,ASSAULT,2024,1,,,,crime_dataset_1,,
Agra,ASSAULT,2024,1,,,,crime_dataset_1,,
Kanpur,ASSAULT,2024,1,,,,crime_dataset_1,,
Pune,ASSAULT,2024,1,,,,crime_dataset_1,,
Hyderabad,ASSAULT,2024,1,,,,crime_dataset_1,,
Kolkata,KIDNAPPING,2024,1,,,,crime_dataset_1,,
Delhi,SEXUAL ASSAULT,2024,1,,,,crime_dataset_1,,
Mumbai,ASSAULT,2024,1,,,,crime_dataset_1,,
Surat,SEXUAL ASSAULT,2024,1,,,,crime_dataset_1,,
Hyderabad,KIDNAPPING,2024,1,,,,crime_dataset_1,,
Kolkata,SEXUAL ASSAULT,2024,1,,,,crime_dataset_1,,
Ahmedabad,KIDNAPPING,2024,1,,,,crime_dataset_1,,
Kolkata,SEXUAL ASSAULT,2024,1,,,,crime_dataset_1,,
Mumbai,KIDNAPPING,2024,1,,,,crime_dataset_1,,
Pune,KIDNAPPING,2024,1,,,,crime_dataset_1,,
Surat,SEXUAL ASSAULT,2024,1,,,,crime_dataset_1,,
Kolkata,SEXUAL ASSAULT,2024,1,,,,crime_dataset_1,,
Bangalore,ASSAULT,2024,1,,,,crime_dataset_1,,
Lucknow,SEXUAL ASSAULT,2024,1,,,,crime_dataset_1,,
Nagpur,KIDNAPPING,2024,1,,,,crime_dataset_1,,
Delhi,SEXUAL ASSAULT,2024,1,,,,crime_dataset_1,,
Mumbai,ASSAULT,2024,1,,,,crime_dataset_1,,
Kanpur,KIDNAPPING,2024,1,,,,crime_dataset_1,,
Delhi,SEXUAL ASSAULT,2024,1,,,,crime_dataset_1,,
Visakhapatnam,SEXUAL ASSAULT,2024,1,,,,crime_dataset_1,,
Nagpur,KIDNAPPING,2024,1,,,,crime_dataset_1,,
Kanpur,KIDNAPPING,2024,1,,,,crime_dataset_1,,
Kolkata,SEXUAL ASSAULT,2024,1,,,,crime_dataset_1,,
Delhi,SEXUAL ASSAULT,2024,1,,,,crime_dataset_1,,
Agra,ASSAULT,2024,1,,,,crime_dataset_1,,
Bangalore,KIDNAPPING,2024,1,,,,crime_dataset_1,,
Kolkata,KIDNAPPING,2024,1,,,,crime_dataset_1,,
Kalyan,SEXUAL ASSAULT,2024,1,,,,crime_dataset_1,,
Mumbai,SEXUAL ASSAULT,2024,1,,,,crime_dataset_1,,
Thane,ASSAULT,2024,1,,,,crime_dataset_1,,
Hyderabad,KIDNAPPING,2024,1,,,,crime_dataset_1,,
Vasai,KIDNAPPING,2024,1,,,,crime_dataset_1,,
Delhi,KIDNAPPING,2024,1,,,,crime_dataset_1,,
Chennai,SEXUAL ASSAULT,2024,1,,,,crime_dataset_1,,
Hyderabad,ASSAULT,2024,1,,,,crime_dataset_1,,
Mumbai,KIDNAPPING,2024,1,,,,crime_dataset_1,,
Delhi,ASSAULT,2024,1,,,,crime_dataset_1,,
Delhi,SEXUAL ASSAULT,2024,1,,,,crime_dataset_1,,
Chennai,ASSAULT,2024,1,,,,crime_dataset_1,,
Surat,SEXUAL ASSAULT,2024,1,,,,crime_dataset_1,,
Pune,SEXUAL ASSAULT,2024,1,,,,crime_dataset_1,,
Chennai,SEXUAL ASSAULT,2024,1,,,,crime_dataset_1,,
Indore,KIDNAPPING,2024,1,,,,crime_dataset_1,,
Chennai,KIDNAPPING,2024,1,,,,crime_dataset_1,,
Mumbai,ASSAULT,2024,1,,,,crime_dataset_1,,
Mumbai,SEXUAL ASSAULT,2024,1,,,,crime_dataset_1,,
Kolkata,ASSAULT,2024,1,,,,crime_dataset_1,,
Hyderabad,SEXUAL ASSAULT,2024,1,,,,crime_dataset_1,,
Chennai,SEXUAL ASSAULT,2024,1,,,,crime_dataset_1,,
Hyderabad,SEXUAL ASSAULT,2024,1,,,,crime_dataset_1,,
Bangalore,KIDNAPPING,2024,1,,,,crime_dataset_1,,
Nashik,SEXUAL ASSAULT,2024,1,,,,crime_dataset_1,,
Indore,ASSAULT,2024,1,,,,crime_dataset_1,,
Surat,KIDNAPPING,2024,1,,,,crime_dataset_1,,
Patna,ASSAULT,2024,1,,,,crime_dataset_1,,
Delhi,SEXUAL ASSAULT,2024,1,,,,crime_dataset_1,,
Pune,KIDNAPPING,2024,1,,,,crime_dataset_1,,
Ludhiana,KIDNAPPING,2024,1,,,,crime_dataset_1,,
Ludhiana,KIDNAPPING,2024,1,,,,crime_dataset_1,,
Delhi,KIDNAPPING,2024,1,,,,crime_dataset_1,,
Varanasi,KIDNAPPING,2024,1,,,,crime_dataset_1,,
Indore,KIDNAPPING,2024,1,,,,crime_dataset_1,,
Bangalore,SEXUAL ASSAULT,2024,1,,,,crime_dataset_1,,
Ghaziabad,SEXUAL ASSAULT,2024,1,,,,crime_dataset_1,,
Thane,SEXUAL ASSAULT,2024,1,,,,crime_dataset_1,,
Delhi,SEXUAL ASSAULT,2024,1,,,,crime_dataset_1,,
Mumbai,SEXUAL ASSAULT,2024,1,,,,crime_dataset_1,,
Chennai,KIDNAPPING,2024,1,,,,crime_dataset_1,,
Nashik,ASSAULT,2024,1,,,,crime_dataset_1,,
Vasai,SEXUAL ASSAULT,2024,1,,,,crime_dataset_1,,
Agra,ASSAULT,2024,1,,,,crime_dataset_1,,
Mumbai,ASSAULT,2024,1,,,,crime_dataset_1,,
Hyderabad,ASSAULT,2024,1,,,,crime_dataset_1,,
Bangalore,KIDNAPPING,2024,1,,,,crime_dataset_1,,
Chennai,ASSAULT,2024,1,,,,crime_dataset_1,,
Bangalore,KIDNAPPING,2024,1,,,,crime_dataset_1,,
Pune,ASSAULT,2024,1,,,,crime_dataset_1,,
Vasai,SEXUAL ASSAULT,2024,1,,,,crime_dataset_1,,
Bangalore,KIDNAPPING,2024,1,,,,crime_dataset_1,,
Hyderabad,ASSAULT,2024,1,,,,crime_dataset_1,,
Bangalore,KIDNAPPING,2024,1,,,,crime_dataset_1,,
Mumbai,KIDNAPPING,2024,1,,,,crime_dataset_1,,
Visakhapatnam,SEXUAL ASSAULT,2024,1,,,,crime_dataset_1,,
Thane,SEXUAL ASSAULT,2024,1,,,,crime_dataset_1,,
Kolkata,SEXUAL ASSAULT,2024,1,,,,crime_dataset_1,,
Jaipur,SEXUAL ASSAULT,2024,1,,,,crime_dataset_1,,
Agra,KIDNAPPING,2024,1,,,,crime_dataset_1,,
Mumbai,SEXUAL ASSAULT,2024,1,,,,crime_dataset_1,,
Bangalore,SEXUAL ASSAULT,2024,1,,,,crime_dataset_1,,
Mumbai,KIDNAPPING,2024,1,,,,crime_dataset_1,,
Chennai,KIDNAPPING,2024,1,,,,crime_dataset_1,,
Indore,ASSAULT,2024,1,,,,crime_dataset_1,,
Mumbai,KIDNAPPING,2024,1,,,,crime_dataset_1,,
CLUSTER 28,ASSAULT W/DANGEROUS WEAPON,2024,1,,,,outdoor_2024,,
CLUSTER 39,ASSAULT W/DANGEROUS WEAPON,2024,1,,,,outdoor_2024,,
CLUSTER 1,ASSAULT W/DANGEROUS WEAPON,2024,1,,,,outdoor_2024,,
CLUSTER 39,ASSAULT W/DANGEROUS WEAPON,2024,1,,,,outdoor_2024,,
CLUSTER 18,ASSAULT W/DANGEROUS WEAPON,2024,1,,,,outdoor_2024,,
CLUSTER 28,ASSAULT W/DANGEROUS WEAPON,2024,1,,,,outdoor_2024,,
CLUSTER 39,ASSAULT W/DANGEROUS WEAPON,2024,1,,,,outdoor_2024,,
CLUSTER 17,ASSAULT W/DANGEROUS WEAPON,2024,1,,,,outdoor_2024,,
CLUSTER 9,ASSAULT W/DANGEROUS WEAPON,2024,1,,,,outdoor_2024,,
CLUSTER 39,ASSAULT W/DANGEROUS WEAPON,2024,1,,,,outdoor_2024,,
CLUSTER 1,ASSAULT W/DANGEROUS WEAPON,2024,1,,,,outdoor_2024,,
CLUSTER 39,ASSAULT W/DANGEROUS WEAPON,2024,1,,,,outdoor_2024,,
CLUSTER 36,ASSAULT W/DANGEROUS WEAPON,2024,1,,,,outdoor_2024,,
CLUSTER 36,ASSAULT W/DANGEROUS WEAPON,2024,1,,,,outdoor_2024,,
CLUSTER 17,ASSAULT W/DANGEROUS WEAPON,2024,1,,,,outdoor_2024,,
CLUSTER 17,ASSAULT W/DANGEROUS WEAPON,2024,1,,,,outdoor_2024,,
CLUSTER 21,ASSAULT W/DANGEROUS WEAPON,2024,1,,,,outdoor_2024,,
CLUSTER 26,ASSAULT W/DANGEROUS WEAPON,2024,1,,,,outdoor_2024,,
CLUSTER 21,ASSAULT W/DANGEROUS WEAPON,2024,1,,,,outdoor_2024,,
CLUSTER 26,ASSAULT W/DANGEROUS WEAPON,2024,1,,,,outdoor_2024,,
CLUSTER 30,ASSAULT W/DANGEROUS WEAPON,2024,1,,,,outdoor_2024,,
CLUSTER 25,ASSAULT W/DANGEROUS WEAPON,2024,1,,,,outdoor_2024,,
CLUSTER 3,ASSAULT W/DANGEROUS WEAPON,2024,1,,,,outdoor_2024,,
CLUSTER 38,ASSAULT W/DANGEROUS WEAPON,2024,1,,,,outdoor_2024,,
CLUSTER 21,ASSAULT W/DANGEROUS WEAPON,2024,1,,,,outdoor_2024,,
CLUSTER 34,ASSAULT W/DANGEROUS WEAPON,2024,1,,,,outdoor_2024,,
CLUSTER 28,ASSAULT W/DANGEROUS WEAPON,2024,1,,,,outdoor_2024,,
CLUSTER 39,ASSAULT W/DANGEROUS WEAPON,2024,1,,,,outdoor_2024,,
CLUSTER 37,ASSAULT W/DANGEROUS WEAPON,2024,1,,,,outdoor_2024,,
CLUSTER 23,ASSAULT W/DANGEROUS WEAPON,2024,1,,,,outdoor_2024,,
CLUSTER 20,ASSAULT W/DANGEROUS WEAPON,2024,1,,,,outdoor_2024,,
CLUSTER 21,ASSAULT W/DANGEROUS WEAPON,2024,1,,,,outdoor_2024,,
CLUSTER 23,ASSAULT W/DANGEROUS WEAPON,2024,1,,,,outdoor_2024,,
CLUSTER 2,ASSAULT W/DANGEROUS WEAPON,2024,1,,,,outdoor_2024,,
CLUSTER 32,ASSAULT W/DANGEROUS WEAPON,2024,1,,,,outdoor_2024,,
CLUSTER 5,ASSAULT W/DANGEROUS WEAPON,2024,1,,,,outdoor_2024,,
CLUSTER 33,ASSAULT W/DANGEROUS WEAPON,2024,1,,,,outdoor_2024,,
CLUSTER 9,ASSAULT W/DANGEROUS WEAPON,2024,1,,,,outdoor_2024,,
CLUSTER 39,ASSAULT W/DANGEROUS WEAPON,2024,1,,,,outdoor_2024,,
CLUSTER 38,ASSAULT W/DANGEROUS WEAPON,2024,1,,,,outdoor_2024,,
CLUSTER 38,ASSAULT W/DANGEROUS WEAPON,2024,1,,,,outdoor_2024,,
CLUSTER 8,ASSAULT W/DANGEROUS WEAPON,2024,1,,,,outdoor_2024,,
CLUSTER 25,ASSAULT W/DANGEROUS WEAPON,2024,1,,,,outdoor_2024,,
CLUSTER 34,ASSAULT W/DANGEROUS WEAPON,2024,1,,,,outdoor_2024,,
CLUSTER 27,ASSAULT W/DANGEROUS WEAPON,2024,1,,,,outdoor_2024,,
CLUSTER 31,ASSAULT W/DANGEROUS WEAPON,2024,1,,,,outdoor_2024,,
CLUSTER 19,ASSAULT W/DANGEROUS WEAPON,2024,1,,,,outdoor_2024,,
CLUSTER 29,ASSAULT W/DANGEROUS WEAPON,2024,1,,,,outdoor_2024,,
CLUSTER 31,ASSAULT W/DANGEROUS WEAPON,2024,1,,,,outdoor_2024,,
CLUSTER 39,ASSAULT W/DANGEROUS WEAPON,2024,1,,,,outdoor_2024,,
CLUSTER 8,ASSAULT W/DANGEROUS WEAPON,2024,1,,,,outdoor_2024,,
CLUSTER 38,ASSAULT W/DANGEROUS WEAPON,2024,1,,,,outdoor_2024,,
CLUSTER 26,ASSAULT W/DANGEROUS WEAPON,2024,1,,,,outdoor_2024,,
CLUSTER 8,ASSAULT W/DANGEROUS WEAPON,2024,1,,,,outdoor_2024,,
CLUSTER 36,ASSAULT W/DANGEROUS WEAPON,2024,1,,,,outdoor_2024,,
CLUSTER 17,ASSAULT W/DANGEROUS WEAPON,2024,1,,,,outdoor_2024,,
CLUSTER 23,ASSAULT W/DANGEROUS WEAPON,2024,1,,,,outdoor_2024,,
CLUSTER 34,ASSAULT W/DANGEROUS WEAPON,2024,1,,,,outdoor_2024,,
CLUSTER 31,ASSAULT W/DANGEROUS WEAPON,2024,1,,,,outdoor_2024,,
CLUSTER 29,ASSAULT W/DANGEROUS WEAPON,2024,1,,,,outdoor_2024,,
CLUSTER 18,ASSAULT W/DANGEROUS WEAPON,2024,1,,,,outdoor_2024,,
CLUSTER 27,ASSAULT W/DANGEROUS WEAPON,2024,1,,,,outdoor_2024,,
CLUSTER 18,ASSAULT W/DANGEROUS WEAPON,2024,1,,,,outdoor_2024,,
CLUSTER 18,ASSAULT W/DANGEROUS WEAPON,2024,1,,,,outdoor_2024,,
CLUSTER 17,ASSAULT W/DANGEROUS WEAPON,2024,1,,,,outdoor_2024,,
CLUSTER 18,ASSAULT W/DANGEROUS WEAPON,2024,1,,,,outdoor_2024,,
CLUSTER 18,ASSAULT W/DANGEROUS WEAPON,2024,1,,,,outdoor_2024,,
CLUSTER 2,ASSAULT W/DANGEROUS WEAPON,2024,1,,,,outdoor_2024,,
CLUSTER 30,ASSAULT W/DANGEROUS WEAPON,2024,1,,,,outdoor_2024,,
CLUSTER 17,ASSAULT W/DANGEROUS WEAPON,2024,1,,,,outdoor_2024,,
CLUSTER 23,ASSAULT W/DANGEROUS WEAPON,2024,1,,,,outdoor_2024,,
CLUSTER 33,ASSAULT W/DANGEROUS WEAPON,2024,1,,,,outdoor_2024,,
CLUSTER 34,ASSAULT W/DANGEROUS WEAPON,2024,1,,,,outdoor_2024,,
CLUSTER 32,ASSAULT W/DANGEROUS WEAPON,2024,1,,,,outdoor_2024,,
CLUSTER 32,ASSAULT W/DANGEROUS WEAPON,2024,1,,,,outdoor_2024,,
CLUSTER 21,ASSAULT W/DANGEROUS WEAPON,2024,1,,,,outdoor_2024,,
CLUSTER 8,ASSAULT W/DANGEROUS WEAPON,2024,1,,,,outdoor_2024,,
CLUSTER 30,ASSAULT W/DANGEROUS WEAPON,2024,1,,,,outdoor_2024,,
CLUSTER 30,ASSAULT W/DANGEROUS WEAPON,2024,1,,,,outdoor_2024,,
CLUSTER 28,ASSAULT W/DANGEROUS WEAPON,2024,1,,,,outdoor_2024,,
NAN,ASSAULT W/DANGEROUS WEAPON,2024,1,,,,outdoor_2024,,
CLUSTER 18,ASSAULT W/DANGEROUS WEAPON,2024,1,,,,outdoor_2024,,
CLUSTER 1,ASSAULT W/DANGEROUS WEAPON,2024,1,,,,outdoor_2024,,
CLUSTER 3,ASSAULT W/DANGEROUS WEAPON,2024,1,,,,outdoor_2024,,
CLUSTER 23,ASSAULT W/DANGEROUS WEAPON,2024,1,,,,outdoor_2024,,
CLUSTER 25,ASSAULT W/DANGEROUS WEAPON,2024,1,,,,outdoor_2024,,
CLUSTER 18,ASSAULT W/DANGEROUS WEAPON,2024,1,,,,outdoor_2024,,
CLUSTER 22,ASSAULT W/DANGEROUS WEAPON,2024,1,,,,outdoor_2024,,
CLUSTER 3,ASSAULT W/DANGEROUS WEAPON,2024,1,,,,outdoor_2024,,
CLUSTER 30,ASSAULT W/DANGEROUS WEAPON,2024,1,,,,outdoor_2024,,
CLUSTER 33,ASSAULT W/DANGEROUS WEAPON,2024,1,,,,outdoor_2024,,
CLUSTER 34,ASSAULT W/DANGEROUS WEAPON,2024,1,,,,outdoor_2024,,
CLUSTER 6,ASSAULT W/DANGEROUS WEAPON,2024,1,,,,outdoor_2024,,
CLUSTER 30,ASSAULT W/DANGEROUS WEAPON,2024,1,,,,outdoor_2024,,
CLUSTER 34,ASSAULT W/DANGEROUS WEAPON,2024,1,,,,outdoor_2024,,
CLUSTER 30,ASSAULT W/DANGEROUS WEAPON,2024,1,,,,outdoor_2024,,
CLUSTER 39,ASSAULT W/DANGEROUS WEAPON,2024,1,,,,outdoor_2024,,
CLUSTER 37,ASSAULT W/DANGEROUS WEAPON,2024,1,,,,outdoor_2024,,
CLUSTER 21,ASSAULT W/DANGEROUS WEAPON,2024,1,,,,outdoor_2024,,
CLUSTER 23,ASSAULT W/DANGEROUS WEAPON,2024,1,,,,outdoor_2024,,
CLUSTER 21,ASSAULT W/DANGEROUS WEAPON,2024,1,,,,outdoor_2024,,
CLUSTER 38,ASSAULT W/DANGEROUS WEAPON,2024,1,,,,outdoor_2024,,
CLUSTER 38,ASSAULT W/DANGEROUS WEAPON,2024,1,,,,outdoor_2024,,
CLUSTER 30,ASSAULT W/DANGEROUS WEAPON,2024,1,,,,outdoor_2024,,
CLUSTER 14,ASSAULT W/DANGEROUS WEAPON,2024,1,,,,outdoor_2024,,
CLUSTER 36,ASSAULT W/DANGEROUS WEAPON,2024,1,,,,outdoor_2024,,
CLUSTER 39,ASSAULT W/DANGEROUS WEAPON,2024,1,,,,outdoor_2024,,
CLUSTER 22,ASSAULT W/DANGEROUS WEAPON,2024,1,,,,outdoor_2024,,
CLUSTER 8,ASSAULT W/DANGEROUS WEAPON,2024,1,,,,outdoor_2024,,
CLUSTER 17,ASSAULT W/DANGEROUS WEAPON,2024,1,,,,outdoor_2024,,
CLUSTER 36,ASSAULT W/DANGEROUS WEAPON,2024,1,,,,outdoor_2024,,
CLUSTER 39,ASSAULT W/DANGEROUS WEAPON,2024,1,,,,outdoor_2024,,
CLUSTER 32,ASSAULT W/DANGEROUS WEAPON,2024,1,,,,outdoor_2024,,
CLUSTER 2,ASSAULT W/DANGEROUS WEAPON,2024,1,,,,outdoor_2024,,
CLUSTER 6,ASSAULT W/DANGEROUS WEAPON,2024,1,,,,outdoor_2024,,
CLUSTER 23,ASSAULT W/DANGEROUS WEAPON,2024,1,,,,outdoor_2024,,
CLUSTER 34,ASSAULT W/DANGEROUS WEAPON,2024,1,,,,outdoor_2024,,
CLUSTER 6,ASSAULT W/DANGEROUS WEAPON,2024,1,,,,outdoor_2024,,
CLUSTER 32,ASSAULT W/DANGEROUS WEAPON,2024,1,,,,outdoor_2024,,
CLUSTER 39,ASSAULT W/DANGEROUS WEAPON,2024,1,,,,outdoor_2024,,
CLUSTER 34,ASSAULT W/DANGEROUS WEAPON,2024,1,,,,outdoor_2024,,
CLUSTER 23,ASSAULT W/DANGEROUS WEAPON,2024,1,,,,outdoor_2024,,
CLUSTER 32,ASSAULT W/DANGEROUS WEAPON,2024,1,,,,outdoor_2024,,
CLUSTER 34,ASSAULT W/DANGEROUS WEAPON,2024,1,,,,outdoor_2024,,
CLUSTER 36,ASSAULT W/DANGEROUS WEAPON,2024,1,,,,outdoor_2024,,
CLUSTER 39,ASSAULT W/DANGEROUS WEAPON,2024,1,,,,outdoor_2024,,
CLUSTER 31,ASSAULT W/DANGEROUS WEAPON,2024,1,,,,outdoor_2024,,
CLUSTER 3,ASSAULT W/DANGEROUS WEAPON,2024,1,,,,outdoor_2024,,
CLUSTER 28,ASSAULT W/DANGEROUS WEAPON,2024,1,,,,outdoor_2024,,
CLUSTER 34,ASSAULT W/DANGEROUS WEAPON,2024,1,,,,outdoor_2024,,
CLUSTER 36,ASSAULT W/DANGEROUS WEAPON,2024,1,,,,outdoor_2024,,
CLUSTER 28,ASSAULT W/DANGEROUS WEAPON,2024,1,,,,outdoor_2024,,
CLUSTER 1,ASSAULT W/DANGEROUS WEAPON,2024,1,,,,outdoor_2024,,
CLUSTER 7,ASSAULT W/DANGEROUS WEAPON,2024,1,,,,outdoor_2024,,
CLUSTER 33,ASSAULT W/DANGEROUS WEAPON,2024,1,,,,outdoor_2024,,
CLUSTER 18,ASSAULT W/DANGEROUS WEAPON,2024,1,,,,outdoor_2024,,
CLUSTER 1,ASSAULT W/DANGEROUS WEAPON,2024,1,,,,outdoor_2024,,
CLUSTER 30,ASSAULT W/DANGEROUS WEAPON,2024,1,,,,outdoor_2024,,
CLUSTER 6,ASSAULT W/DANGEROUS WEAPON,2024,1,,,,outdoor_2024,,
CLUSTER 37,ASSAULT W/DANGEROUS WEAPON,2024,1,,,,outdoor_2024,,
CLUSTER 32,ASSAULT W/DANGEROUS WEAPON,2024,1,,,,outdoor_2024,,
CLUSTER 34,ASSAULT W/DANGEROUS WEAPON,2024,1,,,,outdoor_2024,,
CLUSTER 30,ASSAULT W/DANGEROUS WEAPON,2024,1,,,,outdoor_2024,,
CLUSTER 23,ASSAULT W/DANGEROUS WEAPON,2024,1,,,,outdoor_2024,,
CLUSTER 21,ASSAULT W/DANGEROUS WEAPON,2024,1,,,,outdoor_2024,,
CLUSTER 35,ASSAULT W/DANGEROUS WEAPON,2024,1,,,,outdoor_2024,,
CLUSTER 39,ASSAULT W/DANGEROUS WEAPON,2024,1,,,,outdoor_2024,,
CLUSTER 25,ASSAULT W/DANGEROUS WEAPON,2024,1,,,,outdoor_2024,,
CLUSTER 23,ASSAULT W/DANGEROUS WEAPON,2024,1,,,,outdoor_2024,,
CLUSTER 6,ASSAULT W/DANGEROUS WEAPON,2024,1,,,,outdoor_2024,,
CLUSTER 39,ASSAULT W/DANGEROUS WEAPON,2024,1,,,,outdoor_2024,,
CLUSTER 23,ASSAULT W/DANGEROUS WEAPON,2024,1,,,,outdoor_2024,,
CLUSTER 24,ASSAULT W/DANGEROUS WEAPON,2024,1,,,,outdoor_2024,,
CLUSTER 29,ASSAULT W/DANGEROUS WEAPON,2024,1,,,,outdoor_2024,,
CLUSTER 16,ASSAULT W/DANGEROUS WEAPON,2024,1,,,,outdoor_2024,,
CLUSTER 34,ASSAULT W/DANGEROUS WEAPON,2024,1,,,,outdoor_2024,,
CLUSTER 19,ASSAULT W/DANGEROUS WEAPON,2024,1,,,,outdoor_2024,,
CLUSTER 32,ASSAULT W/DANGEROUS WEAPON,2024,1,,,,outdoor_2024,,
CLUSTER 30,ASSAULT W/DANGEROUS WEAPON,2024,1,,,,outdoor_2024,,
CLUSTER 25,ASSAULT W/DANGEROUS WEAPON,2024,1,,,,outdoor_2024,,
CLUSTER 44,ASSAULT W/DANGEROUS WEAPON,2024,1,,,,outdoor_2024,,
CLUSTER 31,ASSAULT W/DANGEROUS WEAPON,2024,1,,,,outdoor_2024,,
CLUSTER 23,ASSAULT W/DANGEROUS WEAPON,2024,1,,,,outdoor_2024,,
CLUSTER 32,ASSAULT W/DANGEROUS WEAPON,2024,1,,,,outdoor_2024,,
CLUSTER 30,ASSAULT W/DANGEROUS WEAPON,2024,1,,,,outdoor_2024,,
CLUSTER 2,ASSAULT W/DANGEROUS WEAPON,2024,1,,,,outdoor_2024,,
CLUSTER 18,ASSAULT W/DANGEROUS WEAPON,2024,1,,,,outdoor_2024,,
CLUSTER 39,ASSAULT W/DANGEROUS WEAPON,2024,1,,,,outdoor_2024,,
CLUSTER 39,ASSAULT W/DANGEROUS WEAPON,2024,1,,,,outdoor_2024,,
CLUSTER 18,ASSAULT W/DANGEROUS WEAPON,2024,1,,,,outdoor_2024,,
CLUSTER 37,ASSAULT W/DANGEROUS WEAPON,2024,1,,,,outdoor_2024,,
CLUSTER 2,ASSAULT W/DANGEROUS WEAPON,2024,1,,,,outdoor_2024,,
CLUSTER 33,ASSAULT W/DANGEROUS WEAPON,2024,1,,,,outdoor_2024,,
CLUSTER 2,ASSAULT W/DANGEROUS WEAPON,2024,1,,,,outdoor_2024,,
CLUSTER 23,ASSAULT W/DANGEROUS WEAPON,2024,1,,,,outdoor_2024,,
CLUSTER 2,ASSAULT W/DANGEROUS WEAPON,2024,1,,,,outdoor_2024,,
CLUSTER 29,ASSAULT W/DANGEROUS WEAPON,2024,1,,,,outdoor_2024,,
CLUSTER 18,ASSAULT W/DANGEROUS WEAPON,2024,1,,,,outdoor_2024,,
CLUSTER 26,ASSAULT W/DANGEROUS WEAPON,2024,1,,,,outdoor_2024,,
CLUSTER 37,ASSAULT W/DANGEROUS WEAPON,2024,1,,,,outdoor_2024,,
CLUSTER 30,ASSAULT W/DANGEROUS WEAPON,2024,1,,,,outdoor_2024,,
CLUSTER 28,ASSAULT W/DANGEROUS WEAPON,2024,1,,,,outdoor_2024,,
CLUSTER 7,ASSAULT W/DANGEROUS WEAPON,2024,1,,,,outdoor_2024,,
CLUSTER 36,ASSAULT W/DANGEROUS WEAPON,2024,1,,,,outdoor_2024,,
CLUSTER 28,ASSAULT W/DANGEROUS WEAPON,2024,1,,,,outdoor_2024,,
CLUSTER 21,ASSAULT W/DANGEROUS WEAPON,2024,1,,,,outdoor_2024,,
CLUSTER 30,ASSAULT W/DANGEROUS WEAPON,2024,1,,,,outdoor_2024,,
CLUSTER 22,ASSAULT W/DANGEROUS WEAPON,2024,1,,,,outdoor_2024,,
CLUSTER 18,ASSAULT W/DANGEROUS WEAPON,2024,1,,,,outdoor_2024,,
CLUSTER 37,ASSAULT W/DANGEROUS WEAPON,2024,1,,,,outdoor_2024,,
CLUSTER 4,ASSAULT W/DANGEROUS WEAPON,2024,1,,,,outdoor_2024,,
CLUSTER 36,ASSAULT W/DANGEROUS WEAPON,2024,1,,,,outdoor_2024,,
CLUSTER 2,ASSAULT W/DANGEROUS WEAPON,2024,1,,,,outdoor_2024,,
CLUSTER 19,ASSAULT W/DANGEROUS WEAPON,2024,1,,,,outdoor_2024,,
CLUSTER 20,ASSAULT W/DANGEROUS WEAPON,2024,1,,,,outdoor_2024,,
CLUSTER 32,ASSAULT W/DANGEROUS WEAPON,2024,1,,,,outdoor_2024,,
CLUSTER 22,ASSAULT W/DANGEROUS WEAPON,2024,1,,,,outdoor_2024,,
CLUSTER 25,ASSAULT W/DANGEROUS WEAPON,2024,1,,,,outdoor_2024,,
CLUSTER 8,ASSAULT W/DANGEROUS WEAPON,2024,1,,,,outdoor_2024,,
CLUSTER 14,ASSAULT W/DANGEROUS WEAPON,2024,1,,,,outdoor_2024,,
CLUSTER 38,ASSAULT W/DANGEROUS WEAPON,2024,1,,,,outdoor_2024,,
CLUSTER 37,ASSAULT W/DANGEROUS WEAPON,2024,1,,,,outdoor_2024,,
CLUSTER 30,ASSAULT W/DANGEROUS WEAPON,2024,1,,,,outdoor_2024,,
CLUSTER 39,ASSAULT W/DANGEROUS WEAPON,2024,1,,,,outdoor_2024,,
CLUSTER 34,ASSAULT W/DANGEROUS WEAPON,2024,1,,,,outdoor_2024,,
CLUSTER 25,ASSAULT W/DANGEROUS WEAPON,2024,1,,,,outdoor_2024,,
CLUSTER 25,ASSAULT W/DANGEROUS WEAPON,2024,1,,,,outdoor_2024,,
CLUSTER 26,ASSAULT W/DANGEROUS WEAPON,2024,1,,,,outdoor_2024,,
CLUSTER 31,ASSAULT W/DANGEROUS WEAPON,2024,1,,,,outdoor_2024,,
CLUSTER 26,ASSAULT W/DANGEROUS WEAPON,2024,1,,,,outdoor_2024,,
CLUSTER 39,ASSAULT W/DANGEROUS WEAPON,2024,1,,,,outdoor_2024,,
CLUSTER 36,ASSAULT W/DANGEROUS WEAPON,2024,1,,,,outdoor_2024,,
CLUSTER 34,ASSAULT W/DANGEROUS WEAPON,2024,1,,,,outdoor_2024,,
CLUSTER 21,ASSAULT W/DANGEROUS WEAPON,2024,1,,,,outdoor_2024,,
CLUSTER 37,ASSAULT W/DANGEROUS WEAPON,2024,1,,,,outdoor_2024,,
CLUSTER 19,ASSAULT W/DANGEROUS WEAPON,2024,1,,,,outdoor_2024,,
CLUSTER 2,ASSAULT W/DANGEROUS WEAPON,2024,1,,,,outdoor_2024,,
CLUSTER 39,ASSAULT W/DANGEROUS WEAPON,2024,1,,,,outdoor_2024,,
CLUSTER 28,ASSAULT W/DANGEROUS WEAPON,2024,1,,,,outdoor_2024,,
CLUSTER 35,ASSAULT W/DANGEROUS WEAPON,2024,1,,,,outdoor_2024,,
CLUSTER 25,ASSAULT W/DANGEROUS WEAPON,2024,1,,,,outdoor_2024,,
CLUSTER 32,ASSAULT W/DANGEROUS WEAPON,2024,1,,,,outdoor_2024,,
CLUSTER 35,ASSAULT W/DANGEROUS WEAPON,2024,1,,,,outdoor_2024,,
CLUSTER 32,ASSAULT W/DANGEROUS WEAPON,2024,1,,,,outdoor_2024,,
CLUSTER 21,ASSAULT W/DANGEROUS WEAPON,2024,1,,,,outdoor_2024,,
CLUSTER 31,ASSAULT W/DANGEROUS WEAPON,2024,1,,,,outdoor_2024,,
CLUSTER 25,ASSAULT W/DANGEROUS WEAPON,2024,1,,,,outdoor_2024,,
CLUSTER 2,ASSAULT W/DANGEROUS WEAPON,2024,1,,,,outdoor_2024,,
CLUSTER 34,ASSAULT W/DANGEROUS WEAPON,2024,1,,,,outdoor_2024,,
CLUSTER 22,ASSAULT W/DANGEROUS WEAPON,2024,1,,,,outdoor_2024,,
CLUSTER 39,ASSAULT W/DANGEROUS WEAPON,2024,1,,,,outdoor_2024,,
CLUSTER 39,ASSAULT W/DANGEROUS WEAPON,2024,1,,,,outdoor_2024,,
CLUSTER 6,ASSAULT W/DANGEROUS WEAPON,2024,1,,,,outdoor_2024,,
CLUSTER 33,ASSAULT W/DANGEROUS WEAPON,2024,1,,,,outdoor_2024,,
CLUSTER 18,ASSAULT W/DANGEROUS WEAPON,2024,1,,,,outdoor_2024,,
CLUSTER 30,ASSAULT W/DANGEROUS WEAPON,2024,1,,,,outdoor_2024,,
CLUSTER 6,ASSAULT W/DANGEROUS WEAPON,2024,1,,,,outdoor_2024,,
CLUSTER 17,ASSAULT W/DANGEROUS WEAPON,2024,1,,,,outdoor_2024,,
CLUSTER 6,ASSAULT W/DANGEROUS WEAPON,2024,1,,,,outdoor_2024,,
CLUSTER 36,ASSAULT W/DANGEROUS WEAPON,2024,1,,,,outdoor_2024,,
CLUSTER 31,ASSAULT W/DANGEROUS WEAPON,2024,1,,,,outdoor_2024,,
CLUSTER 39,ASSAULT W/DANGEROUS WEAPON,2024,1,,,,outdoor_2024,,
CLUSTER 34,ASSAULT W/DANGEROUS WEAPON,2024,1,,,,outdoor_2024,,
CLUSTER 34,ASSAULT W/DANGEROUS WEAPON,2024,1,,,,outdoor_2024,,
CLUSTER 25,ASSAULT W/DANGEROUS WEAPON,2024,1,,,,outdoor_2024,,
CLUSTER 39,ASSAULT W/DANGEROUS WEAPON,2024,1,,,,outdoor_2024,,
CLUSTER 18,ASSAULT W/DANGEROUS WEAPON,2024,1,,,,outdoor_2024,,
CLUSTER 19,ASSAULT W/DANGEROUS WEAPON,2024,1,,,,outdoor_2024,,
CLUSTER 2,ASSAULT W/DANGEROUS WEAPON,2024,1,,,,outdoor_2024,,
CLUSTER 45,ASSAULT W/DANGEROUS WEAPON,2024,1,,,,outdoor_2024,,
CLUSTER 39,ASSAULT W/DANGEROUS WEAPON,2024,1,,,,outdoor_2024,,
CLUSTER 36,ASSAULT W/DANGEROUS WEAPON,2024,1,,,,outdoor_2024,,
CLUSTER 25,ASSAULT W/DANGEROUS WEAPON,2024,1,,,,outdoor_2024,,
CLUSTER 5,ASSAULT W/DANGEROUS WEAPON,2024,1,,,,outdoor_2024,,
CLUSTER 38,ASSAULT W/DANGEROUS WEAPON,2024,1,,,,outdoor_2024,,
CLUSTER 39,ASSAULT W/DANGEROUS WEAPON,2024,1,,,,outdoor_2024,,
CLUSTER 14,ASSAULT W/DANGEROUS WEAPON,2024,1,,,,outdoor_2024,,
CLUSTER 28,ASSAULT W/DANGEROUS WEAPON,2024,1,,,,outdoor_2024,,
CLUSTER 38,ASSAULT W/DANGEROUS WEAPON,2024,1,,,,outdoor_2024,,
CLUSTER 36,ASSAULT W/DANGEROUS WEAPON,2024,1,,,,outdoor_2024,,
CLUSTER 19,ASSAULT W/DANGEROUS WEAPON,2024,1,,,,outdoor_2024,,
CLUSTER 36,ASSAULT W/DANGEROUS WEAPON,2024,1,,,,outdoor_2024,,
CLUSTER 26,ASSAULT W/DANGEROUS WEAPON,2024,1,,,,outdoor_2024,,
CLUSTER 19,ASSAULT W/DANGEROUS WEAPON,2024,1,,,,outdoor_2024,,
CLUSTER 3,ASSAULT W/DANGEROUS WEAPON,2024,1,,,,outdoor_2024,,
CLUSTER 32,ASSAULT W/DANGEROUS WEAPON,2024,1,,,,outdoor_2024,,
CLUSTER 39,ASSAULT W/DANGEROUS WEAPON,2024,1,,,,outdoor_2024,,
CLUSTER 9,ASSAULT W/DANGEROUS WEAPON,2024,1,,,,outdoor_2024,,
CLUSTER 23,ASSAULT W/DANGEROUS WEAPON,2024,1,,,,outdoor_2024,,
CLUSTER 3,ASSAULT W/DANGEROUS WEAPON,2024,1,,,,outdoor_2024,,
CLUSTER 25,ASSAULT W/DANGEROUS WEAPON,2024,1,,,,outdoor_2024,,
CLUSTER 22,ASSAULT W/DANGEROUS WEAPON,2024,1,,,,outdoor_2024,,
CLUSTER 30,ASSAULT W/DANGEROUS WEAPON,2024,1,,,,outdoor_2024,,
CLUSTER 31,ASSAULT W/DANGEROUS WEAPON,2024,1,,,,outdoor_2024,,
CLUSTER 36,ASSAULT W/DANGEROUS WEAPON,2024,1,,,,outdoor_2024,,
CLUSTER 25,ASSAULT W/DANGEROUS WEAPON,2024,1,,,,outdoor_2024,,
CLUSTER 11,ASSAULT W/DANGEROUS WEAPON,2024,1,,,,outdoor_2024,,
CLUSTER 33,ASSAULT W/DANGEROUS WEAPON,2024,1,,,,outdoor_2024,,
CLUSTER 28,ASSAULT W/DANGEROUS WEAPON,2024,1,,,,outdoor_2024,,
CLUSTER 17,ASSAULT W/DANGEROUS WEAPON,2024,1,,,,outdoor_2024,,
CLUSTER 25,ASSAULT W/DANGEROUS WEAPON,2024,1,,,,outdoor_2024,,
CLUSTER 3,ASSAULT W/DANGEROUS WEAPON,2024,1,,,,outdoor_2024,,
CLUSTER 2,ASSAULT W/DANGEROUS WEAPON,2024,1,,,,outdoor_2024,,
CLUSTER 39,ASSAULT W/DANGEROUS WEAPON,2024,1,,,,outdoor_2024,,
CLUSTER 33,ASSAULT W/DANGEROUS WEAPON,2024,1,,,,outdoor_2024,,
CLUSTER 19,ASSAULT W/DANGEROUS WEAPON,2024,1,,,,outdoor_2024,,
CLUSTER 34,ASSAULT W/DANGEROUS WEAPON,2024,1,,,,outdoor_2024,,
CLUSTER 25,ASSAULT W/DANGEROUS WEAPON,2024,1,,,,outdoor_2024,,
CLUSTER 15,ASSAULT W/DANGEROUS WEAPON,2024,1,,,,outdoor_2024,,
CLUSTER 25,ASSAULT W/DANGEROUS WEAPON,2024,1,,,,outdoor_2024,,
CLUSTER 21,ASSAULT W/DANGEROUS WEAPON,2024,1,,,,outdoor_2024,,
CLUSTER 39,ASSAULT W/DANGEROUS WEAPON,2024,1,,,,outdoor_2024,,
CLUSTER 18,ASSAULT W/DANGEROUS WEAPON,2024,1,,,,outdoor_2024,,
CLUSTER 25,ASSAULT W/DANGEROUS WEAPON,2024,1,,,,outdoor_2024,,
CLUSTER 21,ASSAULT W/DANGEROUS WEAPON,2024,1,,,,outdoor_2024,,
CLUSTER 17,ASSAULT W/DANGEROUS WEAPON,2024,1,,,,outdoor_2024,,
CLUSTER 18,ASSAULT W/DANGEROUS WEAPON,2024,1,,,,outdoor_2024,,
CLUSTER 8,ASSAULT W/DANGEROUS WEAPON,2024,1,,,,outdoor_2024,,
CLUSTER 33,ASSAULT W/DANGEROUS WEAPON,2024,1,,,,outdoor_2024,,
CLUSTER 18,ASSAULT W/DANGEROUS WEAPON,2024,1,,,,outdoor_2024,,
CLUSTER 34,ASSAULT W/DANGEROUS WEAPON,2024,1,,,,outdoor_2024,,
CLUSTER 15,ASSAULT W/DANGEROUS WEAPON,2024,1,,,,outdoor_2024,,
CLUSTER 38,ASSAULT W/DANGEROUS WEAPON,2024,1,,,,outdoor_2024,,
CLUSTER 8,ASSAULT W/DANGEROUS WEAPON,2024,1,,,,outdoor_2024,,
CLUSTER 8,ASSAULT W/DANGEROUS WEAPON,2024,1,,,,outdoor_2024,,
CLUSTER 39,ASSAULT W/DANGEROUS WEAPON,2024,1,,,,outdoor_2024,,
CLUSTER 18,ASSAULT W/DANGEROUS WEAPON,2024,1,,,,outdoor_2024,,
CLUSTER 39,ASSAULT W/DANGEROUS WEAPON,2024,1,,,,outdoor_2024,,
CLUSTER 39,ASSAULT W/DANGEROUS WEAPON,2024,1,,,,outdoor_2024,,
CLUSTER 7,ASSAULT W/DANGEROUS WEAPON,2024,1,,,,outdoor_2024,,
CLUSTER 39,ASSAULT W/DANGEROUS WEAPON,2024,1,,,,outdoor_2024,,
CLUSTER 39,ASSAULT W/DANGEROUS WEAPON,2024,1,,,,outdoor_2024,,
CLUSTER 6,ASSAULT W/DANGEROUS WEAPON,2024,1,,,,outdoor_2024,,
CLUSTER 19,ASSAULT W/DANGEROUS WEAPON,2024,1,,,,outdoor_2024,,
CLUSTER 1,ASSAULT W/DANGEROUS WEAPON,2024,1,,,,outdoor_2024,,
CLUSTER 23,ASSAULT W/DANGEROUS WEAPON,2024,1,,,,outdoor_2024,,
CLUSTER 31,ASSAULT W/DANGEROUS WEAPON,2024,1,,,,outdoor_2024,,
CLUSTER 28,ASSAULT W/DANGEROUS WEAPON,2024,1,,,,outdoor_2024,,
CLUSTER 22,ASSAULT W/DANGEROUS WEAPON,2024,1,,,,outdoor_2024,,
CLUSTER 31,ASSAULT W/DANGEROUS WEAPON,2024,1,,,,outdoor_2024,,
CLUSTER 31,ASSAULT W/DANGEROUS WEAPON,2024,1,,,,outdoor_2024,,
CLUSTER 19,ASSAULT W/DANGEROUS WEAPON,2024,1,,,,outdoor_2024,,
CLUSTER 38,ASSAULT W/DANGEROUS WEAPON,2024,1,,,,outdoor_2024,,
CLUSTER 46,ASSAULT W/DANGEROUS WEAPON,2024,1,,,,outdoor_2024,,
CLUSTER 3,ASSAULT W/DANGEROUS WEAPON,2024,1,,,,outdoor_2024,,
CLUSTER 17,ASSAULT W/DANGEROUS WEAPON,2024,1,,,,outdoor_2024,,
CLUSTER 39,ASSAULT W/DANGEROUS WEAPON,2024,1,,,,outdoor_2024,,
CLUSTER 22,ASSAULT W/DANGEROUS WEAPON,2024,1,,,,outdoor_2024,,
CLUSTER 7,ASSAULT W/DANGEROUS WEAPON,2024,1,,,,outdoor_2024,,
CLUSTER 25,ASSAULT W/DANGEROUS WEAPON,2024,1,,,,outdoor_2024,,
CLUSTER 32,ASSAULT W/DANGEROUS WEAPON,2024,1,,,,outdoor_2024,,
CLUSTER 31,ASSAULT W/DANGEROUS WEAPON,2024,1,,,,outdoor_2024,,
CLUSTER 17,ASSAULT W/DANGEROUS WEAPON,2024,1,,,,outdoor_2024,,
CLUSTER 22,ASSAULT W/DANGEROUS WEAPON,2024,1,,,,outdoor_2024,,
CLUSTER 37,ASSAULT W/DANGEROUS WEAPON,2024,1,,,,outdoor_2024,,
CLUSTER 39,ASSAULT W/DANGEROUS WEAPON,2024,1,,,,outdoor_2024,,
CLUSTER 23,ASSAULT W/DANGEROUS WEAPON,2024,1,,,,outdoor_2024,,
CLUSTER 25,ASSAULT W/DANGEROUS WEAPON,2024,1,,,,outdoor_2024,,
CLUSTER 35,ASSAULT W/DANGEROUS WEAPON,2024,1,,,,outdoor_2024,,
CLUSTER 38,ASSAULT W/DANGEROUS WEAPON,2024,1,,,,outdoor_2024,,
CLUSTER 9,ASSAULT W/DANGEROUS WEAPON,2024,1,,,,outdoor_2024,,
CLUSTER 36,ASSAULT W/DANGEROUS WEAPON,2024,1,,,,outdoor_2024,,
CLUSTER 21,ASSAULT W/DANGEROUS WEAPON,2024,1,,,,outdoor_2024,,
CLUSTER 23,ASSAULT W/DANGEROUS WEAPON,2024,1,,,,outdoor_2024,,
CLUSTER 39,ASSAULT W/DANGEROUS WEAPON,2024,1,,,,outdoor_2024,,
CLUSTER 33,ASSAULT W/DANGEROUS WEAPON,2024,1,,,,outdoor_2024,,
CLUSTER 25,ASSAULT W/DANGEROUS WEAPON,2024,1,,,,outdoor_2024,,
CLUSTER 19,ASSAULT W/DANGEROUS WEAPON,2024,1,,,,outdoor_2024,,
CLUSTER 32,ASSAULT W/DANGEROUS WEAPON,2024,1,,,,outdoor_2024,,
CLUSTER 37,ASSAULT W/DANGEROUS WEAPON,2024,1,,,,outdoor_2024,,
CLUSTER 25,ASSAULT W/DANGEROUS WEAPON,2024,1,,,,outdoor_2024,,
CLUSTER 39,ASSAULT W/DANGEROUS WEAPON,2024,1,,,,outdoor_2024,,
CLUSTER 19,ASSAULT W/DANGEROUS WEAPON,2024,1,,,,outdoor_2024,,
CLUSTER 31,ASSAULT W/DANGEROUS WEAPON,2024,1,,,,outdoor_2024,,
CLUSTER 17,ASSAULT W/DANGEROUS WEAPON,2024,1,,,,outdoor_2024,,
CLUSTER 33,ASSAULT W/DANGEROUS WEAPON,2024,1,,,,outdoor_2024,,
CLUSTER 31,ASSAULT W/DANGEROUS WEAPON,2024,1,,,,outdoor_2024,,
CLUSTER 12,ASSAULT W/DANGEROUS WEAPON,2024,1,,,,outdoor_2024,,
CLUSTER 31,ASSAULT W/DANGEROUS WEAPON,2024,1,,,,outdoor_2024,,
CLUSTER 32,ASSAULT W/DANGEROUS WEAPON,2024,1,,,,outdoor_2024,,
CLUSTER 21,ASSAULT W/DANGEROUS WEAPON,2024,1,,,,outdoor_2024,,
CLUSTER 19,ASSAULT W/DANGEROUS WEAPON,2024,1,,,,outdoor_2024,,
CLUSTER 21,ASSAULT W/DANGEROUS WEAPON,2024,1,,,,outdoor_2024,,
CLUSTER 38,ASSAULT W/DANGEROUS WEAPON,2024,1,,,,outdoor_2024,,
CLUSTER 33,ASSAULT W/DANGEROUS WEAPON,2024,1,,,,outdoor_2024,,
CLUSTER 8,ASSAULT W/DANGEROUS WEAPON,2024,1,,,,outdoor_2024,,
CLUSTER 39,ASSAULT W/DANGEROUS WEAPON,2024,1,,,,outdoor_2024,,
CLUSTER 21,ASSAULT W/DANGEROUS WEAPON,2024,1,,,,outdoor_2024,,
CLUSTER 21,ASSAULT W/DANGEROUS WEAPON,2024,1,,,,outdoor_2024,,
CLUSTER 18,ASSAULT W/DANGEROUS WEAPON,2024,1,,,,outdoor_2024,,
CLUSTER 21,ASSAULT W/DANGEROUS WEAPON,2024,1,,,,outdoor_2024,,
CLUSTER 25,ASSAULT W/DANGEROUS WEAPON,2024,1,,,,outdoor_2024,,
CLUSTER 32,ASSAULT W/DANGEROUS WEAPON,2024,1,,,,outdoor_2024,,
CLUSTER 39,ASSAULT W/DANGEROUS WEAPON,2024,1,,,,outdoor_2024,,
CLUSTER 39,ASSAULT W/DANGEROUS WEAPON,2024,1,,,,outdoor_2024,,
CLUSTER 36,ASSAULT W/DANGEROUS WEAPON,2024,1,,,,outdoor_2024,,
CLUSTER 38,ASSAULT W/DANGEROUS WEAPON,2024,1,,,,outdoor_2024,,
CLUSTER 34,ASSAULT W/DANGEROUS WEAPON,2024,1,,,,outdoor_2024,,
CLUSTER 22,ASSAULT W/DANGEROUS WEAPON,2024,1,,,,outdoor_2024,,
CLUSTER 33,ASSAULT W/DANGEROUS WEAPON,2024,1,,,,outdoor_2024,,
CLUSTER 37,ASSAULT W/DANGEROUS WEAPON,2024,1,,,,outdoor_2024,,
CLUSTER 25,ASSAULT W/DANGEROUS WEAPON,2024,1,,,,outdoor_2024,,
CLUSTER 43,ASSAULT W/DANGEROUS WEAPON,2024,1,,,,outdoor_2024,,
CLUSTER 38,ASSAULT W/DANGEROUS WEAPON,2024,1,,,,outdoor_2024,,
CLUSTER 39,ASSAULT W/DANGEROUS WEAPON,2024,1,,,,outdoor_2024,,
CLUSTER 36,ASSAULT W/DANGEROUS WEAPON,2024,1,,,,outdoor_2024,,
CLUSTER 36,ASSAULT W/DANGEROUS WEAPON,2024,1,,,,outdoor_2024,,
CLUSTER 34,ASSAULT W/DANGEROUS WEAPON,2024,1,,,,outdoor_2024,,
CLUSTER 39,ASSAULT W/DANGEROUS WEAPON,2024,1,,,,outdoor_2024,,
CLUSTER 28,ASSAULT W/DANGEROUS WEAPON,2024,1,,,,outdoor_2024,,
CLUSTER 31,ASSAULT W/DANGEROUS WEAPON,2024,1,,,,outdoor_2024,,
CLUSTER 22,ASSAULT W/DANGEROUS WEAPON,2024,1,,,,outdoor_2024,,
CLUSTER 3,ASSAULT W/DANGEROUS WEAPON,2024,1,,,,outdoor_2024,,
CLUSTER 7,ASSAULT W/DANGEROUS WEAPON,2024,1,,,,outdoor_2024,,
CLUSTER 39,ASSAULT W/DANGEROUS WEAPON,2024,1,,,,outdoor_2024,,
CLUSTER 30,ASSAULT W/DANGEROUS WEAPON,2024,1,,,,outdoor_2024,,
CLUSTER 15,ASSAULT W/DANGEROUS WEAPON,2024,1,,,,outdoor_2024,,
CLUSTER 39,ASSAULT W/DANGEROUS WEAPON,2024,1,,,,outdoor_2024,,
CLUSTER 39,ASSAULT W/DANGEROUS WEAPON,2024,1,,,,outdoor_2024,,
CLUSTER 9,ASSAULT W/DANGEROUS WEAPON,2024,1,,,,outdoor_2024,,
CLUSTER 38,ASSAULT W/DANGEROUS WEAPON,2024,1,,,,outdoor_2024,,
CLUSTER 8,ASSAULT W/DANGEROUS WEAPON,2024,1,,,,outdoor_2024,,
CLUSTER 17,ASSAULT W/DANGEROUS WEAPON,2024,1,,,,outdoor_2024,,
CLUSTER 34,ASSAULT W/DANGEROUS WEAPON,2024,1,,,,outdoor_2024,,
CLUSTER 28,ASSAULT W/DANGEROUS WEAPON,2024,1,,,,outdoor_2024,,
CLUSTER 9,ASSAULT W/DANGEROUS WEAPON,2024,1,,,,outdoor_2024,,
CLUSTER 23,ASSAULT W/DANGEROUS WEAPON,2024,1,,,,outdoor_2024,,
CLUSTER 33,ASSAULT W/DANGEROUS WEAPON,2024,1,,,,outdoor_2024,,
CLUSTER 37,ASSAULT W/DANGEROUS WEAPON,2024,1,,,,outdoor_2024,,
CLUSTER 10,ASSAULT W/DANGEROUS WEAPON,2024,1,,,,outdoor_2024,,
CLUSTER 21,ASSAULT W/DANGEROUS WEAPON,2024,1,,,,outdoor_2024,,
CLUSTER 26,ASSAULT W/DANGEROUS WEAPON,2024,1,,,,outdoor_2024,,
CLUSTER 23,ASSAULT W/DANGEROUS WEAPON,2024,1,,,,outdoor_2024,,
CLUSTER 23,ASSAULT W/DANGEROUS WEAPON,2024,1,,,,outdoor_2024,,
CLUSTER 37,ASSAULT W/DANGEROUS WEAPON,2024,1,,,,outdoor_2024,,
CLUSTER 8,ASSAULT W/DANGEROUS WEAPON,2024,1,,,,outdoor_2024,,
CLUSTER 2,ASSAULT W/DANGEROUS WEAPON,2024,1,,,,outdoor_2024,,
CLUSTER 25,ASSAULT W/DANGEROUS WEAPON,2024,1,,,,outdoor_2024,,
CLUSTER 2,ASSAULT W/DANGEROUS WEAPON,2024,1,,,,outdoor_2024,,
CLUSTER 23,ASSAULT W/DANGEROUS WEAPON,2024,1,,,,outdoor_2024,,
CLUSTER 34,ASSAULT W/DANGEROUS WEAPON,2024,1,,,,outdoor_2024,,
CLUSTER 18,ASSAULT W/DANGEROUS WEAPON,2024,1,,,,outdoor_2024,,
CLUSTER 25,ASSAULT W/DANGEROUS WEAPON,2024,1,,,,outdoor_2024,,
CLUSTER 3,ASSAULT W/DANGEROUS WEAPON,2024,1,,,,outdoor_2024,,
CLUSTER 17,ASSAULT W/DANGEROUS WEAPON,2024,1,,,,outdoor_2024,,
CLUSTER 39,ASSAULT W/DANGEROUS WEAPON,2024,1,,,,outdoor_2024,,
CLUSTER 34,ASSAULT W/DANGEROUS WEAPON,2024,1,,,,outdoor_2024,,
CLUSTER 36,ASSAULT W/DANGEROUS WEAPON,2024,1,,,,outdoor_2024,,
CLUSTER 33,ASSAULT W/DANGEROUS WEAPON,2024,1,,,,outdoor_2024,,
CLUSTER 2,ASSAULT W/DANGEROUS WEAPON,2024,1,,,,outdoor_2024,,
CLUSTER 38,ASSAULT W/DANGEROUS WEAPON,2024,1,,,,outdoor_2024,,
CLUSTER 39,ASSAULT W/DANGEROUS WEAPON,2024,1,,,,outdoor_2024,,
CLUSTER 33,ASSAULT W/DANGEROUS WEAPON,2024,1,,,,outdoor_2024,,
CLUSTER 17,ASSAULT W/DANGEROUS WEAPON,2024,1,,,,outdoor_2024,,
CLUSTER 39,ASSAULT W/DANGEROUS WEAPON,2024,1,,,,outdoor_2024,,
CLUSTER 36,ASSAULT W/DANGEROUS WEAPON,2024,1,,,,outdoor_2024,,
CLUSTER 38,ASSAULT W/DANGEROUS WEAPON,2024,1,,,,outdoor_2024,,
CLUSTER 34,ASSAULT W/DANGEROUS WEAPON,2024,1,,,,outdoor_2024,,
CLUSTER 25,ASSAULT W/DANGEROUS WEAPON,2024,1,,,,outdoor_2024,,
CLUSTER 2,ASSAULT W/DANGEROUS WEAPON,2024,1,,,,outdoor_2024,,
CLUSTER 39,ASSAULT W/DANGEROUS WEAPON,2024,1,,,,outdoor_2024,,
CLUSTER 34,ASSAULT W/DANGEROUS WEAPON,2024,1,,,,outdoor_2024,,
CLUSTER 39,ASSAULT W/DANGEROUS WEAPON,2024,1,,,,outdoor_2024,,
CLUSTER 17,ASSAULT W/DANGEROUS WEAPON,2024,1,,,,outdoor_2024,,
CLUSTER 36,ASSAULT W/DANGEROUS WEAPON,2024,1,,,,outdoor_2024,,
CLUSTER 34,ASSAULT W/DANGEROUS WEAPON,2024,1,,,,outdoor_2024,,
CLUSTER 31,ASSAULT W/DANGEROUS WEAPON,2024,1,,,,outdoor_2024,,
CLUSTER 25,ASSAULT W/DANGEROUS WEAPON,2024,1,,,,outdoor_2024,,
CLUSTER 39,ASSAULT W/DANGEROUS WEAPON,2024,1,,,,outdoor_2024,,
CLUSTER 2,ASSAULT W/DANGEROUS WEAPON,2024,1,,,,outdoor_2024,,
CLUSTER 32,ASSAULT W/DANGEROUS WEAPON,2024,1,,,,outdoor_2024,,
CLUSTER 36,ASSAULT W/DANGEROUS WEAPON,2024,1,,,,outdoor_2024,,
CLUSTER 38,ASSAULT W/DANGEROUS WEAPON,2024,1,,,,outdoor_2024,,
CLUSTER 21,ASSAULT W/DANGEROUS WEAPON,2024,1,,,,outdoor_2024,,
CLUSTER 39,ASSAULT W/DANGEROUS WEAPON,2024,1,,,,outdoor_2024,,
CLUSTER 39,ASSAULT W/DANGEROUS WEAPON,2024,1,,,,outdoor_2024,,
CLUSTER 7,ASSAULT W/DANGEROUS WEAPON,2024,1,,,,outdoor_2024,,
CLUSTER 23,ASSAULT W/DANGEROUS WEAPON,2024,1,,,,outdoor_2024,,
CLUSTER 17,ASSAULT W/DANGEROUS WEAPON,2024,1,,,,outdoor_2024,,
CLUSTER 39,ASSAULT W/DANGEROUS WEAPON,2024,1,,,,outdoor_2024,,
CLUSTER 17,ASSAULT W/DANGEROUS WEAPON,2024,1,,,,outdoor_2024,,
CLUSTER 39,ASSAULT W/DANGEROUS WEAPON,2024,1,,,,outdoor_2024,,
CLUSTER 35,ASSAULT W/DANGEROUS WEAPON,2024,1,,,,outdoor_2024,,
CLUSTER 21,ASSAULT W/DANGEROUS WEAPON,2024,1,,,,outdoor_2024,,
CLUSTER 39,ASSAULT W/DANGEROUS WEAPON,2024,1,,,,outdoor_2024,,
CLUSTER 6,ASSAULT W/DANGEROUS WEAPON,2024,1,,,,outdoor_2024,,
CLUSTER 39,ASSAULT W/DANGEROUS WEAPON,2024,1,,,,outdoor_2024,,
CLUSTER 33,ASSAULT W/DANGEROUS WEAPON,2024,1,,,,outdoor_2024,,
CLUSTER 39,ASSAULT W/DANGEROUS WEAPON,2024,1,,,,outdoor_2024,,
CLUSTER 39,ASSAULT W/DANGEROUS WEAPON,2024,1,,,,outdoor_2024,,
CLUSTER 31,ASSAULT W/DANGEROUS WEAPON,2024,1,,,,outdoor_2024,,
CLUSTER 34,ASSAULT W/DANGEROUS WEAPON,2024,1,,,,outdoor_2024,,
CLUSTER 37,ASSAULT W/DANGEROUS WEAPON,2024,1,,,,outdoor_2024,,
CLUSTER 23,ASSAULT W/DANGEROUS WEAPON,2024,1,,,,outdoor_2024,,
CLUSTER 37,ASSAULT W/DANGEROUS WEAPON,2024,1,,,,outdoor_2024,,
CLUSTER 1,ASSAULT W/DANGEROUS WEAPON,2024,1,,,,outdoor_2024,,
CLUSTER 39,ASSAULT W/DANGEROUS WEAPON,2024,1,,,,outdoor_2024,,
CLUSTER 39,ASSAULT W/DANGEROUS WEAPON,2024,1,,,,outdoor_2024,,
CLUSTER 30,ASSAULT W/DANGEROUS WEAPON,2024,1,,,,outdoor_2024,,
CLUSTER 28,ASSAULT W/DANGEROUS WEAPON,2024,1,,,,outdoor_2024,,
CLUSTER 8,ASSAULT W/DANGEROUS WEAPON,2024,1,,,,outdoor_2024,,
CLUSTER 39,ASSAULT W/DANGEROUS WEAPON,2024,1,,,,outdoor_2024,,
CLUSTER 6,ASSAULT W/DANGEROUS WEAPON,2024,1,,,,outdoor_2024,,
CLUSTER 39,ASSAULT W/DANGEROUS WEAPON,2024,1,,,,outdoor_2024,,
CLUSTER 39,ASSAULT W/DANGEROUS WEAPON,2024,1,,,,outdoor_2024,,
CLUSTER 20,ASSAULT W/DANGEROUS WEAPON,2024,1,,,,outdoor_2024,,
CLUSTER 32,ASSAULT W/DANGEROUS WEAPON,2024,1,,,,outdoor_2024,,
CLUSTER 2,ASSAULT W/DANGEROUS WEAPON,2024,1,,,,outdoor_2024,,
CLUSTER 33,ASSAULT W/DANGEROUS WEAPON,2024,1,,,,outdoor_2024,,
CLUSTER 23,ASSAULT W/DANGEROUS WEAPON,2024,1,,,,outdoor_2024,,
CLUSTER 32,ASSAULT W/DANGEROUS WEAPON,2024,1,,,,outdoor_2024,,
CLUSTER 4,ASSAULT W/DANGEROUS WEAPON,2024,1,,,,outdoor_2024,,
CLUSTER 30,ASSAULT W/DANGEROUS WEAPON,2024,1,,,,outdoor_2024,,
CLUSTER 33,ASSAULT W/DANGEROUS WEAPON,2024,1,,,,outdoor_2024,,
CLUSTER 33,ASSAULT W/DANGEROUS WEAPON,2024,1,,,,outdoor_2024,,
CLUSTER 33,ASSAULT W/DANGEROUS WEAPON,2024,1,,,,outdoor_2024,,
CLUSTER 3,ASSAULT W/DANGEROUS WEAPON,2024,1,,,,outdoor_2024,,
CLUSTER 31,ASSAULT W/DANGEROUS WEAPON,2024,1,,,,outdoor_2024,,
CLUSTER 31,ASSAULT W/DANGEROUS WEAPON,2024,1,,,,outdoor_2024,,
CLUSTER 17,ASSAULT W/DANGEROUS WEAPON,2024,1,,,,outdoor_2024,,
CLUSTER 32,ASSAULT W/DANGEROUS WEAPON,2024,1,,,,outdoor_2024,,
CLUSTER 39,ASSAULT W/DANGEROUS WEAPON,2024,1,,,,outdoor_2024,,
CLUSTER 6,ASSAULT W/DANGEROUS WEAPON,2024,1,,,,outdoor_2024,,
CLUSTER 31,ASSAULT W/DANGEROUS WEAPON,2024,1,,,,outdoor_2024,,
CLUSTER 34,ASSAULT W/DANGEROUS WEAPON,2024,1,,,,outdoor_2024,,
CLUSTER 6,ASSAULT W/DANGEROUS WEAPON,2024,1,,,,outdoor_2024,,
CLUSTER 2,ASSAULT W/DANGEROUS WEAPON,2024,1,,,,outdoor_2024,,
CLUSTER 18,ASSAULT W/DANGEROUS WEAPON,2024,1,,,,outdoor_2024,,
CLUSTER 23,ASSAULT W/DANGEROUS WEAPON,2024,1,,,,outdoor_2024,,
CLUSTER 30,ASSAULT W/DANGEROUS WEAPON,2024,1,,,,outdoor_2024,,
CLUSTER 32,ASSAULT W/DANGEROUS WEAPON,2024,1,,,,outdoor_2024,,
CLUSTER 34,ASSAULT W/DANGEROUS WEAPON,2024,1,,,,outdoor_2024,,
CLUSTER 33,ASSAULT W/DANGEROUS WEAPON,2024,1,,,,outdoor_2024,,
CLUSTER 31,ASSAULT W/DANGEROUS WEAPON,2024,1,,,,outdoor_2024,,
CLUSTER 15,ASSAULT W/DANGEROUS WEAPON,2024,1,,,,outdoor_2024,,
CLUSTER 30,ASSAULT W/DANGEROUS WEAPON,2024,1,,,,outdoor_2024,,
CLUSTER 33,ASSAULT W/DANGEROUS WEAPON,2024,1,,,,outdoor_2024,,
CLUSTER 21,ASSAULT W/DANGEROUS WEAPON,2024,1,,,,outdoor_2024,,
CLUSTER 37,ASSAULT W/DANGEROUS WEAPON,2024,1,,,,outdoor_2024,,
CLUSTER 36,ASSAULT W/DANGEROUS WEAPON,2024,1,,,,outdoor_2024,,
CLUSTER 34,ASSAULT W/DANGEROUS WEAPON,2024,1,,,,outdoor_2024,,
CLUSTER 24,ASSAULT W/DANGEROUS WEAPON,2024,1,,,,outdoor_2024,,
CLUSTER 39,ASSAULT W/DANGEROUS WEAPON,2024,1,,,,outdoor_2024,,
CLUSTER 36,ASSAULT W/DANGEROUS WEAPON,2024,1,,,,outdoor_2024,,
CLUSTER 23,ASSAULT W/DANGEROUS WEAPON,2024,1,,,,outdoor_2024,,
CLUSTER 32,ASSAULT W/DANGEROUS WEAPON,2024,1,,,,outdoor_2024,,
CLUSTER 7,ASSAULT W/DANGEROUS WEAPON,2024,1,,,,outdoor_2024,,
CLUSTER 31,ASSAULT W/DANGEROUS WEAPON,2024,1,,,,outdoor_2024,,
CLUSTER 8,ASSAULT W/DANGEROUS WEAPON,2024,1,,,,outdoor_2024,,
CLUSTER 39,ASSAULT W/DANGEROUS WEAPON,2024,1,,,,outdoor_2024,,
CLUSTER 38,ASSAULT W/DANGEROUS WEAPON,2024,1,,,,outdoor_2024,,
CLUSTER 23,ASSAULT W/DANGEROUS WEAPON,2024,1,,,,outdoor_2024,,
CLUSTER 37,ASSAULT W/DANGEROUS WEAPON,2024,1,,,,outdoor_2024,,
CLUSTER 37,ASSAULT W/DANGEROUS WEAPON,2024,1,,,,outdoor_2024,,
CLUSTER 25,ASSAULT W/DANGEROUS WEAPON,2024,1,,,,outdoor_2024,,
CLUSTER 25,ASSAULT W/DANGEROUS WEAPON,2024,1,,,,outdoor_2024,,
CLUSTER 12,ASSAULT W/DANGEROUS WEAPON,2024,1,,,,outdoor_2024,,
CLUSTER 1,ASSAULT W/DANGEROUS WEAPON,2024,1,,,,outdoor_2024,,
CLUSTER 38,ASSAULT W/DANGEROUS WEAPON,2024,1,,,,outdoor_2024,,
CLUSTER 23,ASSAULT W/DANGEROUS WEAPON,2024,1,,,,outdoor_2024,,
CLUSTER 39,ASSAULT W/DANGEROUS WEAPON,2024,1,,,,outdoor_2024,,
CLUSTER 23,ASSAULT W/DANGEROUS WEAPON,2024,1,,,,outdoor_2024,,
CLUSTER 32,ASSAULT W/DANGEROUS WEAPON,2024,1,,,,outdoor_2024,,
CLUSTER 36,ASSAULT W/DANGEROUS WEAPON,2024,1,,,,outdoor_2024,,
CLUSTER 38,ASSAULT W/DANGEROUS WEAPON,2024,1,,,,outdoor_2024,,
CLUSTER 39,ASSAULT W/DANGEROUS WEAPON,2024,1,,,,outdoor_2024,,
CLUSTER 30,ASSAULT W/DANGEROUS WEAPON,2024,1,,,,outdoor_2024,,
CLUSTER 32,ASSAULT W/DANGEROUS WEAPON,2024,1,,,,outdoor_2024,,
CLUSTER 39,ASSAULT W/DANGEROUS WEAPON,2024,1,,,,outdoor_2024,,
CLUSTER 7,ASSAULT W/DANGEROUS WEAPON,2024,1,,,,outdoor_2024,,
CLUSTER 38,ASSAULT W/DANGEROUS WEAPON,2024,1,,,,outdoor_2024,,
CLUSTER 9,ASSAULT W/DANGEROUS WEAPON,2024,1,,,,outdoor_2024,,
CLUSTER 7,ASSAULT W/DANGEROUS WEAPON,2024,1,,,,outdoor_2024,,
CLUSTER 23,ASSAULT W/DANGEROUS WEAPON,2024,1,,,,outdoor_2024,,
CLUSTER 8,ASSAULT W/DANGEROUS WEAPON,2024,1,,,,outdoor_2024,,
CLUSTER 23,ASSAULT W/DANGEROUS WEAPON,2024,1,,,,outdoor_2024,,
CLUSTER 38,ASSAULT W/DANGEROUS WEAPON,2024,1,,,,outdoor_2024,,
CLUSTER 25,ASSAULT W/DANGEROUS WEAPON,2024,1,,,,outdoor_2024,,
CLUSTER 30,ASSAULT W/DANGEROUS WEAPON,2024,1,,,,outdoor_2024,,
CLUSTER 6,ASSAULT W/DANGEROUS WEAPON,2024,1,,,,outdoor_2024,,
CLUSTER 27,ASSAULT W/DANGEROUS WEAPON,2024,1,,,,outdoor_2024,,
CLUSTER 33,ASSAULT W/DANGEROUS WEAPON,2024,1,,,,outdoor_2024,,
CLUSTER 23,ASSAULT W/DANGEROUS WEAPON,2024,1,,,,outdoor_2024,,
CLUSTER 18,ASSAULT W/DANGEROUS WEAPON,2024,1,,,,outdoor_2024,,
CLUSTER 37,ASSAULT W/DANGEROUS WEAPON,2024,1,,,,outdoor_2024,,
CLUSTER 34,ASSAULT W/DANGEROUS WEAPON,2024,1,,,,outdoor_2024,,
CLUSTER 36,ASSAULT W/DANGEROUS WEAPON,2024,1,,,,outdoor_2024,,
CLUSTER 21,ASSAULT W/DANGEROUS WEAPON,2024,1,,,,outdoor_2024,,
CLUSTER 39,ASSAULT W/DANGEROUS WEAPON,2024,1,,,,outdoor_2024,,
CLUSTER 34,ASSAULT W/DANGEROUS WEAPON,2024,1,,,,outdoor_2024,,
CLUSTER 32,ASSAULT W/DANGEROUS WEAPON,2024,1,,,,outdoor_2024,,
CLUSTER 33,ASSAULT W/DANGEROUS WEAPON,2024,1,,,,outdoor_2024,,
CLUSTER 39,ASSAULT W/DANGEROUS WEAPON,2024,1,,,,outdoor_2024,,
CLUSTER 8,ASSAULT W/DANGEROUS WEAPON,2024,1,,,,outdoor_2024,,
CLUSTER 26,ASSAULT W/DANGEROUS WEAPON,2024,1,,,,outdoor_2024,,
CLUSTER 23,ASSAULT W/DANGEROUS WEAPON,2024,1,,,,outdoor_2024,,
CLUSTER 8,ASSAULT W/DANGEROUS WEAPON,2024,1,,,,outdoor_2024,,
CLUSTER 26,ASSAULT W/DANGEROUS WEAPON,2024,1,,,,outdoor_2024,,
CLUSTER 25,ASSAULT W/DANGEROUS WEAPON,2024,1,,,,outdoor_2024,,
CLUSTER 33,ASSAULT W/DANGEROUS WEAPON,2024,1,,,,outdoor_2024,,
CLUSTER 8,ASSAULT W/DANGEROUS WEAPON,2024,1,,,,outdoor_2024,,
CLUSTER 6,ASSAULT W/DANGEROUS WEAPON,2024,1,,,,outdoor_2024,,
CLUSTER 21,ASSAULT W/DANGEROUS WEAPON,2024,1,,,,outdoor_2024,,
CLUSTER 36,ASSAULT W/DANGEROUS WEAPON,2024,1,,,,outdoor_2024,,
CLUSTER 37,ASSAULT W/DANGEROUS WEAPON,2024,1,,,,outdoor_2024,,
CLUSTER 28,ASSAULT W/DANGEROUS WEAPON,2024,1,,,,outdoor_2024,,
CLUSTER 25,ASSAULT W/DANGEROUS WEAPON,2024,1,,,,outdoor_2024,,
CLUSTER 25,ASSAULT W/DANGEROUS WEAPON,2024,1,,,,outdoor_2024,,
CLUSTER 25,ASSAULT W/DANGEROUS WEAPON,2024,1,,,,outdoor_2024,,
CLUSTER 38,ASSAULT W/DANGEROUS WEAPON,2024,1,,,,outdoor_2024,,
CLUSTER 30,ASSAULT W/DANGEROUS WEAPON,2024,1,,,,outdoor_2024,,
CLUSTER 18,ASSAULT W/DANGEROUS WEAPON,2024,1,,,,outdoor_2024,,
CLUSTER 38,ASSAULT W/DANGEROUS WEAPON,2024,1,,,,outdoor_2024,,
CLUSTER 37,ASSAULT W/DANGEROUS WEAPON,2024,1,,,,outdoor_2024,,
CLUSTER 18,ASSAULT W/DANGEROUS WEAPON,2024,1,,,,outdoor_2024,,
CLUSTER 1,ASSAULT W/DANGEROUS WEAPON,2024,1,,,,outdoor_2024,,
CLUSTER 24,ASSAULT W/DANGEROUS WEAPON,2024,1,,,,outdoor_2024,,
CLUSTER 25,ASSAULT W/DANGEROUS WEAPON,2024,1,,,,outdoor_2024,,
CLUSTER 38,ASSAULT W/DANGEROUS WEAPON,2024,1,,,,outdoor_2024,,
CLUSTER 33,ASSAULT W/DANGEROUS WEAPON,2024,1,,,,outdoor_2024,,
CLUSTER 7,ASSAULT W/DANGEROUS WEAPON,2024,1,,,,outdoor_2024,,
CLUSTER 30,ASSAULT W/DANGEROUS WEAPON,2024,1,,,,outdoor_2024,,
CLUSTER 33,ASSAULT W/DANGEROUS WEAPON,2024,1,,,,outdoor_2024,,
CLUSTER 32,ASSAULT W/DANGEROUS WEAPON,2024,1,,,,outdoor_2024,,
CLUSTER 37,ASSAULT W/DANGEROUS WEAPON,2024,1,,,,outdoor_2024,,
CLUSTER 28,ASSAULT W/DANGEROUS WEAPON,2024,1,,,,outdoor_2024,,
CLUSTER 2,ASSAULT W/DANGEROUS WEAPON,2024,1,,,,outdoor_2024,,
CLUSTER 23,ASSAULT W/DANGEROUS WEAPON,2024,1,,,,outdoor_2024,,
CLUSTER 21,ASSAULT W/DANGEROUS WEAPON,2024,1,,,,outdoor_2024,,
CLUSTER 33,ASSAULT W/DANGEROUS WEAPON,2024,1,,,,outdoor_2024,,
CLUSTER 30,ASSAULT W/DANGEROUS WEAPON,2024,1,,,,outdoor_2024,,
CLUSTER 39,ASSAULT W/DANGEROUS WEAPON,2024,1,,,,outdoor_2024,,
CLUSTER 23,ASSAULT W/DANGEROUS WEAPON,2024,1,,,,outdoor_2024,,
CLUSTER 39,ASSAULT W/DANGEROUS WEAPON,2024,1,,,,outdoor_2024,,
CLUSTER 31,ASSAULT W/DANGEROUS WEAPON,2024,1,,,,outdoor_2024,,
CLUSTER 38,ASSAULT W/DANGEROUS WEAPON,2024,1,,,,outdoor_2024,,
CLUSTER 31,ASSAULT W/DANGEROUS WEAPON,2024,1,,,,outdoor_2024,,
CLUSTER 32,ASSAULT W/DANGEROUS WEAPON,2024,1,,,,outdoor_2024,,
CLUSTER 37,ASSAULT W/DANGEROUS WEAPON,2024,1,,,,outdoor_2024,,
CLUSTER 3,ASSAULT W/DANGEROUS WEAPON,2024,1,,,,outdoor_2024,,
CLUSTER 31,ASSAULT W/DANGEROUS WEAPON,2024,1,,,,outdoor_2024,,
CLUSTER 8,ASSAULT W/DANGEROUS WEAPON,2024,1,,,,outdoor_2024,,
CLUSTER 36,ASSAULT W/DANGEROUS WEAPON,2024,1,,,,outdoor_2024,,
CLUSTER 23,ASSAULT W/DANGEROUS WEAPON,2024,1,,,,outdoor_2024,,
CLUSTER 39,ASSAULT W/DANGEROUS WEAPON,2024,1,,,,outdoor_2024,,
CLUSTER 39,ASSAULT W/DANGEROUS WEAPON,2024,1,,,,outdoor_2024,,
CLUSTER 3,ASSAULT W/DANGEROUS WEAPON,2024,1,,,,outdoor_2024,,
CLUSTER 25,ASSAULT W/DANGEROUS WEAPON,2024,1,,,,outdoor_2024,,
CLUSTER 23,ASSAULT W/DANGEROUS WEAPON,2024,1,,,,outdoor_2024,,
CLUSTER 39,ASSAULT W/DANGEROUS WEAPON,2024,1,,,,outdoor_2024,,
CLUSTER 20,ASSAULT W/DANGEROUS WEAPON,2024,1,,,,outdoor_2024,,
CLUSTER 36,ASSAULT W/DANGEROUS WEAPON,2024,1,,,,outdoor_2024,,
CLUSTER 23,ASSAULT W/DANGEROUS WEAPON,2024,1,,,,outdoor_2024,,
CLUSTER 39,ASSAULT W/DANGEROUS WEAPON,2024,1,,,,outdoor_2024,,
CLUSTER 44,ASSAULT W/DANGEROUS WEAPON,2024,1,,,,outdoor_2024,,
CLUSTER 38,ASSAULT W/DANGEROUS WEAPON,2024,1,,,,outdoor_2024,,
CLUSTER 31,ASSAULT W/DANGEROUS WEAPON,2024,1,,,,outdoor_2024,,
CLUSTER 12,ASSAULT W/DANGEROUS WEAPON,2024,1,,,,outdoor_2024,,
CLUSTER 39,ASSAULT W/DANGEROUS WEAPON,2024,1,,,,outdoor_2024,,
CLUSTER 22,ASSAULT W/DANGEROUS WEAPON,2024,1,,,,outdoor_2024,,
CLUSTER 39,ASSAULT W/DANGEROUS WEAPON,2024,1,,,,outdoor_2024,,
CLUSTER 6,ASSAULT W/DANGEROUS WEAPON,2024,1,,,,outdoor_2024,,
CLUSTER 1,ASSAULT W/DANGEROUS WEAPON,2024,1,,,,outdoor_2024,,
CLUSTER 38,ASSAULT W/DANGEROUS WEAPON,2024,1,,,,outdoor_2024,,
CLUSTER 3,ASSAULT W/DANGEROUS WEAPON,2024,1,,,,outdoor_2024,,
CLUSTER 39,ASSAULT W/DANGEROUS WEAPON,2024,1,,,,outdoor_2024,,
CLUSTER 2,ASSAULT W/DANGEROUS WEAPON,2024,1,,,,outdoor_2024,,
CLUSTER 18,ASSAULT W/DANGEROUS WEAPON,2024,1,,,,outdoor_2024,,
CLUSTER 38,ASSAULT W/DANGEROUS WEAPON,2024,1,,,,outdoor_2024,,
CLUSTER 8,ASSAULT W/DANGEROUS WEAPON,2024,1,,,,outdoor_2024,,
CLUSTER 39,ASSAULT W/DANGEROUS WEAPON,2024,1,,,,outdoor_2024,,
CLUSTER 26,ASSAULT W/DANGEROUS WEAPON,2024,1,,,,outdoor_2024,,
CLUSTER 30,ASSAULT W/DANGEROUS WEAPON,2024,1,,,,outdoor_2024,,
CLUSTER 25,ASSAULT W/DANGEROUS WEAPON,2024,1,,,,outdoor_2024,,
CLUSTER 26,ASSAULT W/DANGEROUS WEAPON,2024,1,,,,outdoor_2024,,
CLUSTER 36,ASSAULT W/DANGEROUS WEAPON,2024,1,,,,outdoor_2024,,
CLUSTER 22,ASSAULT W/DANGEROUS WEAPON,2024,1,,,,outdoor_2024,,
CLUSTER 19,ASSAULT W/DANGEROUS WEAPON,2024,1,,,,outdoor_2024,,
CLUSTER 32,ASSAULT W/DANGEROUS WEAPON,2024,1,,,,outdoor_2024,,
CLUSTER 38,ASSAULT W/DANGEROUS WEAPON,2024,1,,,,outdoor_2024,,
CLUSTER 27,ASSAULT W/DANGEROUS WEAPON,2024,1,,,,outdoor_2024,,
CLUSTER 2,ASSAULT W/DANGEROUS WEAPON,2024,1,,,,outdoor_2024,,
CLUSTER 18,ASSAULT W/DANGEROUS WEAPON,2024,1,,,,outdoor_2024,,
CLUSTER 44,ASSAULT W/DANGEROUS WEAPON,2024,1,,,,outdoor_2024,,
CLUSTER 25,ASSAULT W/DANGEROUS WEAPON,2024,1,,,,outdoor_2024,,
CLUSTER 36,ASSAULT W/DANGEROUS WEAPON,2024,1,,,,outdoor_2024,,
CLUSTER 23,ASSAULT W/DANGEROUS WEAPON,2024,1,,,,outdoor_2024,,
CLUSTER 39,ASSAULT W/DANGEROUS WEAPON,2024,1,,,,outdoor_2024,,
CLUSTER 31,ASSAULT W/DANGEROUS WEAPON,2024,1,,,,outdoor_2024,,
CLUSTER 39,ASSAULT W/DANGEROUS WEAPON,2024,1,,,,outdoor_2024,,
CLUSTER 35,ASSAULT W/DANGEROUS WEAPON,2024,1,,,,outdoor_2024,,
CLUSTER 38,ASSAULT W/DANGEROUS WEAPON,2024,1,,,,outdoor_2024,,
CLUSTER 2,ASSAULT W/DANGEROUS WEAPON,2024,1,,,,outdoor_2024,,
CLUSTER 34,ASSAULT W/DANGEROUS WEAPON,2024,1,,,,outdoor_2024,,
CLUSTER 22,ASSAULT W/DANGEROUS WEAPON,2024,1,,,,outdoor_2024,,
CLUSTER 26,ASSAULT W/DANGEROUS WEAPON,2024,1,,,,outdoor_2024,,
CLUSTER 36,ASSAULT W/DANGEROUS WEAPON,2024,1,,,,outdoor_2024,,
CLUSTER 38,ASSAULT W/DANGEROUS WEAPON,2024,1,,,,outdoor_2024,,
CLUSTER 23,ASSAULT W/DANGEROUS WEAPON,2024,1,,,,outdoor_2024,,
CLUSTER 23,ASSAULT W/DANGEROUS WEAPON,2024,1,,,,outdoor_2024,,
CLUSTER 35,ASSAULT W/DANGEROUS WEAPON,2024,1,,,,outdoor_2024,,
CLUSTER 20,ASSAULT W/DANGEROUS WEAPON,2024,1,,,,outdoor_2024,,
CLUSTER 34,ASSAULT W/DANGEROUS WEAPON,2024,1,,,,outdoor_2024,,
CLUSTER 44,ASSAULT W/DANGEROUS WEAPON,2024,1,,,,outdoor_2024,,
CLUSTER 18,ASSAULT W/DANGEROUS WEAPON,2024,1,,,,outdoor_2024,,
CLUSTER 30,ASSAULT W/DANGEROUS WEAPON,2024,1,,,,outdoor_2024,,
CLUSTER 23,ASSAULT W/DANGEROUS WEAPON,2024,1,,,,outdoor_2024,,
CLUSTER 2,ASSAULT W/DANGEROUS WEAPON,2024,1,,,,outdoor_2024,,
CLUSTER 34,ASSAULT W/DANGEROUS WEAPON,2024,1,,,,outdoor_2024,,
CLUSTER 37,ASSAULT W/DANGEROUS WEAPON,2024,1,,,,outdoor_2024,,
CLUSTER 37,ASSAULT W/DANGEROUS WEAPON,2024,1,,,,outdoor_2024,,
CLUSTER 10,ASSAULT W/DANGEROUS WEAPON,2024,1,,,,outdoor_2024,,
CLUSTER 38,ASSAULT W/DANGEROUS WEAPON,2024,1,,,,outdoor_2024,,
CLUSTER 3,ASSAULT W/DANGEROUS WEAPON,2024,1,,,,outdoor_2024,,
CLUSTER 19,ASSAULT W/DANGEROUS WEAPON,2024,1,,,,outdoor_2024,,
CLUSTER 39,ASSAULT W/DANGEROUS WEAPON,2024,1,,,,outdoor_2024,,
CLUSTER 17,ASSAULT W/DANGEROUS WEAPON,2024,1,,,,outdoor_2024,,
CLUSTER 25,ASSAULT W/DANGEROUS WEAPON,2024,1,,,,outdoor_2024,,
CLUSTER 32,ASSAULT W/DANGEROUS WEAPON,2024,1,,,,outdoor_2024,,
CLUSTER 3,ASSAULT W/DANGEROUS WEAPON,2024,1,,,,outdoor_2024,,
CLUSTER 18,ASSAULT W/DANGEROUS WEAPON,2024,1,,,,outdoor_2024,,
CLUSTER 39,ASSAULT W/DANGEROUS WEAPON,2024,1,,,,outdoor_2024,,
CLUSTER 30,ASSAULT W/DANGEROUS WEAPON,2024,1,,,,outdoor_2024,,
CLUSTER 38,ASSAULT W/DANGEROUS WEAPON,2024,1,,,,outdoor_2024,,
CLUSTER 7,ASSAULT W/DANGEROUS WEAPON,2024,1,,,,outdoor_2024,,
CLUSTER 23,ASSAULT W/DANGEROUS WEAPON,2024,1,,,,outdoor_2024,,
CLUSTER 25,ASSAULT W/DANGEROUS WEAPON,2024,1,,,,outdoor_2024,,
CLUSTER 39,ASSAULT W/DANGEROUS WEAPON,2024,1,,,,outdoor_2024,,
CLUSTER 39,ASSAULT W/DANGEROUS WEAPON,2024,1,,,,outdoor_2024,,
CLUSTER 30,ASSAULT W/DANGEROUS WEAPON,2024,1,,,,outdoor_2024,,
CLUSTER 24,ASSAULT W/DANGEROUS WEAPON,2024,1,,,,outdoor_2024,,
CLUSTER 39,ASSAULT W/DANGEROUS WEAPON,2024,1,,,,outdoor_2024,,
CLUSTER 2,ASSAULT W/DANGEROUS WEAPON,2024,1,,,,outdoor_2024,,
CLUSTER 18,ASSAULT W/DANGEROUS WEAPON,2024,1,,,,outdoor_2024,,
CLUSTER 25,ASSAULT W/DANGEROUS WEAPON,2024,1,,,,outdoor_2024,,
CLUSTER 23,ASSAULT W/DANGEROUS WEAPON,2024,1,,,,outdoor_2024,,
CLUSTER 22,ASSAULT W/DANGEROUS WEAPON,2024,1,,,,outdoor_2024,,
CLUSTER 37,ASSAULT W/DANGEROUS WEAPON,2024,1,,,,outdoor_2024,,
CLUSTER 39,ASSAULT W/DANGEROUS WEAPON,2024,1,,,,outdoor_2024,,
CLUSTER 32,ASSAULT W/DANGEROUS WEAPON,2024,1,,,,outdoor_2024,,
CLUSTER 18,ASSAULT W/DANGEROUS WEAPON,2024,1,,,,outdoor_2024,,
CLUSTER 14,ASSAULT W/DANGEROUS WEAPON,2024,1,,,,outdoor_2024,,
CLUSTER 23,ASSAULT W/DANGEROUS WEAPON,2024,1,,,,outdoor_2024,,
CLUSTER 32,ASSAULT W/DANGEROUS WEAPON,2024,1,,,,outdoor_2024,,
CLUSTER 2,ASSAULT W/DANGEROUS WEAPON,2024,1,,,,outdoor_2024,,
CLUSTER 2,ASSAULT W/DANGEROUS WEAPON,2024,1,,,,outdoor_2024,,
CLUSTER 39,ASSAULT W/DANGEROUS WEAPON,2024,1,,,,outdoor_2024,,
CLUSTER 2,ASSAULT W/DANGEROUS WEAPON,2024,1,,,,outdoor_2024,,
CLUSTER 2,ASSAULT W/DANGEROUS WEAPON,2024,1,,,,outdoor_2024,,
CLUSTER 33,ASSAULT W/DANGEROUS WEAPON,2024,1,,,,outdoor_2024,,
CLUSTER 37,ASSAULT W/DANGEROUS WEAPON,2024,1,,,,outdoor_2024,,
CLUSTER 34,ASSAULT W/DANGEROUS WEAPON,2024,1,,,,outdoor_2024,,
CLUSTER 2,ASSAULT W/DANGEROUS WEAPON,2024,1,,,,outdoor_2024,,
CLUSTER 34,ASSAULT W/DANGEROUS WEAPON,2024,1,,,,outdoor_2024,,
CLUSTER 21,ASSAULT W/DANGEROUS WEAPON,2024,1,,,,outdoor_2024,,
CLUSTER 2,ASSAULT W/DANGEROUS WEAPON,2024,1,,,,outdoor_2024,,
CLUSTER 39,ASSAULT W/DANGEROUS WEAPON,2024,1,,,,outdoor_2024,,
CLUSTER 32,ASSAULT W/DANGEROUS WEAPON,2024,1,,,,outdoor_2024,,
CLUSTER 39,ASSAULT W/DANGEROUS WEAPON,2024,1,,,,outdoor_2024,,
CLUSTER 37,ASSAULT W/DANGEROUS WEAPON,2024,1,,,,outdoor_2024,,
CLUSTER 33,ASSAULT W/DANGEROUS WEAPON,2024,1,,,,outdoor_2024,,
CLUSTER 23,ASSAULT W/DANGEROUS WEAPON,2024,1,,,,outdoor_2024,,
CLUSTER 17,ASSAULT W/DANGEROUS WEAPON,2024,1,,,,outdoor_2024,,
CLUSTER 8,ASSAULT W/DANGEROUS WEAPON,2024,1,,,,outdoor_2024,,
CLUSTER 19,ASSAULT W/DANGEROUS WEAPON,2024,1,,,,outdoor_2024,,
CLUSTER 21,ASSAULT W/DANGEROUS WEAPON,2024,1,,,,outdoor_2024,,
CLUSTER 7,ASSAULT W/DANGEROUS WEAPON,2024,1,,,,outdoor_2024,,
CLUSTER 38,ASSAULT W/DANGEROUS WEAPON,2024,1,,,,outdoor_2024,,
CLUSTER 2,ASSAULT W/DANGEROUS WEAPON,2024,1,,,,outdoor_2024,,
CLUSTER 39,ASSAULT W/DANGEROUS WEAPON,2024,1,,,,outdoor_2024,,
CLUSTER 44,ASSAULT W/DANGEROUS WEAPON,2024,1,,,,outdoor_2024,,
CLUSTER 18,ASSAULT W/DANGEROUS WEAPON,2024,1,,,,outdoor_2024,,
CLUSTER 2,ASSAULT W/DANGEROUS WEAPON,2024,1,,,,outdoor_2024,,
CLUSTER 25,ASSAULT W/DANGEROUS WEAPON,2024,1,,,,outdoor_2024,,
CLUSTER 32,ASSAULT W/DANGEROUS WEAPON,2024,1,,,,outdoor_2024,,
CLUSTER 39,ASSAULT W/DANGEROUS WEAPON,2024,1,,,,outdoor_2024,,
CLUSTER 39,ASSAULT W/DANGEROUS WEAPON,2024,1,,,,outdoor_2024,,
CLUSTER 32,ASSAULT W/DANGEROUS WEAPON,2024,1,,,,outdoor_2024,,
CLUSTER 23,ASSAULT W/DANGEROUS WEAPON,2024,1,,,,outdoor_2024,,
CLUSTER 31,ASSAULT W/DANGEROUS WEAPON,2024,1,,,,outdoor_2024,,
CLUSTER 39,ASSAULT W/DANGEROUS WEAPON,2024,1,,,,outdoor_2024,,
CLUSTER 4,ASSAULT W/DANGEROUS WEAPON,2024,1,,,,outdoor_2024,,
CLUSTER 28,ASSAULT W/DANGEROUS WEAPON,2024,1,,,,outdoor_2024,,
CLUSTER 2,ASSAULT W/DANGEROUS WEAPON,2024,1,,,,outdoor_2024,,
CLUSTER 21,ASSAULT W/DANGEROUS WEAPON,2024,1,,,,outdoor_2024,,
CLUSTER 30,ASSAULT W/DANGEROUS WEAPON,2024,1,,,,outdoor_2024,,
CLUSTER 2,ASSAULT W/DANGEROUS WEAPON,2024,1,,,,outdoor_2024,,
CLUSTER 28,ASSAULT W/DANGEROUS WEAPON,2024,1,,,,outdoor_2024,,
CLUSTER 23,ASSAULT W/DANGEROUS WEAPON,2024,1,,,,outdoor_2024,,
CLUSTER 39,ASSAULT W/DANGEROUS WEAPON,2024,1,,,,outdoor_2024,,
CLUSTER 28,ASSAULT W/DANGEROUS WEAPON,2024,1,,,,outdoor_2024,,
CLUSTER 9,ASSAULT W/DANGEROUS WEAPON,2024,1,,,,outdoor_2024,,
CLUSTER 25,ASSAULT W/DANGEROUS WEAPON,2024,1,,,,outdoor_2024,,
CLUSTER 34,ASSAULT W/DANGEROUS WEAPON,2024,1,,,,outdoor_2024,,
CLUSTER 2,ASSAULT W/DANGEROUS WEAPON,2024,1,,,,outdoor_2024,,
CLUSTER 39,ASSAULT W/DANGEROUS WEAPON,2024,1,,,,outdoor_2024,,
CLUSTER 38,ASSAULT W/DANGEROUS WEAPON,2024,1,,,,outdoor_2024,,
CLUSTER 43,ASSAULT W/DANGEROUS WEAPON,2024,1,,,,outdoor_2024,,
CLUSTER 37,ASSAULT W/DANGEROUS WEAPON,2024,1,,,,outdoor_2024,,
CLUSTER 7,ASSAULT W/DANGEROUS WEAPON,2024,1,,,,outdoor_2024,,
CLUSTER 32,ASSAULT W/DANGEROUS WEAPON,2024,1,,,,outdoor_2024,,
CLUSTER 17,ASSAULT W/DANGEROUS WEAPON,2024,1,,,,outdoor_2024,,
CLUSTER 17,ASSAULT W/DANGEROUS WEAPON,2024,1,,,,outdoor_2024,,
CLUSTER 38,ASSAULT W/DANGEROUS WEAPON,2024,1,,,,outdoor_2024,,
CLUSTER 8,ASSAULT W/DANGEROUS WEAPON,2024,1,,,,outdoor_2024,,
CLUSTER 34,ASSAULT W/DANGEROUS WEAPON,2024,1,,,,outdoor_2024,,
CLUSTER 7,ASSAULT W/DANGEROUS WEAPON,2024,1,,,,outdoor_2024,,
CLUSTER 39,ASSAULT W/DANGEROUS WEAPON,2024,1,,,,outdoor_2024,,
CLUSTER 3,ASSAULT W/DANGEROUS WEAPON,2024,1,,,,outdoor_2024,,
CLUSTER 26,ASSAULT W/DANGEROUS WEAPON,2024,1,,,,outdoor_2024,,
CLUSTER 43,ASSAULT W/DANGEROUS WEAPON,2024,1,,,,outdoor_2024,,
CLUSTER 34,ASSAULT W/DANGEROUS WEAPON,2024,1,,,,outdoor_2024,,
CLUSTER 37,ASSAULT W/DANGEROUS WEAPON,2024,1,,,,outdoor_2024,,
CLUSTER 18,ASSAULT W/DANGEROUS WEAPON,2024,1,,,,outdoor_2024,,
CLUSTER 39,ASSAULT W/DANGEROUS WEAPON,2024,1,,,,outdoor_2024,,
CLUSTER 39,ASSAULT W/DANGEROUS WEAPON,2024,1,,,,outdoor_2024,,
CLUSTER 39,ASSAULT W/DANGEROUS WEAPON,2024,1,,,,outdoor_2024,,
CLUSTER 23,ASSAULT W/DANGEROUS WEAPON,2024,1,,,,outdoor_2024,,
CLUSTER 27,ASSAULT W/DANGEROUS WEAPON,2025,1,,,,outdoor_2024,,
CLUSTER 39,ASSAULT W/DANGEROUS WEAPON,2024,1,,,,outdoor_2024,,
CLUSTER 23,ASSAULT W/DANGEROUS WEAPON,2024,1,,,,outdoor_2024,,
CLUSTER 39,ASSAULT W/DANGEROUS WEAPON,2024,1,,,,outdoor_2024,,
CLUSTER 28,ASSAULT W/DANGEROUS WEAPON,2024,1,,,,outdoor_2024,,
CLUSTER 9,ASSAULT W/DANGEROUS WEAPON,2024,1,,,,outdoor_2024,,
CLUSTER 37,ASSAULT W/DANGEROUS WEAPON,2024,1,,,,outdoor_2024,,
CLUSTER 25,ASSAULT W/DANGEROUS WEAPON,2024,1,,,,outdoor_2024,,
CLUSTER 39,ASSAULT W/DANGEROUS WEAPON,2024,1,,,,outdoor_2024,,
CLUSTER 21,ASSAULT W/DANGEROUS WEAPON,2024,1,,,,outdoor_2024,,
CLUSTER 37,ASSAULT W/DANGEROUS WEAPON,2024,1,,,,outdoor_2024,,
CLUSTER 33,ASSAULT W/DANGEROUS WEAPON,2024,1,,,,outdoor_2024,,
CLUSTER 39,ASSAULT W/DANGEROUS WEAPON,2024,1,,,,outdoor_2024,,
CLUSTER 32,ASSAULT W/DANGEROUS WEAPON,2024,1,,,,outdoor_2024,,
CLUSTER 31,ASSAULT W/DANGEROUS WEAPON,2024,1,,,,outdoor_2024,,
CLUSTER 23,ASSAULT W/DANGEROUS WEAPON,2024,1,,,,outdoor_2024,,
CLUSTER 22,ASSAULT W/DANGEROUS WEAPON,2024,1,,,,outdoor_2024,,
CLUSTER 9,ASSAULT W/DANGEROUS WEAPON,2024,1,,,,outdoor_2024,,
CLUSTER 27,ASSAULT W/DANGEROUS WEAPON,2024,1,,,,outdoor_2024,,
CLUSTER 30,ASSAULT W/DANGEROUS WEAPON,2024,1,,,,outdoor_2024,,
CLUSTER 2,ASSAULT W/DANGEROUS WEAPON,2024,1,,,,outdoor_2024,,
CLUSTER 39,ASSAULT W/DANGEROUS WEAPON,2024,1,,,,outdoor_2024,,
CLUSTER 37,ASSAULT W/DANGEROUS WEAPON,2024,1,,,,outdoor_2024,,
CLUSTER 32,ASSAULT W/DANGEROUS WEAPON,2024,1,,,,outdoor_2024,,
CLUSTER 2,ASSAULT W/DANGEROUS WEAPON,2024,1,,,,outdoor_2024,,
CLUSTER 38,ASSAULT W/DANGEROUS WEAPON,2024,1,,,,outdoor_2024,,
CLUSTER 43,ASSAULT W/DANGEROUS WEAPON,2024,1,,,,outdoor_2024,,
CLUSTER 9,ASSAULT W/DANGEROUS WEAPON,2024,1,,,,outdoor_2024,,
CLUSTER 39,ASSAULT W/DANGEROUS WEAPON,2024,1,,,,outdoor_2024,,
CLUSTER 34,ASSAULT W/DANGEROUS WEAPON,2024,1,,,,outdoor_2024,,
CLUSTER 27,ASSAULT W/DANGEROUS WEAPON,2024,1,,,,outdoor_2024,,
CLUSTER 38,ASSAULT W/DANGEROUS WEAPON,2024,1,,,,outdoor_2024,,
CLUSTER 25,ASSAULT W/DANGEROUS WEAPON,2024,1,,,,outdoor_2024,,
CLUSTER 25,ASSAULT W/DANGEROUS WEAPON,2024,1,,,,outdoor_2024,,
CLUSTER 19,ASSAULT W/DANGEROUS WEAPON,2024,1,,,,outdoor_2024,,
CLUSTER 17,ASSAULT W/DANGEROUS WEAPON,2024,1,,,,outdoor_2024,,
CLUSTER 18,ASSAULT W/DANGEROUS WEAPON,2024,1,,,,outdoor_2024,,
CLUSTER 32,ASSAULT W/DANGEROUS WEAPON,2024,1,,,,outdoor_2024,,
CLUSTER 36,ASSAULT W/DANGEROUS WEAPON,2024,1,,,,outdoor_2024,,
CLUSTER 7,ASSAULT W/DANGEROUS WEAPON,2024,1,,,,outdoor_2024,,
CLUSTER 34,ASSAULT W/DANGEROUS WEAPON,2024,1,,,,outdoor_2024,,
CLUSTER 25,ASSAULT W/DANGEROUS WEAPON,2024,1,,,,outdoor_2024,,
CLUSTER 3,ASSAULT W/DANGEROUS WEAPON,2024,1,,,,outdoor_2024,,
CLUSTER 1,ASSAULT W/DANGEROUS WEAPON,2024,1,,,,outdoor_2024,,
CLUSTER 8,ASSAULT W/DANGEROUS WEAPON,2024,1,,,,outdoor_2024,,
CLUSTER 31,ASSAULT W/DANGEROUS WEAPON,2024,1,,,,outdoor_2024,,
CLUSTER 36,ASSAULT W/DANGEROUS WEAPON,2024,1,,,,outdoor_2024,,
CLUSTER 32,ASSAULT W/DANGEROUS WEAPON,2024,1,,,,outdoor_2024,,
CLUSTER 21,ASSAULT W/DANGEROUS WEAPON,2024,1,,,,outdoor_2024,,
CLUSTER 39,ASSAULT W/DANGEROUS WEAPON,2024,1,,,,outdoor_2024,,
CLUSTER 17,ASSAULT W/DANGEROUS WEAPON,2024,1,,,,outdoor_2024,,
CLUSTER 23,ASSAULT W/DANGEROUS WEAPON,2024,1,,,,outdoor_2024,,
CLUSTER 38,ASSAULT W/DANGEROUS WEAPON,2024,1,,,,outdoor_2024,,
CLUSTER 6,ASSAULT W/DANGEROUS WEAPON,2024,1,,,,outdoor_2024,,
CLUSTER 2,ASSAULT W/DANGEROUS WEAPON,2024,1,,,,outdoor_2024,,
CLUSTER 38,ASSAULT W/DANGEROUS WEAPON,2024,1,,,,outdoor_2024,,
CLUSTER 18,ASSAULT W/DANGEROUS WEAPON,2024,1,,,,outdoor_2024,,
CLUSTER 25,ASSAULT W/DANGEROUS WEAPON,2024,1,,,,outdoor_2024,,
CLUSTER 38,ASSAULT W/DANGEROUS WEAPON,2024,1,,,,outdoor_2024,,
CLUSTER 39,ASSAULT W/DANGEROUS WEAPON,2024,1,,,,outdoor_2024,,
CLUSTER 37,ASSAULT W/DANGEROUS WEAPON,2024,1,,,,outdoor_2024,,
CLUSTER 39,ASSAULT W/DANGEROUS WEAPON,2024,1,,,,outdoor_2024,,
CLUSTER 31,ASSAULT W/DANGEROUS WEAPON,2024,1,,,,outdoor_2024,,
CLUSTER 22,ASSAULT W/DANGEROUS WEAPON,2024,1,,,,outdoor_2024,,
CLUSTER 21,ASSAULT W/DANGEROUS WEAPON,2024,1,,,,outdoor_2024,,
CLUSTER 21,ASSAULT W/DANGEROUS WEAPON,2024,1,,,,outdoor_2024,,
CLUSTER 26,ASSAULT W/DANGEROUS WEAPON,2024,1,,,,outdoor_2024,,
CLUSTER 37,ASSAULT W/DANGEROUS WEAPON,2024,1,,,,outdoor_2024,,
CLUSTER 8,ASSAULT W/DANGEROUS WEAPON,2024,1,,,,outdoor_2024,,
CLUSTER 21,ASSAULT W/DANGEROUS WEAPON,2024,1,,,,outdoor_2024,,
CLUSTER 43,ASSAULT W/DANGEROUS WEAPON,2024,1,,,,outdoor_2024,,
CLUSTER 17,ASSAULT W/DANGEROUS WEAPON,2024,1,,,,outdoor_2024,,
CLUSTER 37,ASSAULT W/DANGEROUS WEAPON,2024,1,,,,outdoor_2024,,
CLUSTER 28,ASSAULT W/DANGEROUS WEAPON,2024,1,,,,outdoor_2024,,
CLUSTER 2,ASSAULT W/DANGEROUS WEAPON,2024,1,,,,outdoor_2024,,
CLUSTER 38,ASSAULT W/DANGEROUS WEAPON,2024,1,,,,outdoor_2024,,
CLUSTER 32,ASSAULT W/DANGEROUS WEAPON,2024,1,,,,outdoor_2024,,
CLUSTER 8,ASSAULT W/DANGEROUS WEAPON,2024,1,,,,outdoor_2024,,
CLUSTER 21,ASSAULT W/DANGEROUS WEAPON,2024,1,,,,outdoor_2024,,
CLUSTER 31,ASSAULT W/DANGEROUS WEAPON,2024,1,,,,outdoor_2024,,
CLUSTER 33,ASSAULT W/DANGEROUS WEAPON,2024,1,,,,outdoor_2024,,
CLUSTER 23,ASSAULT W/DANGEROUS WEAPON,2024,1,,,,outdoor_2024,,
CLUSTER 39,ASSAULT W/DANGEROUS WEAPON,2024,1,,,,outdoor_2024,,
CLUSTER 6,ASSAULT W/DANGEROUS WEAPON,2024,1,,,,outdoor_2024,,
CLUSTER 6,ASSAULT W/DANGEROUS WEAPON,2024,1,,,,outdoor_2024,,
CLUSTER 34,ASSAULT W/DANGEROUS WEAPON,2024,1,,,,outdoor_2024,,
CLUSTER 32,ASSAULT W/DANGEROUS WEAPON,2024,1,,,,outdoor_2024,,
CLUSTER 25,ASSAULT W/DANGEROUS WEAPON,2024,1,,,,outdoor_2024,,
CLUSTER 37,ASSAULT W/DANGEROUS WEAPON,2024,1,,,,outdoor_2024,,
CLUSTER 34,ASSAULT W/DANGEROUS WEAPON,2024,1,,,,outdoor_2024,,
CLUSTER 2,ASSAULT W/DANGEROUS WEAPON,2024,1,,,,outdoor_2024,,
CLUSTER 36,ASSAULT W/DANGEROUS WEAPON,2024,1,,,,outdoor_2024,,
CLUSTER 39,ASSAULT W/DANGEROUS WEAPON,2024,1,,,,outdoor_2024,,
CLUSTER 34,ASSAULT W/DANGEROUS WEAPON,2024,1,,,,outdoor_2024,,
CLUSTER 2,ASSAULT W/DANGEROUS WEAPON,2024,1,,,,outdoor_2024,,
CLUSTER 39,ASSAULT W/DANGEROUS WEAPON,2024,1,,,,outdoor_2024,,
CLUSTER 39,ASSAULT W/DANGEROUS WEAPON,2024,1,,,,outdoor_2024,,
CLUSTER 37,ASSAULT W/DANGEROUS WEAPON,2024,1,,,,outdoor_2024,,
CLUSTER 34,ASSAULT W/DANGEROUS WEAPON,2024,1,,,,outdoor_2024,,
CLUSTER 39,ASSAULT W/DANGEROUS WEAPON,2024,1,,,,outdoor_2024,,
CLUSTER 39,ASSAULT W/DANGEROUS WEAPON,2024,1,,,,outdoor_2024,,
CLUSTER 6,ASSAULT W/DANGEROUS WEAPON,2024,1,,,,outdoor_2024,,
CLUSTER 23,ASSAULT W/DANGEROUS WEAPON,2024,1,,,,outdoor_2024,,
CLUSTER 3,ASSAULT W/DANGEROUS WEAPON,2024,1,,,,outdoor_2024,,
CLUSTER 30,ASSAULT W/DANGEROUS WEAPON,2024,1,,,,outdoor_2024,,
CLUSTER 7,ASSAULT W/DANGEROUS WEAPON,2024,1,,,,outdoor_2024,,
CLUSTER 3,ASSAULT W/DANGEROUS WEAPON,2024,1,,,,outdoor_2024,,
CLUSTER 30,ASSAULT W/DANGEROUS WEAPON,2024,1,,,,outdoor_2024,,
CLUSTER 3,ASSAULT W/DANGEROUS WEAPON,2024,1,,,,outdoor_2024,,
CLUSTER 39,ASSAULT W/DANGEROUS WEAPON,2024,1,,,,outdoor_2024,,
CLUSTER 18,ASSAULT W/DANGEROUS WEAPON,2024,1,,,,outdoor_2024,,
CLUSTER 32,ASSAULT W/DANGEROUS WEAPON,2024,1,,,,outdoor_2024,,
CLUSTER 33,ASSAULT W/DANGEROUS WEAPON,2024,1,,,,outdoor_2024,,
CLUSTER 19,ASSAULT W/DANGEROUS WEAPON,2024,1,,,,outdoor_2024,,
CLUSTER 26,ASSAULT W/DANGEROUS WEAPON,2024,1,,,,outdoor_2024,,
CLUSTER 31,ASSAULT W/DANGEROUS WEAPON,2024,1,,,,outdoor_2024,,
CLUSTER 39,ASSAULT W/DANGEROUS WEAPON,2024,1,,,,outdoor_2024,,
CLUSTER 38,ASSAULT W/DANGEROUS WEAPON,2024,1,,,,outdoor_2024,,
CLUSTER 2,ASSAULT W/DANGEROUS WEAPON,2024,1,,,,outdoor_2024,,
CLUSTER 33,ASSAULT W/DANGEROUS WEAPON,2024,1,,,,outdoor_2024,,
CLUSTER 31,ASSAULT W/DANGEROUS WEAPON,2024,1,,,,outdoor_2024,,
CLUSTER 39,ASSAULT W/DANGEROUS WEAPON,2024,1,,,,outdoor_2024,,
CLUSTER 34,ASSAULT W/DANGEROUS WEAPON,2024,1,,,,outdoor_2024,,
CLUSTER 2,ASSAULT W/DANGEROUS WEAPON,2024,1,,,,outdoor_2024,,
CLUSTER 1,ASSAULT W/DANGEROUS WEAPON,2024,1,,,,outdoor_2024,,
CLUSTER 27,ASSAULT W/DANGEROUS WEAPON,2024,1,,,,outdoor_2024,,
CLUSTER 37,ASSAULT W/DANGEROUS WEAPON,2024,1,,,,outdoor_2024,,
CLUSTER 38,ASSAULT W/DANGEROUS WEAPON,2024,1,,,,outdoor_2024,,
CLUSTER 26,ASSAULT W/DANGEROUS WEAPON,2024,1,,,,outdoor_2024,,
CLUSTER 21,ASSAULT W/DANGEROUS WEAPON,2024,1,,,,outdoor_2024,,
CLUSTER 2,ASSAULT W/DANGEROUS WEAPON,2024,1,,,,outdoor_2024,,
CLUSTER 39,ASSAULT W/DANGEROUS WEAPON,2024,1,,,,outdoor_2024,,
CLUSTER 38,ASSAULT W/DANGEROUS WEAPON,2024,1,,,,outdoor_2024,,
CLUSTER 8,ASSAULT W/DANGEROUS WEAPON,2024,1,,,,outdoor_2024,,
CLUSTER 2,ASSAULT W/DANGEROUS WEAPON,2024,1,,,,outdoor_2024,,
CLUSTER 18,ASSAULT W/DANGEROUS WEAPON,2024,1,,,,outdoor_2024,,
CLUSTER 37,ASSAULT W/DANGEROUS WEAPON,2024,1,,,,outdoor_2024,,
CLUSTER 28,ASSAULT W/DANGEROUS WEAPON,2024,1,,,,outdoor_2024,,
CLUSTER 33,ASSAULT W/DANGEROUS WEAPON,2024,1,,,,outdoor_2024,,
CLUSTER 39,ASSAULT W/DANGEROUS WEAPON,2024,1,,,,outdoor_2024,,
CLUSTER 35,ASSAULT W/DANGEROUS WEAPON,2024,1,,,,outdoor_2024,,
CLUSTER 34,ASSAULT W/DANGEROUS WEAPON,2024,1,,,,outdoor_2024,,
CLUSTER 35,ASSAULT W/DANGEROUS WEAPON,2024,1,,,,outdoor_2024,,
CLUSTER 18,ASSAULT W/DANGEROUS WEAPON,2024,1,,,,outdoor_2024,,
CLUSTER 35,ASSAULT W/DANGEROUS WEAPON,2024,1,,,,outdoor_2024,,
CLUSTER 14,ASSAULT W/DANGEROUS WEAPON,2024,1,,,,outdoor_2024,,
CLUSTER 21,ASSAULT W/DANGEROUS WEAPON,2024,1,,,,outdoor_2024,,
CLUSTER 3,ASSAULT W/DANGEROUS WEAPON,2024,1,,,,outdoor_2024,,
CLUSTER 35,ASSAULT W/DANGEROUS WEAPON,2024,1,,,,outdoor_2024,,
CLUSTER 32,ASSAULT W/DANGEROUS WEAPON,2024,1,,,,outdoor_2024,,
CLUSTER 9,ASSAULT W/DANGEROUS WEAPON,2024,1,,,,outdoor_2024,,
CLUSTER 33,ASSAULT W/DANGEROUS WEAPON,2024,1,,,,outdoor_2024,,
CLUSTER 34,ASSAULT W/DANGEROUS WEAPON,2024,1,,,,outdoor_2024,,
CLUSTER 18,ASSAULT W/DANGEROUS WEAPON,2024,1,,,,outdoor_2024,,
CLUSTER 2,ASSAULT W/DANGEROUS WEAPON,2024,1,,,,outdoor_2024,,
CLUSTER 9,ASSAULT W/DANGEROUS WEAPON,2024,1,,,,outdoor_2024,,
CLUSTER 34,ASSAULT W/DANGEROUS WEAPON,2024,1,,,,outdoor_2024,,
CLUSTER 14,ASSAULT W/DANGEROUS WEAPON,2024,1,,,,outdoor_2024,,
CLUSTER 36,ASSAULT W/DANGEROUS WEAPON,2024,1,,,,outdoor_2024,,
CLUSTER 22,ASSAULT W/DANGEROUS WEAPON,2024,1,,,,outdoor_2024,,
CLUSTER 32,ASSAULT W/DANGEROUS WEAPON,2024,1,,,,outdoor_2024,,
CLUSTER 33,ASSAULT W/DANGEROUS WEAPON,2024,1,,,,outdoor_2024,,
CLUSTER 39,ASSAULT W/DANGEROUS WEAPON,2024,1,,,,outdoor_2024,,
CLUSTER 25,ASSAULT W/DANGEROUS WEAPON,2024,1,,,,outdoor_2024,,
CLUSTER 26,ASSAULT W/DANGEROUS WEAPON,2024,1,,,,outdoor_2024,,
CLUSTER 8,ASSAULT W/DANGEROUS WEAPON,2024,1,,,,outdoor_2024,,
CLUSTER 39,ASSAULT W/DANGEROUS WEAPON,2024,1,,,,outdoor_2024,,
CLUSTER 33,ASSAULT W/DANGEROUS WEAPON,2024,1,,,,outdoor_2024,,
CLUSTER 33,ASSAULT W/DANGEROUS WEAPON,2024,1,,,,outdoor_2024,,
CLUSTER 32,ASSAULT W/DANGEROUS WEAPON,2024,1,,,,outdoor_2024,,
CLUSTER 9,ASSAULT W/DANGEROUS WEAPON,2024,1,,,,outdoor_2024,,
CLUSTER 6,ASSAULT W/DANGEROUS WEAPON,2024,1,,,,outdoor_2024,,
CLUSTER 34,ASSAULT W/DANGEROUS WEAPON,2024,1,,,,outdoor_2024,,
CLUSTER 23,ASSAULT W/DANGEROUS WEAPON,2024,1,,,,outdoor_2024,,
CLUSTER 36,ASSAULT W/DANGEROUS WEAPON,2024,1,,,,outdoor_2024,,
CLUSTER 37,ASSAULT W/DANGEROUS WEAPON,2024,1,,,,outdoor_2024,,
CLUSTER 8,ASSAULT W/DANGEROUS WEAPON,2024,1,,,,outdoor_2024,,
CLUSTER 8,ASSAULT W/DANGEROUS WEAPON,2024,1,,,,outdoor_2024,,
CLUSTER 21,ASSAULT W/DANGEROUS WEAPON,2024,1,,,,outdoor_2024,,
CLUSTER 9,ASSAULT W/DANGEROUS WEAPON,2024,1,,,,outdoor_2024,,
CLUSTER 27,ASSAULT W/DANGEROUS WEAPON,2024,1,,,,outdoor_2024,,
CLUSTER 23,ASSAULT W/DANGEROUS WEAPON,2024,1,,,,outdoor_2024,,
CLUSTER 33,ASSAULT W/DANGEROUS WEAPON,2024,1,,,,outdoor_2024,,
CLUSTER 39,ASSAULT W/DANGEROUS WEAPON,2024,1,,,,outdoor_2024,,
CLUSTER 39,ASSAULT W/DANGEROUS WEAPON,2024,1,,,,outdoor_2024,,
CLUSTER 27,ASSAULT W/DANGEROUS WEAPON,2024,1,,,,outdoor_2024,,
CLUSTER 8,ASSAULT W/DANGEROUS WEAPON,2024,1,,,,outdoor_2024,,
CLUSTER 31,ASSAULT W/DANGEROUS WEAPON,2024,1,,,,outdoor_2024,,
CLUSTER 33,ASSAULT W/DANGEROUS WEAPON,2024,1,,,,outdoor_2024,,
CLUSTER 8,ASSAULT W/DANGEROUS WEAPON,2024,1,,,,outdoor_2024,,
CLUSTER 26,ASSAULT W/DANGEROUS WEAPON,2024,1,,,,outdoor_2024,,
CLUSTER 2,ASSAULT W/DANGEROUS WEAPON,2024,1,,,,outdoor_2024,,
CLUSTER 32,ASSAULT W/DANGEROUS WEAPON,2024,1,,,,outdoor_2024,,
CLUSTER 21,ASSAULT W/DANGEROUS WEAPON,2024,1,,,,outdoor_2024,,
CLUSTER 2,ASSAULT W/DANGEROUS WEAPON,2024,1,,,,outdoor_2024,,
CLUSTER 39,ASSAULT W/DANGEROUS WEAPON,2024,1,,,,outdoor_2024,,
CLUSTER 34,ASSAULT W/DANGEROUS WEAPON,2024,1,,,,outdoor_2024,,
CLUSTER 3,ASSAULT W/DANGEROUS WEAPON,2024,1,,,,outdoor_2024,,
CLUSTER 38,ASSAULT W/DANGEROUS WEAPON,2024,1,,,,outdoor_2024,,
CLUSTER 21,ASSAULT W/DANGEROUS WEAPON,2024,1,,,,outdoor_2024,,
CLUSTER 32,ASSAULT W/DANGEROUS WEAPON,2024,1,,,,outdoor_2024,,
CLUSTER 33,ASSAULT W/DANGEROUS WEAPON,2024,1,,,,outdoor_2024,,
CLUSTER 36,ASSAULT W/DANGEROUS WEAPON,2024,1,,,,outdoor_2024,,
CLUSTER 34,ASSAULT W/DANGEROUS WEAPON,2024,1,,,,outdoor_2024,,
CLUSTER 4,ASSAULT W/DANGEROUS WEAPON,2024,1,,,,outdoor_2024,,
CLUSTER 23,ASSAULT W/DANGEROUS WEAPON,2024,1,,,,outdoor_2024,,
CLUSTER 39,ASSAULT W/DANGEROUS WEAPON,2024,1,,,,outdoor_2024,,
CLUSTER 26,ASSAULT W/DANGEROUS WEAPON,2024,1,,,,outdoor_2024,,
CLUSTER 30,ASSAULT W/DANGEROUS WEAPON,2024,1,,,,outdoor_2024,,
CLUSTER 8,ASSAULT W/DANGEROUS WEAPON,2024,1,,,,outdoor_2024,,
CLUSTER 37,ASSAULT W/DANGEROUS WEAPON,2024,1,,,,outdoor_2024,,
CLUSTER 15,ASSAULT W/DANGEROUS WEAPON,2024,1,,,,outdoor_2024,,
CLUSTER 37,ASSAULT W/DANGEROUS WEAPON,2024,1,,,,outdoor_2024,,
CLUSTER 8,ASSAULT W/DANGEROUS WEAPON,2024,1,,,,outdoor_2024,,
CLUSTER 38,ASSAULT W/DANGEROUS WEAPON,2024,1,,,,outdoor_2024,,
CLUSTER 1,ASSAULT W/DANGEROUS WEAPON,2024,1,,,,outdoor_2024,,
CLUSTER 21,ASSAULT W/DANGEROUS WEAPON,2024,1,,,,outdoor_2024,,
CLUSTER 18,ASSAULT W/DANGEROUS WEAPON,2024,1,,,,outdoor_2024,,
CLUSTER 21,ASSAULT W/DANGEROUS WEAPON,2024,1,,,,outdoor_2024,,
CLUSTER 25,ASSAULT W/DANGEROUS WEAPON,2024,1,,,,outdoor_2024,,
CLUSTER 18,ASSAULT W/DANGEROUS WEAPON,2024,1,,,,outdoor_2024,,
CLUSTER 28,ASSAULT W/DANGEROUS WEAPON,2024,1,,,,outdoor_2024,,
CLUSTER 36,ASSAULT W/DANGEROUS WEAPON,2024,1,,,,outdoor_2024,,
CLUSTER 32,ASSAULT W/DANGEROUS WEAPON,2024,1,,,,outdoor_2024,,
CLUSTER 2,ASSAULT W/DANGEROUS WEAPON,2024,1,,,,outdoor_2024,,
CLUSTER 2,ASSAULT W/DANGEROUS WEAPON,2024,1,,,,outdoor_2024,,
CLUSTER 7,ASSAULT W/DANGEROUS WEAPON,2024,1,,,,outdoor_2024,,
CLUSTER 39,ASSAULT W/DANGEROUS WEAPON,2024,1,,,,outdoor_2024,,
CLUSTER 18,ASSAULT W/DANGEROUS WEAPON,2024,1,,,,outdoor_2024,,
CLUSTER 33,ASSAULT W/DANGEROUS WEAPON,2024,1,,,,outdoor_2024,,
