CCN,REPORT_DAT,START_DATE,END_DATE,SHIFT,OFFENSE,BLOCK,WARD,DISTRICT,NEIGHBORHOOD_CLUSTER,LATITUDE,LONGITUDE,hour,day,month,weekday,time_period,crime_count,crime_type,crime_date,crime_hour,year,day_night,area,risk_level
24001558,2024-01-04 02:09:24+00:00,2024-01-03 23:03:00+00:00,2024-01-04 00:26:00+00:00,EVENING,ASSAULT W/DANGEROUS WEAPON,1953 - 2099 BLOCK OF 19TH PLACE SE,8.0,7.0,Cluster 28,38.8646640502,-76.9775289645,23.0,3.0,1,Wednesday,Night,1,ASSAULT W/DANGEROUS WEAPON,2024-01-04 02:09:24+00:00,2,2024,Night,Cluster 28,Medium
24019819,2024-02-08 04:29:10+00:00,2024-02-08 01:25:00+00:00,2024-02-09 03:30:00+00:00,MIDNIGHT,ASSAULT W/DANGEROUS WEAPON,3900 - 3999 BLOCK OF MARTIN LUTHER KING JR AVENUE SW,8.0,7.0,Cluster 39,38.8325609582,-77.0089972649,1.0,8.0,2,Thursday,Night,1,ASSAULT W/DANGEROUS WEAPON,2024-02-08 04:29:10+00:00,4,2024,Night,Cluster 39,High
24022148,2024-02-12 16:25:56+00:00,2024-02-12 15:30:00+00:00,2024-02-12 16:15:00+00:00,DAY,ASSAULT W/DANGEROUS WEAPON,1737 - 1776 BLOCK OF COLUMBIA ROAD NW,1.0,3.0,Cluster 1,38.9238698908,-77.0408755892,15.0,12.0,2,Monday,Afternoon,1,ASSAULT W/DANGEROUS WEAPON,2024-02-12 16:25:56+00:00,16,2024,Day,Cluster 1,Medium
24005258,2024-01-11 13:51:09+00:00,2024-01-11 12:10:00+00:00,2024-01-11 12:15:00+00:00,DAY,ASSAULT W/DANGEROUS WEAPON,100 - 199 BLOCK OF ATLANTIC STREET SE,8.0,7.0,Cluster 39,38.8310799071,-77.0047122463,12.0,11.0,1,Thursday,Afternoon,1,ASSAULT W/DANGEROUS WEAPON,2024-01-11 13:51:09+00:00,13,2024,Day,Cluster 39,High
24005185,2024-01-11 07:35:50+00:00,2024-01-11 04:56:00+00:00,2024-01-11 04:59:00+00:00,MIDNIGHT,ASSAULT W/DANGEROUS WEAPON,1000 - 1099 BLOCK OF WEBSTER STREET NW,4.0,4.0,Cluster 18,38.9439934917,-77.026702967,4.0,11.0,1,Thursday,Night,1,ASSAULT W/DANGEROUS WEAPON,2024-01-11 07:35:50+00:00,7,2024,Day,Cluster 18,High
24021036,2024-02-10 08:56:09+00:00,2024-02-10 07:09:00+00:00,2024-02-10 08:00:00+00:00,MIDNIGHT,ASSAULT W/DANGEROUS WEAPON,2300 - 2399 BLOCK OF PITTS PLACE SE,8.0,7.0,Cluster 28,38.8598102625,-76.9855833686,7.0,10.0,2,Saturday,Morning,1,ASSAULT W/DANGEROUS WEAPON,2024-02-10 08:56:09+00:00,8,2024,Day,Cluster 28,Medium
24034259,2024-03-06 03:45:24+00:00,2024-03-06 02:24:00+00:00,2024-03-06 03:08:00+00:00,EVENING,ASSAULT W/DANGEROUS WEAPON,4000 - 4099 BLOCK OF 4TH STREET SE,8.0,7.0,Cluster 39,38.8305206225,-77.0005714967,2.0,6.0,3,Wednesday,Night,1,ASSAULT W/DANGEROUS WEAPON,2024-03-06 03:45:24+00:00,3,2024,Night,Cluster 39,High
24056689,2024-04-16 01:19:47+00:00,2024-04-15 23:59:00+00:00,2024-04-16 01:20:00+00:00,EVENING,ASSAULT W/DANGEROUS WEAPON,6200 - 6299 BLOCK OF 13TH STREET NW,4.0,4.0,Cluster 17,38.965782686,-77.0296904581,23.0,15.0,4,Monday,Night,1,ASSAULT W/DANGEROUS WEAPON,2024-04-16 01:19:47+00:00,1,2024,Night,Cluster 17,Medium
24014586,2024-01-29 22:51:21+00:00,2024-01-29 17:41:00+00:00,,EVENING,ASSAULT W/DANGEROUS WEAPON,900 - 1199 BLOCK OF 4TH STREET SW,6.0,1.0,Cluster 9,38.8778666066,-77.0176347386,17.0,29.0,1,Monday,Evening,1,ASSAULT W/DANGEROUS WEAPON,2024-01-29 22:51:21+00:00,22,2024,Night,Cluster 9,Medium
24016113,2024-02-01 16:15:29+00:00,2024-02-01 14:11:00+00:00,2024-02-01 15:37:00+00:00,DAY,ASSAULT W/DANGEROUS WEAPON,300 - 399 BLOCK OF LIVINGSTON TERRACE SE,8.0,7.0,Cluster 39,38.8266053045,-77.001267895,14.0,1.0,2,Thursday,Afternoon,1,ASSAULT W/DANGEROUS WEAPON,2024-02-01 16:15:29+00:00,16,2024,Day,Cluster 39,High
24017154,2024-02-03 08:47:02+00:00,2024-02-03 07:37:00+00:00,2024-02-03 07:39:00+00:00,MIDNIGHT,ASSAULT W/DANGEROUS WEAPON,2000 - 2099 BLOCK OF 18TH STREET NW,1.0,3.0,Cluster 1,38.9174025405,-77.0416498795,7.0,3.0,2,Saturday,Morning,1,ASSAULT W/DANGEROUS WEAPON,2024-02-03 08:47:02+00:00,8,2024,Day,Cluster 1,Medium
24009794,2024-01-20 20:59:10+00:00,2024-01-20 18:24:00+00:00,2024-01-20 20:32:00+00:00,EVENING,ASSAULT W/DANGEROUS WEAPON,3400 - 3432 BLOCK OF 13TH STREET SE,8.0,7.0,Cluster 39,38.8413409714,-76.9885025712,18.0,20.0,1,Saturday,Evening,1,ASSAULT W/DANGEROUS WEAPON,2024-01-20 20:59:10+00:00,20,2024,Night,Cluster 39,High
24028162,2024-02-23 18:25:00+00:00,2024-02-23 16:42:00+00:00,2024-02-23 16:50:00+00:00,DAY,ASSAULT W/DANGEROUS WEAPON,2509 - 2720 BLOCK OF MARION BARRY AVENUE SE,8.0,7.0,Cluster 36,38.8604189946,-76.9684839594,16.0,23.0,2,Friday,Afternoon,1,ASSAULT W/DANGEROUS WEAPON,2024-02-23 18:25:00+00:00,18,2024,Night,Cluster 36,High
24049176,2024-04-02 16:57:29+00:00,2024-04-02 15:26:00+00:00,2024-04-02 15:30:00+00:00,DAY,ASSAULT W/DANGEROUS WEAPON,2800 - 2807 BLOCK OF BRUCE PLACE SE,8.0,7.0,Cluster 36,38.8564210902,-76.9753299075,15.0,2.0,4,Tuesday,Afternoon,1,ASSAULT W/DANGEROUS WEAPON,2024-04-02 16:57:29+00:00,16,2024,Day,Cluster 36,High
24037842,2024-03-12 23:57:36+00:00,2024-03-12 20:52:00+00:00,2024-03-13 00:00:00+00:00,EVENING,ASSAULT W/DANGEROUS WEAPON,300 - 399 BLOCK OF VAN BUREN STREET NW,4.0,4.0,Cluster 17,38.9699228716,-77.0170969293,20.0,12.0,3,Tuesday,Night,1,ASSAULT W/DANGEROUS WEAPON,2024-03-12 23:57:36+00:00,23,2024,Night,Cluster 17,Medium
24045285,2024-03-26 12:22:20+00:00,2024-03-26 07:30:00+00:00,2024-03-26 08:40:00+00:00,DAY,ASSAULT W/DANGEROUS WEAPON,6100 - 6199 BLOCK OF 16TH STREET NW,4.0,4.0,Cluster 17,38.9651249042,-77.0363844924,7.0,26.0,3,Tuesday,Morning,1,ASSAULT W/DANGEROUS WEAPON,2024-03-26 12:22:20+00:00,12,2024,Day,Cluster 17,Medium
24066286,2024-05-03 17:30:11+00:00,2024-05-03 13:54:00+00:00,,DAY,ASSAULT W/DANGEROUS WEAPON,1200 - 1209 BLOCK OF KIRBY STREET NW,5.0,3.0,Cluster 21,38.9061081136,-77.013654008,13.0,3.0,5,Friday,Afternoon,1,ASSAULT W/DANGEROUS WEAPON,2024-05-03 17:30:11+00:00,17,2024,Day,Cluster 21,High
24051052,2024-04-06 01:52:53+00:00,2024-04-06 00:56:00+00:00,2024-04-06 01:56:00+00:00,EVENING,ASSAULT W/DANGEROUS WEAPON,500 - 599 BLOCK OF 13TH STREET SE,6.0,1.0,Cluster 26,38.8821486345,-76.9883073852,0.0,6.0,4,Saturday,Night,1,ASSAULT W/DANGEROUS WEAPON,2024-04-06 01:52:53+00:00,1,2024,Night,Cluster 26,Medium
24053735,2024-04-10 23:54:38+00:00,2024-04-10 20:10:00+00:00,2024-04-10 23:00:00+00:00,EVENING,ASSAULT W/DANGEROUS WEAPON,1600 - 1626 BLOCK OF ECKINGTON PLACE NE,5.0,5.0,Cluster 21,38.9114883305,-77.0046838521,20.0,10.0,4,Wednesday,Night,1,ASSAULT W/DANGEROUS WEAPON,2024-04-10 23:54:38+00:00,23,2024,Night,Cluster 21,High
24055999,2024-04-14 20:27:13+00:00,2024-04-14 18:36:00+00:00,2024-04-14 18:38:00+00:00,EVENING,ASSAULT W/DANGEROUS WEAPON,500 - 599 BLOCK OF 6TH STREET SE,6.0,1.0,Cluster 26,38.8819990853,-76.9984504309,18.0,14.0,4,Sunday,Evening,1,ASSAULT W/DANGEROUS WEAPON,2024-04-14 20:27:13+00:00,20,2024,Night,Cluster 26,Medium
24100240,2024-07-01 06:15:12+00:00,2024-07-01 05:04:00+00:00,2024-07-01 06:15:00+00:00,MIDNIGHT,ASSAULT W/DANGEROUS WEAPON,4000 - 4121 BLOCK OF MINNESOTA AVENUE NE,7.0,6.0,Cluster 30,38.8966558827,-76.9476475094,5.0,1.0,7,Monday,Night,1,ASSAULT W/DANGEROUS WEAPON,2024-07-01 06:15:12+00:00,6,2024,Day,Cluster 30,High
24069514,2024-05-09 15:48:53+00:00,2024-05-09 14:20:00+00:00,2024-05-09 15:50:00+00:00,DAY,ASSAULT W/DANGEROUS WEAPON,200 - 299 BLOCK OF 20TH STREET NE,7.0,1.0,Cluster 25,38.8926536773,-76.976220248,14.0,9.0,5,Thursday,Afternoon,1,ASSAULT W/DANGEROUS WEAPON,2024-05-09 15:48:53+00:00,15,2024,Day,Cluster 25,High
24067708,2024-05-06 07:51:18+00:00,2024-05-06 06:30:00+00:00,2024-05-06 06:40:00+00:00,MIDNIGHT,ASSAULT W/DANGEROUS WEAPON,2000 - 2099 BLOCK OF 8TH STREET NW,1.0,3.0,Cluster 3,38.917236462,-77.0229457261,6.0,6.0,5,Monday,Morning,1,ASSAULT W/DANGEROUS WEAPON,2024-05-06 07:51:18+00:00,7,2024,Day,Cluster 3,Medium
24092852,2024-06-18 20:39:51+00:00,2024-06-18 19:12:00+00:00,2024-06-18 20:00:00+00:00,EVENING,ASSAULT W/DANGEROUS WEAPON,3400 - 3499 BLOCK OF 13TH PLACE SE,8.0,7.0,Cluster 38,38.8416472905,-76.9872813232,19.0,18.0,6,Tuesday,Evening,1,ASSAULT W/DANGEROUS WEAPON,2024-06-18 20:39:51+00:00,20,2024,Night,Cluster 38,High
24096618,2024-06-25 03:30:10+00:00,2024-06-25 01:21:00+00:00,2024-06-25 02:37:00+00:00,MIDNIGHT,ASSAULT W/DANGEROUS WEAPON,200 - 215 BLOCK OF NEW YORK AVENUE NW,5.0,3.0,Cluster 21,38.905697405,-77.0138071513,1.0,25.0,6,Tuesday,Night,1,ASSAULT W/DANGEROUS WEAPON,2024-06-25 03:30:10+00:00,3,2024,Night,Cluster 21,High
24096998,2024-06-25 21:10:57+00:00,2024-06-25 19:14:00+00:00,2024-06-25 19:15:00+00:00,EVENING,ASSAULT W/DANGEROUS WEAPON,1700 - 1799 BLOCK OF T STREET SE,8.0,6.0,Cluster 34,38.8672665384,-76.9798915511,19.0,25.0,6,Tuesday,Evening,1,ASSAULT W/DANGEROUS WEAPON,2024-06-25 21:10:57+00:00,21,2024,Night,Cluster 34,High
24099056,2024-06-29 11:59:39+00:00,2024-06-29 02:00:00+00:00,2024-06-29 02:15:00+00:00,DAY,ASSAULT W/DANGEROUS WEAPON,2300 - 2399 BLOCK OF PITTS PLACE SE,8.0,7.0,Cluster 28,38.8598102625,-76.9855833686,2.0,29.0,6,Saturday,Night,1,ASSAULT W/DANGEROUS WEAPON,2024-06-29 11:59:39+00:00,11,2024,Day,Cluster 28,Medium
24088275,2024-06-10 23:29:43+00:00,2024-06-10 19:08:00+00:00,,EVENING,ASSAULT W/DANGEROUS WEAPON,3651 - 3799 BLOCK OF MARTIN LUTHER KING JR AVENUE SE,8.0,7.0,Cluster 39,38.8368603507,-77.0069028318,19.0,10.0,6,Monday,Evening,1,ASSAULT W/DANGEROUS WEAPON,2024-06-10 23:29:43+00:00,23,2024,Night,Cluster 39,High
24088509,2024-06-11 07:50:27+00:00,2024-06-11 04:34:00+00:00,2024-06-11 04:35:00+00:00,MIDNIGHT,ASSAULT W/DANGEROUS WEAPON,2400 - 2599 BLOCK OF ELVANS ROAD SE,8.0,7.0,Cluster 37,38.8541724053,-76.9884242906,4.0,11.0,6,Tuesday,Night,1,ASSAULT W/DANGEROUS WEAPON,2024-06-11 07:50:27+00:00,7,2024,Day,Cluster 37,High
24058613,2024-04-19 16:52:36+00:00,2024-04-19 16:23:00+00:00,2024-04-19 16:52:00+00:00,DAY,ASSAULT W/DANGEROUS WEAPON,1200 - 1299 BLOCK OF MOUNT OLIVET ROAD NE,5.0,5.0,Cluster 23,38.9096810032,-76.9835451911,16.0,19.0,4,Friday,Afternoon,1,ASSAULT W/DANGEROUS WEAPON,2024-04-19 16:52:36+00:00,16,2024,Day,Cluster 23,High
24066113,2024-05-03 05:30:22+00:00,2024-05-03 03:57:00+00:00,2024-05-03 05:09:00+00:00,MIDNIGHT,ASSAULT W/DANGEROUS WEAPON,3726 - 3799 BLOCK OF 10TH STREET NE,5.0,4.0,Cluster 20,38.9365993795,-76.9934436655,3.0,3.0,5,Friday,Night,1,ASSAULT W/DANGEROUS WEAPON,2024-05-03 05:30:22+00:00,5,2024,Night,Cluster 20,Low
24069994,2024-05-10 14:21:26+00:00,2024-05-10 12:00:00+00:00,2024-05-10 13:30:00+00:00,DAY,ASSAULT W/DANGEROUS WEAPON,1200 - 1499 BLOCK OF NORTH CAPITOL STREET,5.0,3.0,Cluster 21,38.9076427724,-77.0090530223,12.0,10.0,5,Friday,Afternoon,1,ASSAULT W/DANGEROUS WEAPON,2024-05-10 14:21:26+00:00,14,2024,Day,Cluster 21,High
24076418,2024-05-21 21:57:03+00:00,2024-05-21 20:32:00+00:00,,EVENING,ASSAULT W/DANGEROUS WEAPON,1300 - 1399 BLOCK OF OKIE STREET NE,5.0,5.0,Cluster 23,38.9142137824,-76.9860296578,20.0,21.0,5,Tuesday,Night,1,ASSAULT W/DANGEROUS WEAPON,2024-05-21 21:57:03+00:00,21,2024,Night,Cluster 23,High
24077285,2024-05-23 06:59:38+00:00,2024-05-23 04:27:00+00:00,2024-05-23 06:30:00+00:00,MIDNIGHT,ASSAULT W/DANGEROUS WEAPON,1300 - 1399 BLOCK OF COLUMBIA ROAD NW,1.0,3.0,Cluster 2,38.9275813517,-77.0311118663,4.0,23.0,5,Thursday,Night,1,ASSAULT W/DANGEROUS WEAPON,2024-05-23 06:59:38+00:00,6,2024,Day,Cluster 2,High
24070876,2024-05-12 00:16:10+00:00,2024-05-11 23:01:00+00:00,,EVENING,ASSAULT W/DANGEROUS WEAPON,200 - 499 BLOCK OF ANACOSTIA ROAD SE,7.0,6.0,Cluster 32,38.8854755628,-76.9544794517,23.0,11.0,5,Saturday,Night,1,ASSAULT W/DANGEROUS WEAPON,2024-05-12 00:16:10+00:00,0,2024,Night,Cluster 32,High
24074652,2024-05-18 21:52:15+00:00,2024-05-18 17:51:00+00:00,2024-05-18 18:23:00+00:00,EVENING,ASSAULT W/DANGEROUS WEAPON,2400 - 2448 BLOCK OF VIRGINIA AVENUE NW,2.0,2.0,Cluster 5,38.8980483719,-77.0517993673,17.0,18.0,5,Saturday,Evening,1,ASSAULT W/DANGEROUS WEAPON,2024-05-18 21:52:15+00:00,21,2024,Night,Cluster 5,Low
24111980,2024-07-22 02:11:20+00:00,2024-07-21 23:37:00+00:00,2024-07-21 23:40:00+00:00,EVENING,ASSAULT W/DANGEROUS WEAPON,4551 - 4600 BLOCK OF BENNING ROAD SE,7.0,6.0,Cluster 33,38.8879051568,-76.9367401941,23.0,21.0,7,Sunday,Night,1,ASSAULT W/DANGEROUS WEAPON,2024-07-22 02:11:20+00:00,2,2024,Night,Cluster 33,High
24112604,2024-07-23 09:38:58+00:00,2024-07-23 03:10:00+00:00,2024-07-23 06:48:00+00:00,MIDNIGHT,ASSAULT W/DANGEROUS WEAPON,200 - 299 BLOCK OF I STREET SW,6.0,1.0,Cluster 9,38.8792864526,-77.0140710307,3.0,23.0,7,Tuesday,Night,1,ASSAULT W/DANGEROUS WEAPON,2024-07-23 09:38:58+00:00,9,2024,Day,Cluster 9,Medium
24013007,2024-01-27 01:03:09+00:00,2024-01-26 22:19:00+00:00,2024-01-27 01:00:00+00:00,EVENING,ASSAULT W/DANGEROUS WEAPON,400 - 599 BLOCK OF CHESAPEAKE STREET SE,8.0,7.0,Cluster 39,38.8292044165,-76.9995323037,22.0,26.0,1,Friday,Night,1,ASSAULT W/DANGEROUS WEAPON,2024-01-27 01:03:09+00:00,1,2024,Night,Cluster 39,High
24064985,2024-05-01 07:28:23+00:00,2024-05-01 05:21:00+00:00,2024-05-01 07:00:00+00:00,MIDNIGHT,ASSAULT W/DANGEROUS WEAPON,1920 - 2011 BLOCK OF SAVANNAH STREET SE,8.0,7.0,Cluster 38,38.8467225234,-76.9748327283,5.0,1.0,5,Wednesday,Night,1,ASSAULT W/DANGEROUS WEAPON,2024-05-01 07:28:23+00:00,7,2024,Day,Cluster 38,High
24066638,2024-05-04 02:33:53+00:00,2024-05-04 00:59:00+00:00,2024-05-04 01:20:00+00:00,EVENING,ASSAULT W/DANGEROUS WEAPON,1290 - 1408 BLOCK OF ALABAMA AVENUE SE,8.0,7.0,Cluster 38,38.8450769076,-76.9867891787,0.0,4.0,5,Saturday,Night,1,ASSAULT W/DANGEROUS WEAPON,2024-05-04 02:33:53+00:00,2,2024,Night,Cluster 38,High
24027395,2024-02-22 09:17:00+00:00,2024-02-22 05:01:00+00:00,,MIDNIGHT,ASSAULT W/DANGEROUS WEAPON,1 - 99 BLOCK OF H STREET NW,6.0,1.0,Cluster 8,38.9002074169,-77.0106188799,5.0,22.0,2,Thursday,Night,1,ASSAULT W/DANGEROUS WEAPON,2024-02-22 09:17:00+00:00,9,2024,Day,Cluster 8,Medium
24030645,2024-02-28 07:35:37+00:00,2024-02-28 05:29:00+00:00,2024-02-28 06:45:00+00:00,MIDNIGHT,ASSAULT W/DANGEROUS WEAPON,1920 - 2099 BLOCK OF BENNING ROAD NE,7.0,5.0,Cluster 25,38.8986142204,-76.974824299,5.0,28.0,2,Wednesday,Night,1,ASSAULT W/DANGEROUS WEAPON,2024-02-28 07:35:37+00:00,7,2024,Day,Cluster 25,High
24112931,2024-07-23 21:29:26+00:00,2024-07-23 18:32:00+00:00,2024-07-23 20:30:00+00:00,EVENING,ASSAULT W/DANGEROUS WEAPON,2900 - 2943 BLOCK OF NELSON PLACE SE,7.0,6.0,Cluster 34,38.8763692422,-76.966719636,18.0,23.0,7,Tuesday,Evening,1,ASSAULT W/DANGEROUS WEAPON,2024-07-23 21:29:26+00:00,21,2024,Night,Cluster 34,High
24114851,2024-07-27 08:00:43+00:00,2024-07-27 06:38:00+00:00,2024-07-27 07:29:00+00:00,MIDNIGHT,ASSAULT W/DANGEROUS WEAPON,300 - 399 BLOCK OF M STREET SE,8.0,1.0,Cluster 27,38.8764803598,-77.0013094609,6.0,27.0,7,Saturday,Morning,1,ASSAULT W/DANGEROUS WEAPON,2024-07-27 08:00:43+00:00,8,2024,Day,Cluster 27,Medium
24013073,2024-01-27 02:17:08+00:00,2024-01-27 00:42:00+00:00,,EVENING,ASSAULT W/DANGEROUS WEAPON,5620 - 5643 BLOCK OF CLAY PLACE NE,7.0,6.0,Cluster 31,38.8938318902,-76.9195172216,0.0,27.0,1,Saturday,Night,1,ASSAULT W/DANGEROUS WEAPON,2024-01-27 02:17:08+00:00,2,2024,Night,Cluster 31,High
24012573,2024-01-26 03:50:46+00:00,2024-01-26 01:35:00+00:00,,EVENING,ASSAULT W/DANGEROUS WEAPON,ROCK CREEK CHURCH ROAD NE AND NORTH CAPITOL STREET,5.0,4.0,Cluster 19,38.9504989956,-77.0088644144,1.0,26.0,1,Friday,Night,1,ASSAULT W/DANGEROUS WEAPON,2024-01-26 03:50:46+00:00,3,2024,Night,Cluster 19,Medium
24013237,2024-01-27 06:57:24+00:00,2024-01-27 05:33:00+00:00,2024-01-27 06:57:00+00:00,MIDNIGHT,ASSAULT W/DANGEROUS WEAPON,4300 - 4499 BLOCK OF PONDS STREET NE,7.0,6.0,Cluster 29,38.9117478526,-76.9385917647,5.0,27.0,1,Saturday,Night,1,ASSAULT W/DANGEROUS WEAPON,2024-01-27 06:57:24+00:00,6,2024,Day,Cluster 29,Low
24124982,2024-08-15 11:01:01+00:00,2024-08-15 09:30:00+00:00,2024-08-15 10:00:00+00:00,DAY,ASSAULT W/DANGEROUS WEAPON,5130 - 5299 BLOCK OF SHERIFF ROAD NE,7.0,6.0,Cluster 31,38.9038739945,-76.9242796308,9.0,15.0,8,Thursday,Morning,1,ASSAULT W/DANGEROUS WEAPON,2024-08-15 11:01:01+00:00,11,2024,Day,Cluster 31,High
24025119,2024-02-18 04:40:20+00:00,2024-02-17 23:09:00+00:00,2024-02-18 01:53:00+00:00,MIDNIGHT,ASSAULT W/DANGEROUS WEAPON,MARTIN LUTHER KING JR AVENUE SW AND CHESAPEAKE STREET SW,8.0,7.0,Cluster 39,38.8286556445,-77.0125845008,23.0,17.0,2,Saturday,Night,1,ASSAULT W/DANGEROUS WEAPON,2024-02-18 04:40:20+00:00,4,2024,Night,Cluster 39,High
24026973,2024-02-21 17:34:57+00:00,2024-02-21 14:10:00+00:00,2024-02-21 14:15:00+00:00,DAY,ASSAULT W/DANGEROUS WEAPON,51 - 99 BLOCK OF M STREET NW,6.0,1.0,Cluster 8,38.9056445783,-77.0116755248,14.0,21.0,2,Wednesday,Afternoon,1,ASSAULT W/DANGEROUS WEAPON,2024-02-21 17:34:57+00:00,17,2024,Day,Cluster 8,Medium
24107393,2024-07-13 22:03:20+00:00,2024-07-13 19:22:00+00:00,2024-07-13 22:00:00+00:00,EVENING,ASSAULT W/DANGEROUS WEAPON,3300 - 3328 BLOCK OF 22ND STREET SE,8.0,7.0,Cluster 38,38.8497398246,-76.9741999826,19.0,13.0,7,Saturday,Evening,1,ASSAULT W/DANGEROUS WEAPON,2024-07-13 22:03:20+00:00,22,2024,Night,Cluster 38,High
24073507,2024-05-16 23:15:54+00:00,2024-05-16 19:55:00+00:00,2024-05-16 22:24:00+00:00,EVENING,ASSAULT W/DANGEROUS WEAPON,1201 - 1249 BLOCK OF PENNSYLVANIA AVENUE SE,6.0,1.0,Cluster 26,38.881856785,-76.9892727409,19.0,16.0,5,Thursday,Evening,1,ASSAULT W/DANGEROUS WEAPON,2024-05-16 23:15:54+00:00,23,2024,Night,Cluster 26,Medium
24191042,2024-12-10 06:24:28+00:00,2024-12-10 04:39:00+00:00,2024-12-10 05:42:00+00:00,MIDNIGHT,ASSAULT W/DANGEROUS WEAPON,900 - 999 BLOCK OF G STREET NW,2.0,2.0,Cluster 8,38.8983125792,-77.0249480334,4.0,10.0,12,Tuesday,Night,1,ASSAULT W/DANGEROUS WEAPON,2024-12-10 06:24:28+00:00,6,2024,Day,Cluster 8,Medium
24035099,2024-03-07 20:06:27+00:00,2024-03-07 19:08:00+00:00,2024-03-07 19:12:00+00:00,EVENING,ASSAULT W/DANGEROUS WEAPON,3029 - 3299 BLOCK OF BUENA VISTA TERRACE SE,8.0,7.0,Cluster 36,38.8512617456,-76.9656042352,19.0,7.0,3,Thursday,Evening,1,ASSAULT W/DANGEROUS WEAPON,2024-03-07 20:06:27+00:00,20,2024,Night,Cluster 36,High
24076661,2024-05-22 08:20:41+00:00,2024-05-22 06:18:00+00:00,2024-05-22 06:45:00+00:00,MIDNIGHT,ASSAULT W/DANGEROUS WEAPON,6000 - 6099 BLOCK OF GEORGIA AVENUE NW,4.0,4.0,Cluster 17,38.963236057,-77.0278475189,6.0,22.0,5,Wednesday,Morning,1,ASSAULT W/DANGEROUS WEAPON,2024-05-22 08:20:41+00:00,8,2024,Day,Cluster 17,Medium
24079058,2024-05-26 06:51:26+00:00,2024-05-26 04:40:00+00:00,2024-05-26 04:43:00+00:00,MIDNIGHT,ASSAULT W/DANGEROUS WEAPON,1200 - 1299 BLOCK OF 17TH STREET NE,5.0,5.0,Cluster 23,38.9061884568,-76.9789841256,4.0,26.0,5,Sunday,Night,1,ASSAULT W/DANGEROUS WEAPON,2024-05-26 06:51:26+00:00,6,2024,Day,Cluster 23,High
24080761,2024-05-29 03:51:27+00:00,2024-05-29 02:07:00+00:00,2024-05-29 03:45:00+00:00,MIDNIGHT,ASSAULT W/DANGEROUS WEAPON,1600 - 1637 BLOCK OF 18TH STREET SE,8.0,6.0,Cluster 34,38.8701086442,-76.9790092579,2.0,29.0,5,Wednesday,Night,1,ASSAULT W/DANGEROUS WEAPON,2024-05-29 03:51:27+00:00,3,2024,Night,Cluster 34,High
24053941,2024-04-11 06:54:05+00:00,2024-04-11 03:52:00+00:00,2024-04-11 05:30:00+00:00,MIDNIGHT,ASSAULT W/DANGEROUS WEAPON,1010 - 1099 BLOCK OF 48TH STREET NE,7.0,6.0,Cluster 31,38.9041486521,-76.9337572207,3.0,11.0,4,Thursday,Night,1,ASSAULT W/DANGEROUS WEAPON,2024-04-11 06:54:05+00:00,6,2024,Day,Cluster 31,High
24128560,2024-08-21 18:59:57+00:00,2024-08-21 17:49:00+00:00,2024-08-21 19:00:00+00:00,DAY,ASSAULT W/DANGEROUS WEAPON,4400 - 4499 BLOCK OF QUARLES STREET NE,7.0,6.0,Cluster 29,38.9124651682,-76.937517346,17.0,21.0,8,Wednesday,Evening,1,ASSAULT W/DANGEROUS WEAPON,2024-08-21 18:59:57+00:00,18,2024,Night,Cluster 29,Low
24159634,2024-10-15 04:32:24+00:00,2024-10-14 21:30:00+00:00,2024-10-15 01:50:00+00:00,MIDNIGHT,ASSAULT W/DANGEROUS WEAPON,900 - 999 BLOCK OF SHEPHERD STREET NW,4.0,4.0,Cluster 18,38.9397404234,-77.0262384898,21.0,14.0,10,Monday,Night,1,ASSAULT W/DANGEROUS WEAPON,2024-10-15 04:32:24+00:00,4,2024,Night,Cluster 18,High
24150600,2024-09-29 06:21:44+00:00,2024-09-29 02:55:00+00:00,2024-09-29 03:04:00+00:00,MIDNIGHT,ASSAULT W/DANGEROUS WEAPON,1 - 99 BLOCK OF POTOMAC AVENUE SE,8.0,1.0,Cluster 27,38.8714255382,-77.007228855,2.0,29.0,9,Sunday,Night,1,ASSAULT W/DANGEROUS WEAPON,2024-09-29 06:21:44+00:00,6,2024,Day,Cluster 27,Medium
24047408,2024-03-30 05:11:07+00:00,2024-03-30 02:26:00+00:00,2024-03-30 03:30:00+00:00,MIDNIGHT,ASSAULT W/DANGEROUS WEAPON,400 - 499 BLOCK OF EMERSON STREET NW,4.0,4.0,Cluster 18,38.949982334,-77.0185429488,2.0,30.0,3,Saturday,Night,1,ASSAULT W/DANGEROUS WEAPON,2024-03-30 05:11:07+00:00,5,2024,Night,Cluster 18,High
24051774,2024-04-07 15:25:36+00:00,2024-04-07 13:12:00+00:00,2024-04-07 14:56:00+00:00,DAY,ASSAULT W/DANGEROUS WEAPON,300 - 399 BLOCK OF UPSHUR STREET NW,4.0,4.0,Cluster 18,38.9421372705,-77.016266551,13.0,7.0,4,Sunday,Afternoon,1,ASSAULT W/DANGEROUS WEAPON,2024-04-07 15:25:36+00:00,15,2024,Day,Cluster 18,High
24052447,2024-04-09 02:42:56+00:00,2024-04-08 18:20:00+00:00,2024-04-08 20:32:00+00:00,EVENING,ASSAULT W/DANGEROUS WEAPON,5900 - 5999 BLOCK OF GEORGIA AVENUE NW,4.0,4.0,Cluster 17,38.9619795615,-77.0279498335,18.0,8.0,4,Monday,Evening,1,ASSAULT W/DANGEROUS WEAPON,2024-04-09 02:42:56+00:00,2,2024,Night,Cluster 17,Medium
24052504,2024-04-08 21:58:55+00:00,2024-04-08 18:21:00+00:00,,EVENING,ASSAULT W/DANGEROUS WEAPON,4400 - 4499 BLOCK OF IOWA AVENUE NW,4.0,4.0,Cluster 18,38.9445079468,-77.0278945349,18.0,8.0,4,Monday,Evening,1,ASSAULT W/DANGEROUS WEAPON,2024-04-08 21:58:55+00:00,21,2024,Night,Cluster 18,High
24079620,2024-05-27 06:45:24+00:00,2024-05-27 05:23:00+00:00,,MIDNIGHT,ASSAULT W/DANGEROUS WEAPON,5200 - 5299 BLOCK OF 3RD STREET NW,4.0,,Cluster 18,38.9538368132,-77.0159648775,5.0,27.0,5,Monday,Night,1,ASSAULT W/DANGEROUS WEAPON,2024-05-27 06:45:24+00:00,6,2024,Day,Cluster 18,High
24115782,2024-07-29 02:43:27+00:00,2024-07-29 00:44:00+00:00,2024-08-05 02:43:00+00:00,EVENING,ASSAULT W/DANGEROUS WEAPON,1452 - 1499 BLOCK OF IRVING STREET NW,1.0,3.0,Cluster 2,38.928647251,-77.0354170737,0.0,29.0,7,Monday,Night,1,ASSAULT W/DANGEROUS WEAPON,2024-07-29 02:43:27+00:00,2,2024,Night,Cluster 2,High
24079922,2024-05-27 21:38:38+00:00,2024-05-27 20:40:00+00:00,2024-05-27 21:38:00+00:00,EVENING,ASSAULT W/DANGEROUS WEAPON,4200 - 4399 BLOCK OF NANNIE HELEN BURROUGHS AVENUE NE,7.0,6.0,Cluster 30,38.9012552122,-76.9408920666,20.0,27.0,5,Monday,Night,1,ASSAULT W/DANGEROUS WEAPON,2024-05-27 21:38:38+00:00,21,2024,Night,Cluster 30,High
24040999,2024-03-18 15:34:53+00:00,2024-03-15 16:00:00+00:00,2024-03-15 17:00:00+00:00,DAY,ASSAULT W/DANGEROUS WEAPON,6600 - 6699 BLOCK OF LUZON AVENUE NW,4.0,4.0,Cluster 17,38.9705221073,-77.032711654,16.0,15.0,3,Friday,Afternoon,1,ASSAULT W/DANGEROUS WEAPON,2024-03-18 15:34:53+00:00,15,2024,Day,Cluster 17,Medium
24084342,2024-06-04 12:03:24+00:00,2024-06-04 04:08:00+00:00,2024-06-04 04:13:00+00:00,DAY,ASSAULT W/DANGEROUS WEAPON,1800 - 1898 BLOCK OF WEST VIRGINIA AVENUE NE,5.0,5.0,Cluster 23,38.9108864616,-76.9852872041,4.0,4.0,6,Tuesday,Night,1,ASSAULT W/DANGEROUS WEAPON,2024-06-04 12:03:24+00:00,12,2024,Day,Cluster 23,High
24092085,2024-06-17 15:03:04+00:00,2024-06-17 14:33:00+00:00,,DAY,ASSAULT W/DANGEROUS WEAPON,5000 - 5069 BLOCK OF BENNING ROAD SE,7.0,6.0,Cluster 33,38.8775843035,-76.9312615719,14.0,17.0,6,Monday,Afternoon,1,ASSAULT W/DANGEROUS WEAPON,2024-06-17 15:03:04+00:00,15,2024,Day,Cluster 33,High
24092473,2024-06-18 02:09:05+00:00,2024-06-18 00:50:00+00:00,2024-06-18 01:50:00+00:00,EVENING,ASSAULT W/DANGEROUS WEAPON,1400 - 1499 BLOCK OF T STREET SE,8.0,6.0,Cluster 34,38.867582376,-76.9838823114,0.0,18.0,6,Tuesday,Night,1,ASSAULT W/DANGEROUS WEAPON,2024-06-18 02:09:05+00:00,2,2024,Night,Cluster 34,High
24026063,2024-02-19 22:38:23+00:00,2024-02-19 19:49:00+00:00,2024-02-19 22:38:00+00:00,EVENING,ASSAULT W/DANGEROUS WEAPON,3500 - 3599 BLOCK OF B STREET SE,7.0,6.0,Cluster 32,38.8875851411,-76.9553721105,19.0,19.0,2,Monday,Evening,1,ASSAULT W/DANGEROUS WEAPON,2024-02-19 22:38:23+00:00,22,2024,Night,Cluster 32,High
24072048,2024-05-14 08:09:23+00:00,2024-05-14 03:48:00+00:00,,MIDNIGHT,ASSAULT W/DANGEROUS WEAPON,3528 - 3599 BLOCK OF MINNESOTA AVENUE SE,7.0,6.0,Cluster 32,38.8871903174,-76.9549515293,3.0,14.0,5,Tuesday,Night,1,ASSAULT W/DANGEROUS WEAPON,2024-05-14 08:09:23+00:00,8,2024,Day,Cluster 32,High
24195157,2024-12-17 23:36:21+00:00,2024-12-17 20:01:00+00:00,,EVENING,ASSAULT W/DANGEROUS WEAPON,200 - 299 BLOCK OF MORGAN STREET NW,5.0,3.0,Cluster 21,38.9064604289,-77.014414198,20.0,17.0,12,Tuesday,Night,1,ASSAULT W/DANGEROUS WEAPON,2024-12-17 23:36:21+00:00,23,2024,Night,Cluster 21,High
24157744,2024-10-11 16:41:52+00:00,2024-10-11 16:18:00+00:00,2024-10-11 16:18:00+00:00,DAY,ASSAULT W/DANGEROUS WEAPON,1 - 99 BLOCK OF BANNER LANE NW,6.0,1.0,Cluster 8,38.9046846037,-77.0112134026,16.0,11.0,10,Friday,Afternoon,1,ASSAULT W/DANGEROUS WEAPON,2024-10-11 16:41:52+00:00,16,2024,Day,Cluster 8,Medium
24132223,2024-08-28 01:23:06+00:00,2024-08-27 22:38:00+00:00,2024-08-28 01:15:00+00:00,EVENING,ASSAULT W/DANGEROUS WEAPON,770 - 899 BLOCK OF KENILWORTH TERRACE NE,7.0,6.0,Cluster 30,38.9014226307,-76.9465938869,22.0,27.0,8,Tuesday,Night,1,ASSAULT W/DANGEROUS WEAPON,2024-08-28 01:23:06+00:00,1,2024,Night,Cluster 30,High
24069611,2024-05-09 19:19:46+00:00,2024-05-09 04:00:00+00:00,,EVENING,ASSAULT W/DANGEROUS WEAPON,3301 - 3399 BLOCK OF BENNING ROAD NE,7.0,6.0,Cluster 30,38.8967230746,-76.9588796709,4.0,9.0,5,Thursday,Night,1,ASSAULT W/DANGEROUS WEAPON,2024-05-09 19:19:46+00:00,19,2024,Night,Cluster 30,High
24140569,2024-09-12 02:52:47+00:00,2024-09-12 00:50:00+00:00,2024-09-12 02:24:00+00:00,EVENING,ASSAULT W/DANGEROUS WEAPON,2051 - 2100 BLOCK OF MARTIN LUTHER KING JR AVENUE SE,8.0,7.0,Cluster 28,38.8655909894,-76.9894436533,0.0,12.0,9,Thursday,Night,1,ASSAULT W/DANGEROUS WEAPON,2024-09-12 02:52:47+00:00,2,2024,Night,Cluster 28,Medium
24142281,2024-09-15 07:51:27+00:00,2024-09-15 04:20:00+00:00,2024-09-15 06:14:00+00:00,MIDNIGHT,ASSAULT W/DANGEROUS WEAPON,4700 - 4799 BLOCK OF 1ST STREET SW,,7.0,,38.8227449648,-77.0055142574,4.0,15.0,9,Sunday,Night,1,ASSAULT W/DANGEROUS WEAPON,2024-09-15 07:51:27+00:00,7,2024,Day,nan,Medium
24001192,2024-01-03 10:13:52+00:00,2024-01-03 07:11:00+00:00,2024-01-03 07:16:00+00:00,MIDNIGHT,ASSAULT W/DANGEROUS WEAPON,500 - 699 BLOCK OF JEFFERSON STREET NW,4.0,4.0,Cluster 18,38.9553441721,-77.0210507882,7.0,3.0,1,Wednesday,Morning,1,ASSAULT W/DANGEROUS WEAPON,2024-01-03 10:13:52+00:00,10,2024,Day,Cluster 18,High
24004064,2024-01-09 03:10:25+00:00,2024-01-09 00:04:00+00:00,2024-01-09 02:00:00+00:00,EVENING,ASSAULT W/DANGEROUS WEAPON,1720 - 1739 BLOCK OF KALORAMA ROAD NW,1.0,3.0,Cluster 1,38.9204266969,-77.0404519088,0.0,9.0,1,Tuesday,Night,1,ASSAULT W/DANGEROUS WEAPON,2024-01-09 03:10:25+00:00,3,2024,Night,Cluster 1,Medium
24162614,2024-10-20 09:13:56+00:00,2024-10-20 05:52:00+00:00,2024-10-20 09:00:00+00:00,MIDNIGHT,ASSAULT W/DANGEROUS WEAPON,2200 - 2399 BLOCK OF 8TH STREET NW,1.0,3.0,Cluster 3,38.9199457131,-77.0229641255,5.0,20.0,10,Sunday,Night,1,ASSAULT W/DANGEROUS WEAPON,2024-10-20 09:13:56+00:00,9,2024,Day,Cluster 3,Medium
24165051,2024-10-24 07:04:46+00:00,2024-10-24 04:38:00+00:00,2024-10-24 04:50:00+00:00,MIDNIGHT,ASSAULT W/DANGEROUS WEAPON,1800 - 1899 BLOCK OF PROVIDENCE STREET NE,5.0,5.0,Cluster 23,38.9129981319,-76.9847834712,4.0,24.0,10,Thursday,Night,1,ASSAULT W/DANGEROUS WEAPON,2024-10-24 07:04:46+00:00,7,2024,Day,Cluster 23,High
24118695,2024-08-03 08:22:33+00:00,2024-08-03 06:04:00+00:00,2024-08-03 06:46:00+00:00,MIDNIGHT,ASSAULT W/DANGEROUS WEAPON,800 - 899 BLOCK OF H STREET NE,6.0,1.0,Cluster 25,38.9002021782,-76.9943592393,6.0,3.0,8,Saturday,Morning,1,ASSAULT W/DANGEROUS WEAPON,2024-08-03 08:22:33+00:00,8,2024,Day,Cluster 25,High
24097305,2024-06-26 09:19:03+00:00,2024-06-26 07:24:00+00:00,2024-06-26 07:27:00+00:00,MIDNIGHT,ASSAULT W/DANGEROUS WEAPON,1300 - 1399 BLOCK OF RANDOLPH STREET NW,4.0,4.0,Cluster 18,38.9386778427,-77.031216943,7.0,26.0,6,Wednesday,Morning,1,ASSAULT W/DANGEROUS WEAPON,2024-06-26 09:19:03+00:00,9,2024,Day,Cluster 18,High
24193587,2024-12-14 23:28:12+00:00,2024-12-14 21:33:00+00:00,2024-12-14 23:00:00+00:00,EVENING,ASSAULT W/DANGEROUS WEAPON,1400 - 1479 BLOCK OF SARATOGA AVENUE NE,5.0,5.0,Cluster 22,38.9229878817,-76.9851983334,21.0,14.0,12,Saturday,Night,1,ASSAULT W/DANGEROUS WEAPON,2024-12-14 23:28:12+00:00,23,2024,Night,Cluster 22,Medium
24195441,2024-12-18 06:46:54+00:00,2024-12-18 05:44:00+00:00,2024-12-18 06:20:00+00:00,MIDNIGHT,ASSAULT W/DANGEROUS WEAPON,900 - 931 BLOCK OF U STREET NW,1.0,3.0,Cluster 3,38.9169964065,-77.0246344704,5.0,18.0,12,Wednesday,Night,1,ASSAULT W/DANGEROUS WEAPON,2024-12-18 06:46:54+00:00,6,2024,Day,Cluster 3,Medium
24043637,2024-03-23 03:26:45+00:00,2024-03-23 01:30:00+00:00,2024-03-23 03:19:00+00:00,MIDNIGHT,ASSAULT W/DANGEROUS WEAPON,3500 - 3899 BLOCK OF JAY STREET NE,7.0,6.0,Cluster 30,38.9039688291,-76.9472062055,1.0,23.0,3,Saturday,Night,1,ASSAULT W/DANGEROUS WEAPON,2024-03-23 03:26:45+00:00,3,2024,Night,Cluster 30,High
24045807,2024-03-27 06:46:41+00:00,2024-03-27 03:36:00+00:00,2024-03-27 06:15:00+00:00,MIDNIGHT,ASSAULT W/DANGEROUS WEAPON,4400 - 4499 BLOCK OF FALLS TERRACE SE,7.0,6.0,Cluster 33,38.8824642299,-76.9374969326,3.0,27.0,3,Wednesday,Night,1,ASSAULT W/DANGEROUS WEAPON,2024-03-27 06:46:41+00:00,6,2024,Day,Cluster 33,High
24046873,2024-03-29 08:50:39+00:00,2024-03-29 03:45:00+00:00,2024-03-29 06:44:00+00:00,MIDNIGHT,ASSAULT W/DANGEROUS WEAPON,1700 - 1799 BLOCK OF T STREET SE,8.0,6.0,Cluster 34,38.8672665384,-76.9798915511,3.0,29.0,3,Friday,Night,1,ASSAULT W/DANGEROUS WEAPON,2024-03-29 08:50:39+00:00,8,2024,Day,Cluster 34,High
24050527,2024-04-05 04:40:05+00:00,2024-04-05 01:00:00+00:00,2024-04-06 03:02:00+00:00,MIDNIGHT,ASSAULT W/DANGEROUS WEAPON,1400 - 1499 BLOCK OF 20TH STREET NW,2.0,2.0,Cluster 6,38.9091073651,-77.0448871777,1.0,5.0,4,Friday,Night,1,ASSAULT W/DANGEROUS WEAPON,2024-04-05 04:40:05+00:00,4,2024,Night,Cluster 6,Medium
24051448,2024-04-06 22:55:40+00:00,2024-04-06 20:07:00+00:00,,EVENING,ASSAULT W/DANGEROUS WEAPON,4000 - 4121 BLOCK OF MINNESOTA AVENUE NE,7.0,6.0,Cluster 30,38.8966558827,-76.9476475094,20.0,6.0,4,Saturday,Night,1,ASSAULT W/DANGEROUS WEAPON,2024-04-06 22:55:40+00:00,22,2024,Night,Cluster 30,High
24161671,2024-10-18 23:45:20+00:00,2024-10-17 18:00:00+00:00,2024-10-18 18:15:00+00:00,EVENING,ASSAULT W/DANGEROUS WEAPON,2900 - 2943 BLOCK OF NELSON PLACE SE,7.0,6.0,Cluster 34,38.8763692422,-76.966719636,18.0,17.0,10,Thursday,Evening,1,ASSAULT W/DANGEROUS WEAPON,2024-10-18 23:45:20+00:00,23,2024,Night,Cluster 34,High
24083238,2024-06-02 09:29:27+00:00,2024-06-02 07:08:00+00:00,,MIDNIGHT,ASSAULT W/DANGEROUS WEAPON,3300 - 3730 BLOCK OF HAYES STREET NE,7.0,6.0,Cluster 30,38.9066615961,-76.9528191142,7.0,2.0,6,Sunday,Morning,1,ASSAULT W/DANGEROUS WEAPON,2024-06-02 09:29:27+00:00,9,2024,Day,Cluster 30,High
24173695,2024-11-08 22:33:27+00:00,2024-11-08 16:03:00+00:00,2024-11-08 22:34:00+00:00,EVENING,ASSAULT W/DANGEROUS WEAPON,3011 - 3024 BLOCK OF MARTIN LUTHER KING JR AVENUE SE,8.0,7.0,Cluster 39,38.8444784836,-76.9978437159,16.0,8.0,11,Friday,Afternoon,1,ASSAULT W/DANGEROUS WEAPON,2024-11-08 22:33:27+00:00,22,2024,Night,Cluster 39,High
24191276,2024-12-10 18:32:13+00:00,2024-12-10 16:35:00+00:00,2024-12-10 18:30:00+00:00,DAY,ASSAULT W/DANGEROUS WEAPON,2400 - 2599 BLOCK OF ELVANS ROAD SE,8.0,7.0,Cluster 37,38.8541724053,-76.9884242906,16.0,10.0,12,Tuesday,Afternoon,1,ASSAULT W/DANGEROUS WEAPON,2024-12-10 18:32:13+00:00,18,2024,Night,Cluster 37,High
24092568,2024-06-18 07:47:17+00:00,2024-06-18 06:08:00+00:00,2024-06-18 06:15:00+00:00,MIDNIGHT,ASSAULT W/DANGEROUS WEAPON,100 - 299 BLOCK OF BATES STREET NW,5.0,3.0,Cluster 21,38.9103807696,-77.0136724666,6.0,18.0,6,Tuesday,Morning,1,ASSAULT W/DANGEROUS WEAPON,2024-06-18 07:47:17+00:00,7,2024,Day,Cluster 21,High
24123029,2024-08-11 18:02:30+00:00,2024-08-11 16:04:00+00:00,2024-08-11 17:20:00+00:00,DAY,ASSAULT W/DANGEROUS WEAPON,748 - 799 BLOCK OF 18TH STREET NE,5.0,5.0,Cluster 23,38.8996378443,-76.9774916634,16.0,11.0,8,Sunday,Afternoon,1,ASSAULT W/DANGEROUS WEAPON,2024-08-11 18:02:30+00:00,18,2024,Night,Cluster 23,High
24163701,2024-10-22 01:13:50+00:00,2024-10-21 23:57:00+00:00,2024-10-22 01:14:00+00:00,EVENING,ASSAULT W/DANGEROUS WEAPON,104 - 1599 BLOCK OF HARRY THOMAS WAY NE,5.0,5.0,Cluster 21,38.9117675751,-77.002035177,23.0,21.0,10,Monday,Night,1,ASSAULT W/DANGEROUS WEAPON,2024-10-22 01:13:50+00:00,1,2024,Night,Cluster 21,High
24166263,2024-10-26 07:21:29+00:00,2024-10-26 06:08:00+00:00,2024-10-26 07:00:00+00:00,MIDNIGHT,ASSAULT W/DANGEROUS WEAPON,2200 - 2299 BLOCK OF SAVANNAH TERRACE SE,8.0,7.0,Cluster 38,38.8497355122,-76.9726676989,6.0,26.0,10,Saturday,Morning,1,ASSAULT W/DANGEROUS WEAPON,2024-10-26 07:21:29+00:00,7,2024,Day,Cluster 38,High
24167056,2024-10-27 21:38:34+00:00,2024-10-27 19:41:00+00:00,2024-10-27 21:30:00+00:00,EVENING,ASSAULT W/DANGEROUS WEAPON,2200 - 2299 BLOCK OF SAVANNAH STREET SE,8.0,7.0,Cluster 38,38.8477819906,-76.9719071694,19.0,27.0,10,Sunday,Evening,1,ASSAULT W/DANGEROUS WEAPON,2024-10-27 21:38:34+00:00,21,2024,Night,Cluster 38,High
24088485,2024-06-11 04:24:45+00:00,2024-06-11 02:12:00+00:00,,MIDNIGHT,ASSAULT W/DANGEROUS WEAPON,4120 - 4131 BLOCK OF MINNESOTA AVENUE NE,7.0,6.0,Cluster 30,38.898769592,-76.9464262963,2.0,11.0,6,Tuesday,Night,1,ASSAULT W/DANGEROUS WEAPON,2024-06-11 04:24:45+00:00,4,2024,Night,Cluster 30,High
24088591,2024-06-11 13:01:29+00:00,2024-06-11 09:02:00+00:00,,DAY,ASSAULT W/DANGEROUS WEAPON,3701 - 3799 BLOCK OF MASSACHUSETTS AVENUE NW,3.0,2.0,Cluster 14,38.9293890733,-77.0742336494,9.0,11.0,6,Tuesday,Morning,1,ASSAULT W/DANGEROUS WEAPON,2024-06-11 13:01:29+00:00,13,2024,Day,Cluster 14,Medium
24095969,2024-06-24 10:18:17+00:00,2024-06-24 00:39:00+00:00,2024-06-24 02:46:00+00:00,MIDNIGHT,ASSAULT W/DANGEROUS WEAPON,2300 - 2399 BLOCK OF AINGER PLACE SE,8.0,7.0,Cluster 36,38.8574916758,-76.9726458339,0.0,24.0,6,Monday,Night,1,ASSAULT W/DANGEROUS WEAPON,2024-06-24 10:18:17+00:00,10,2024,Day,Cluster 36,High
24140778,2024-09-12 16:31:10+00:00,2024-09-12 13:45:00+00:00,2024-09-12 13:50:00+00:00,DAY,ASSAULT W/DANGEROUS WEAPON,800 - 899 BLOCK OF YUMA STREET SE,8.0,7.0,Cluster 39,38.8320376834,-76.9928783337,13.0,12.0,9,Thursday,Afternoon,1,ASSAULT W/DANGEROUS WEAPON,2024-09-12 16:31:10+00:00,16,2024,Day,Cluster 39,High
24142794,2024-09-16 06:08:30+00:00,2024-09-16 02:53:00+00:00,2024-09-16 02:55:00+00:00,MIDNIGHT,ASSAULT W/DANGEROUS WEAPON,1800 - 2299 BLOCK OF NEW YORK AVENUE NE,5.0,5.0,Cluster 22,38.9172864211,-76.9751125549,2.0,16.0,9,Monday,Night,1,ASSAULT W/DANGEROUS WEAPON,2024-09-16 06:08:30+00:00,6,2024,Day,Cluster 22,Medium
24144254,2024-09-18 16:49:12+00:00,2024-09-18 14:00:00+00:00,2024-09-18 16:30:00+00:00,DAY,ASSAULT W/DANGEROUS WEAPON,1100 - 1199 BLOCK OF MCCOLLOUGH COURT NW,2.0,3.0,Cluster 8,38.9054015922,-77.0214304584,14.0,18.0,9,Wednesday,Afternoon,1,ASSAULT W/DANGEROUS WEAPON,2024-09-18 16:49:12+00:00,16,2024,Day,Cluster 8,Medium
24040558,2024-03-17 21:34:50+00:00,2024-03-17 19:20:00+00:00,2024-03-17 19:50:00+00:00,EVENING,ASSAULT W/DANGEROUS WEAPON,5832 - 5915 BLOCK OF GEORGIA AVENUE NW,4.0,4.0,Cluster 17,38.9611363719,-77.0280209235,19.0,17.0,3,Sunday,Evening,1,ASSAULT W/DANGEROUS WEAPON,2024-03-17 21:34:50+00:00,21,2024,Night,Cluster 17,Medium
24040623,2024-03-17 22:25:48+00:00,2024-03-17 20:03:00+00:00,2024-03-17 21:33:00+00:00,EVENING,ASSAULT W/DANGEROUS WEAPON,2320 - 2425 BLOCK OF IRVING STREET SE,8.0,7.0,Cluster 36,38.8530140859,-76.971718989,20.0,17.0,3,Sunday,Night,1,ASSAULT W/DANGEROUS WEAPON,2024-03-17 22:25:48+00:00,22,2024,Night,Cluster 36,High
24093003,2024-06-19 01:03:40+00:00,2024-06-19 00:19:00+00:00,2024-06-19 01:03:00+00:00,EVENING,ASSAULT W/DANGEROUS WEAPON,301 - 499 BLOCK OF ORANGE STREET SE,8.0,7.0,Cluster 39,38.8459619308,-77.0027191637,0.0,19.0,6,Wednesday,Night,1,ASSAULT W/DANGEROUS WEAPON,2024-06-19 01:03:40+00:00,1,2024,Night,Cluster 39,High
24051707,2024-04-07 08:59:17+00:00,2024-04-07 08:29:00+00:00,,MIDNIGHT,ASSAULT W/DANGEROUS WEAPON,2300 - 3955 BLOCK OF EAST CAPITOL STREET,7.0,6.0,Cluster 32,38.8897870573,-76.9580556016,8.0,7.0,4,Sunday,Morning,1,ASSAULT W/DANGEROUS WEAPON,2024-04-07 08:59:17+00:00,8,2024,Day,Cluster 32,High
24144531,2024-09-19 02:03:45+00:00,2024-09-18 22:30:00+00:00,2024-09-18 23:07:00+00:00,EVENING,ASSAULT W/DANGEROUS WEAPON,2500 - 2599 BLOCK OF 13TH STREET NW,1.0,3.0,Cluster 2,38.9230959354,-77.0297080884,22.0,18.0,9,Wednesday,Night,1,ASSAULT W/DANGEROUS WEAPON,2024-09-19 02:03:45+00:00,2,2024,Night,Cluster 2,High
24093333,2024-06-19 18:28:20+00:00,2024-06-19 16:50:00+00:00,2024-06-19 16:53:00+00:00,DAY,ASSAULT W/DANGEROUS WEAPON,1510 - 1599 BLOCK OF 20TH STREET NW,2.0,2.0,Cluster 6,38.9106339197,-77.0448852559,16.0,19.0,6,Wednesday,Afternoon,1,ASSAULT W/DANGEROUS WEAPON,2024-06-19 18:28:20+00:00,18,2024,Night,Cluster 6,Medium
24116465,2024-07-30 11:54:31+00:00,2024-07-30 09:22:00+00:00,,DAY,ASSAULT W/DANGEROUS WEAPON,1800 - 1898 BLOCK OF WEST VIRGINIA AVENUE NE,5.0,5.0,Cluster 23,38.9108864616,-76.9852872041,9.0,30.0,7,Tuesday,Morning,1,ASSAULT W/DANGEROUS WEAPON,2024-07-30 11:54:31+00:00,11,2024,Day,Cluster 23,High
24117436,2024-08-01 00:31:53+00:00,2024-07-31 23:20:00+00:00,,EVENING,ASSAULT W/DANGEROUS WEAPON,2200 - 2299 BLOCK OF NICHOLSON STREET SE,7.0,6.0,Cluster 34,38.8738034076,-76.9743203214,23.0,31.0,8,Wednesday,Night,1,ASSAULT W/DANGEROUS WEAPON,2024-08-01 00:31:53+00:00,0,2024,Night,Cluster 34,High
24173169,2024-11-07 18:55:05+00:00,2024-11-07 17:56:00+00:00,2024-11-07 17:58:00+00:00,DAY,ASSAULT W/DANGEROUS WEAPON,1700 - 1779 BLOCK OF M STREET NW,2.0,2.0,Cluster 6,38.9056539621,-77.0398143875,17.0,7.0,11,Thursday,Evening,1,ASSAULT W/DANGEROUS WEAPON,2024-11-07 18:55:05+00:00,18,2024,Night,Cluster 6,Medium
24142988,2024-09-16 17:20:42+00:00,2024-09-16 13:37:00+00:00,2024-09-16 15:58:00+00:00,DAY,ASSAULT W/DANGEROUS WEAPON,4300 - 4329 BLOCK OF BOWEN ROAD SE,7.0,6.0,Cluster 32,38.8728811134,-76.9368507042,13.0,16.0,9,Monday,Afternoon,1,ASSAULT W/DANGEROUS WEAPON,2024-09-16 17:20:42+00:00,17,2024,Day,Cluster 32,High
24143362,2024-09-17 03:34:04+00:00,2024-09-17 01:05:00+00:00,,MIDNIGHT,ASSAULT W/DANGEROUS WEAPON,4660 - 4699 BLOCK OF MARTIN LUTHER KING JR AVENUE SW,8.0,7.0,Cluster 39,38.8216256757,-77.0110811748,1.0,17.0,9,Tuesday,Night,1,ASSAULT W/DANGEROUS WEAPON,2024-09-17 03:34:04+00:00,3,2024,Night,Cluster 39,High
24040087,2024-03-17 00:34:17+00:00,2024-03-16 21:47:00+00:00,2024-03-16 23:24:00+00:00,EVENING,ASSAULT W/DANGEROUS WEAPON,2900 - 2999 BLOCK OF N STREET SE,7.0,6.0,Cluster 34,38.8746116469,-76.9655943966,21.0,16.0,3,Saturday,Night,1,ASSAULT W/DANGEROUS WEAPON,2024-03-17 00:34:17+00:00,0,2024,Night,Cluster 34,High
24039453,2024-03-15 20:36:07+00:00,2024-03-15 19:19:00+00:00,2024-03-15 20:20:00+00:00,EVENING,ASSAULT W/DANGEROUS WEAPON,713 - 799 BLOCK OF 21ST STREET NE,5.0,5.0,Cluster 23,38.8998429987,-76.9741727544,19.0,15.0,3,Friday,Evening,1,ASSAULT W/DANGEROUS WEAPON,2024-03-15 20:36:07+00:00,20,2024,Night,Cluster 23,High
24113388,2024-07-24 18:54:34+00:00,2024-07-24 16:24:00+00:00,2024-07-24 16:30:00+00:00,DAY,ASSAULT W/DANGEROUS WEAPON,300 - 319 BLOCK OF 34TH STREET SE,7.0,6.0,Cluster 32,38.8856094074,-76.9575181859,16.0,24.0,7,Wednesday,Afternoon,1,ASSAULT W/DANGEROUS WEAPON,2024-07-24 18:54:34+00:00,18,2024,Night,Cluster 32,High
24113638,2024-07-25 04:09:52+00:00,2024-07-24 22:50:00+00:00,2024-07-25 03:30:00+00:00,MIDNIGHT,ASSAULT W/DANGEROUS WEAPON,1800 - 1932 BLOCK OF MARION BARRY AVENUE SE,8.0,6.0,Cluster 34,38.8654306827,-76.9780898742,22.0,24.0,7,Wednesday,Night,1,ASSAULT W/DANGEROUS WEAPON,2024-07-25 04:09:52+00:00,4,2024,Night,Cluster 34,High
24124015,2024-08-13 17:21:01+00:00,2024-08-13 16:19:00+00:00,2024-08-13 16:21:00+00:00,DAY,ASSAULT W/DANGEROUS WEAPON,3000 - 3199 BLOCK OF NAYLOR ROAD SE,8.0,7.0,Cluster 36,38.8531334276,-76.9640406795,16.0,13.0,8,Tuesday,Afternoon,1,ASSAULT W/DANGEROUS WEAPON,2024-08-13 17:21:01+00:00,17,2024,Day,Cluster 36,High
24118083,2024-08-02 05:00:31+00:00,2024-08-02 00:56:00+00:00,2024-08-02 05:00:00+00:00,MIDNIGHT,ASSAULT W/DANGEROUS WEAPON,500 - 599 BLOCK OF NEWCOMB STREET SE,8.0,7.0,Cluster 39,38.8458328906,-76.9992974347,0.0,2.0,8,Friday,Night,1,ASSAULT W/DANGEROUS WEAPON,2024-08-02 05:00:31+00:00,5,2024,Night,Cluster 39,High
24119034,2024-08-03 23:45:58+00:00,2024-08-03 20:46:00+00:00,2024-08-03 23:00:00+00:00,EVENING,ASSAULT W/DANGEROUS WEAPON,5000 - 5099 BLOCK OF HUNT STREET NE,7.0,6.0,Cluster 31,38.9010493794,-76.9291551707,20.0,3.0,8,Saturday,Night,1,ASSAULT W/DANGEROUS WEAPON,2024-08-03 23:45:58+00:00,23,2024,Night,Cluster 31,High
24095902,2024-06-24 00:18:03+00:00,2024-06-23 23:06:00+00:00,,EVENING,ASSAULT W/DANGEROUS WEAPON,1400 - 1499 BLOCK OF U STREET NW,2.0,3.0,Cluster 3,38.9169967973,-77.0332415107,23.0,23.0,6,Sunday,Night,1,ASSAULT W/DANGEROUS WEAPON,2024-06-24 00:18:03+00:00,0,2024,Night,Cluster 3,Medium
24095922,2024-06-24 06:15:02+00:00,2024-06-24 00:30:00+00:00,2024-06-24 06:12:00+00:00,MIDNIGHT,ASSAULT W/DANGEROUS WEAPON,1600 - 1899 BLOCK OF W STREET SE,8.0,7.0,Cluster 28,38.8630278199,-76.9802681957,0.0,24.0,6,Monday,Night,1,ASSAULT W/DANGEROUS WEAPON,2024-06-24 06:15:02+00:00,6,2024,Day,Cluster 28,Medium
24146343,2024-09-22 05:33:18+00:00,2024-09-22 01:00:00+00:00,,MIDNIGHT,ASSAULT W/DANGEROUS WEAPON,3932 - 4099 BLOCK OF ALABAMA AVENUE SE,7.0,6.0,Cluster 34,38.8698783857,-76.9467002306,1.0,22.0,9,Sunday,Night,1,ASSAULT W/DANGEROUS WEAPON,2024-09-22 05:33:18+00:00,5,2024,Night,Cluster 34,High
24128702,2024-08-21 23:33:15+00:00,2024-08-21 21:54:00+00:00,2024-08-21 22:00:00+00:00,EVENING,ASSAULT W/DANGEROUS WEAPON,2800 - 2899 BLOCK OF BUENA VISTA TERRACE SE,8.0,7.0,Cluster 36,38.8557177785,-76.9675581821,21.0,21.0,8,Wednesday,Night,1,ASSAULT W/DANGEROUS WEAPON,2024-08-21 23:33:15+00:00,23,2024,Night,Cluster 36,High
24130143,2024-08-24 09:41:00+00:00,2024-08-24 06:45:00+00:00,,MIDNIGHT,ASSAULT W/DANGEROUS WEAPON,1500 - 1599 BLOCK OF V STREET SE,8.0,7.0,Cluster 28,38.8645871477,-76.9830613861,6.0,24.0,8,Saturday,Morning,1,ASSAULT W/DANGEROUS WEAPON,2024-08-24 09:41:00+00:00,9,2024,Day,Cluster 28,Medium
24068309,2024-05-07 09:55:10+00:00,2024-05-07 08:18:00+00:00,2024-05-07 10:00:00+00:00,MIDNIGHT,ASSAULT W/DANGEROUS WEAPON,2400 - 2479 BLOCK OF 16TH STREET NW,1.0,3.0,Cluster 1,38.9218481636,-77.0364897223,8.0,7.0,5,Tuesday,Morning,1,ASSAULT W/DANGEROUS WEAPON,2024-05-07 09:55:10+00:00,9,2024,Day,Cluster 1,Medium
24189611,2024-12-07 23:17:53+00:00,2024-12-07 20:35:00+00:00,,EVENING,ASSAULT W/DANGEROUS WEAPON,1300 - 1499 BLOCK OF MASSACHUSETTS AVENUE NW,2.0,2.0,Cluster 7,38.9056991277,-77.032093941,20.0,7.0,12,Saturday,Night,1,ASSAULT W/DANGEROUS WEAPON,2024-12-07 23:17:53+00:00,23,2024,Night,Cluster 7,Medium
24101914,2024-07-04 04:43:11+00:00,2024-07-04 02:28:00+00:00,,MIDNIGHT,ASSAULT W/DANGEROUS WEAPON,4500 - 4599 BLOCK OF BOWEN ROAD SE,7.0,6.0,Cluster 33,38.8737305558,-76.9343147522,2.0,4.0,7,Thursday,Night,1,ASSAULT W/DANGEROUS WEAPON,2024-07-04 04:43:11+00:00,4,2024,Night,Cluster 33,High
24101996,2024-07-04 08:07:54+00:00,2024-07-04 04:05:00+00:00,2024-07-04 05:45:00+00:00,MIDNIGHT,ASSAULT W/DANGEROUS WEAPON,3700 - 3799 BLOCK OF GEORGIA AVENUE NW,4.0,4.0,Cluster 18,38.9369691497,-77.024398577,4.0,4.0,7,Thursday,Night,1,ASSAULT W/DANGEROUS WEAPON,2024-07-04 08:07:54+00:00,8,2024,Day,Cluster 18,High
24107552,2024-07-14 10:08:19+00:00,2024-07-14 02:10:00+00:00,2024-07-14 03:26:00+00:00,MIDNIGHT,ASSAULT W/DANGEROUS WEAPON,2400 - 2499 BLOCK OF 18TH STREET NW,1.0,3.0,Cluster 1,38.921623045,-77.0423654641,2.0,14.0,7,Sunday,Night,1,ASSAULT W/DANGEROUS WEAPON,2024-07-14 10:08:19+00:00,10,2024,Day,Cluster 1,Medium
24108401,2024-07-15 19:15:54+00:00,2024-07-15 17:39:00+00:00,2024-07-15 19:30:00+00:00,EVENING,ASSAULT W/DANGEROUS WEAPON,4000 - 4121 BLOCK OF MINNESOTA AVENUE NE,7.0,6.0,Cluster 30,38.8966558827,-76.9476475094,17.0,15.0,7,Monday,Evening,1,ASSAULT W/DANGEROUS WEAPON,2024-07-15 19:15:54+00:00,19,2024,Night,Cluster 30,High
24137928,2024-09-07 07:32:43+00:00,2024-09-07 06:36:00+00:00,2024-09-07 07:33:00+00:00,MIDNIGHT,ASSAULT W/DANGEROUS WEAPON,1200 - 1219 BLOCK OF CONNECTICUT AVENUE NW,2.0,2.0,Cluster 6,38.9060618647,-77.0413573339,6.0,7.0,9,Saturday,Morning,1,ASSAULT W/DANGEROUS WEAPON,2024-09-07 07:32:43+00:00,7,2024,Day,Cluster 6,Medium
24039767,2024-03-16 08:56:27+00:00,2024-03-16 05:39:00+00:00,2024-03-16 05:41:00+00:00,MIDNIGHT,ASSAULT W/DANGEROUS WEAPON,SHERIDAN ROAD SE AND POMEROY ROAD SE,8.0,7.0,Cluster 37,38.8556356069,-76.9930873834,5.0,16.0,3,Saturday,Night,1,ASSAULT W/DANGEROUS WEAPON,2024-03-16 08:56:27+00:00,8,2024,Day,Cluster 37,High
24018829,2024-02-06 16:45:41+00:00,2024-02-06 15:47:00+00:00,2024-02-06 16:44:00+00:00,DAY,ASSAULT W/DANGEROUS WEAPON,2300 - 3955 BLOCK OF EAST CAPITOL STREET,7.0,6.0,Cluster 32,38.8897870573,-76.9580556016,15.0,6.0,2,Tuesday,Afternoon,1,ASSAULT W/DANGEROUS WEAPON,2024-02-06 16:45:41+00:00,16,2024,Day,Cluster 32,High
24070223,2024-05-10 22:13:28+00:00,2024-05-10 19:13:00+00:00,2024-05-10 19:30:00+00:00,EVENING,ASSAULT W/DANGEROUS WEAPON,16TH STREET SE AND RIDGE PLACE SE,8.0,6.0,Cluster 34,38.8688462029,-76.9822212613,19.0,10.0,5,Friday,Evening,1,ASSAULT W/DANGEROUS WEAPON,2024-05-10 22:13:28+00:00,22,2024,Night,Cluster 34,High
24070926,2024-05-12 02:31:34+00:00,2024-05-11 22:12:00+00:00,2025-01-15 11:55:00+00:00,EVENING,ASSAULT W/DANGEROUS WEAPON,3500 - 3899 BLOCK OF JAY STREET NE,7.0,6.0,Cluster 30,38.9039688291,-76.9472062055,22.0,11.0,5,Saturday,Night,1,ASSAULT W/DANGEROUS WEAPON,2024-05-12 02:31:34+00:00,2,2024,Night,Cluster 30,High
24073146,2024-05-16 04:11:11+00:00,2024-05-16 02:25:00+00:00,2024-05-17 02:30:00+00:00,MIDNIGHT,ASSAULT W/DANGEROUS WEAPON,1500 - 1599 BLOCK OF MARYLAND AVENUE NE,5.0,5.0,Cluster 23,38.9007430378,-76.9819168035,2.0,16.0,5,Thursday,Night,1,ASSAULT W/DANGEROUS WEAPON,2024-05-16 04:11:11+00:00,4,2024,Night,Cluster 23,High
24161989,2024-10-19 04:26:15+00:00,2024-10-19 02:14:00+00:00,,MIDNIGHT,ASSAULT W/DANGEROUS WEAPON,500 - 799 BLOCK OF RHODE ISLAND AVENUE NE,5.0,5.0,Cluster 21,38.9209329952,-76.9971570051,2.0,19.0,10,Saturday,Night,1,ASSAULT W/DANGEROUS WEAPON,2024-10-19 04:26:15+00:00,4,2024,Night,Cluster 21,High
24040295,2024-03-17 08:00:45+00:00,2024-03-17 04:26:00+00:00,2024-03-17 08:00:00+00:00,MIDNIGHT,ASSAULT W/DANGEROUS WEAPON,2200 - 2226 BLOCK OF TOWN CENTER DRIVE SE,7.0,6.0,Cluster 35,38.8620252896,-76.9681654717,4.0,17.0,3,Sunday,Night,1,ASSAULT W/DANGEROUS WEAPON,2024-03-17 08:00:45+00:00,8,2024,Day,Cluster 35,Medium
24055015,2024-04-12 23:47:07+00:00,2024-04-12 22:39:00+00:00,2024-04-12 22:40:00+00:00,EVENING,ASSAULT W/DANGEROUS WEAPON,3800 - 3899 BLOCK OF 8TH STREET SE,8.0,7.0,Cluster 39,38.8338943266,-76.9948795467,22.0,12.0,4,Friday,Night,1,ASSAULT W/DANGEROUS WEAPON,2024-04-12 23:47:07+00:00,23,2024,Night,Cluster 39,High
24042076,2024-03-20 09:00:31+00:00,2024-03-20 07:35:00+00:00,2024-03-20 09:00:00+00:00,MIDNIGHT,ASSAULT W/DANGEROUS WEAPON,500 - 599 BLOCK OF M STREET NE,6.0,5.0,Cluster 25,38.9056421844,-76.9989734485,7.0,20.0,3,Wednesday,Morning,1,ASSAULT W/DANGEROUS WEAPON,2024-03-20 09:00:31+00:00,9,2024,Day,Cluster 25,High
24045266,2024-03-26 08:57:16+00:00,2024-03-26 07:55:00+00:00,,MIDNIGHT,ASSAULT W/DANGEROUS WEAPON,1300 - 1399 BLOCK OF OKIE STREET NE,5.0,5.0,Cluster 23,38.9142137824,-76.9860296578,7.0,26.0,3,Tuesday,Morning,1,ASSAULT W/DANGEROUS WEAPON,2024-03-26 08:57:16+00:00,8,2024,Day,Cluster 23,High
24083244,2024-06-02 08:24:49+00:00,2024-06-02 07:03:00+00:00,,MIDNIGHT,ASSAULT W/DANGEROUS WEAPON,900 - 999 BLOCK OF 17TH STREET NW,2.0,2.0,Cluster 6,38.9019340373,-77.0385169683,7.0,2.0,6,Sunday,Morning,1,ASSAULT W/DANGEROUS WEAPON,2024-06-02 08:24:49+00:00,8,2024,Day,Cluster 6,Medium
24151738,2024-10-01 08:20:32+00:00,2024-10-01 03:04:00+00:00,2024-10-01 08:02:00+00:00,MIDNIGHT,ASSAULT W/DANGEROUS WEAPON,893 - 1099 BLOCK OF BELLEVUE STREET SE,8.0,7.0,Cluster 39,38.8321776432,-76.9891862883,3.0,1.0,10,Tuesday,Night,1,ASSAULT W/DANGEROUS WEAPON,2024-10-01 08:20:32+00:00,8,2024,Day,Cluster 39,High
24165035,2024-10-24 04:39:17+00:00,2024-10-24 03:51:00+00:00,,MIDNIGHT,ASSAULT W/DANGEROUS WEAPON,1396 - 1399 BLOCK OF FLORIDA AVENUE NE,5.0,5.0,Cluster 23,38.9007480309,-76.9854141468,3.0,24.0,10,Thursday,Night,1,ASSAULT W/DANGEROUS WEAPON,2024-10-24 04:39:17+00:00,4,2024,Night,Cluster 23,High
24046909,2024-03-29 07:45:45+00:00,2024-03-29 07:03:00+00:00,2024-03-29 07:04:00+00:00,MIDNIGHT,ASSAULT W/DANGEROUS WEAPON,2240 - 2399 BLOCK OF SOUTH DAKOTA AVENUE NE,5.0,5.0,Cluster 24,38.9210705313,-76.9590577483,7.0,29.0,3,Friday,Morning,1,ASSAULT W/DANGEROUS WEAPON,2024-03-29 07:45:45+00:00,7,2024,Day,Cluster 24,Low
24018626,2024-02-06 05:31:36+00:00,2024-02-06 02:31:00+00:00,2024-02-06 05:00:00+00:00,MIDNIGHT,ASSAULT W/DANGEROUS WEAPON,1600 - 1699 BLOCK OF KENILWORTH AVENUE NE,7.0,6.0,Cluster 29,38.9117990484,-76.9348016731,2.0,6.0,2,Tuesday,Night,1,ASSAULT W/DANGEROUS WEAPON,2024-02-06 05:31:36+00:00,5,2024,Night,Cluster 29,Low
24042580,2024-03-21 04:18:16+00:00,2024-03-21 03:32:00+00:00,,MIDNIGHT,ASSAULT W/DANGEROUS WEAPON,7524 - 7679 BLOCK OF 12TH STREET NW,4.0,4.0,Cluster 16,38.9821294711,-77.0278731386,3.0,21.0,3,Thursday,Night,1,ASSAULT W/DANGEROUS WEAPON,2024-03-21 04:18:16+00:00,4,2024,Night,Cluster 16,Low
24161971,2024-10-19 04:51:19+00:00,2024-10-19 02:18:00+00:00,2024-10-19 04:51:00+00:00,MIDNIGHT,ASSAULT W/DANGEROUS WEAPON,1912 - 1999 BLOCK OF NAYLOR ROAD SE,8.0,6.0,Cluster 34,38.8725488467,-76.9766469884,2.0,19.0,10,Saturday,Night,1,ASSAULT W/DANGEROUS WEAPON,2024-10-19 04:51:19+00:00,4,2024,Night,Cluster 34,High
24084269,2024-06-04 05:31:30+00:00,2024-06-04 01:31:00+00:00,2024-06-05 01:32:00+00:00,MIDNIGHT,ASSAULT W/DANGEROUS WEAPON,5000 - 5099 BLOCK OF 1ST STREET NW,4.0,4.0,Cluster 19,38.9515801925,-77.0118319853,1.0,4.0,6,Tuesday,Night,1,ASSAULT W/DANGEROUS WEAPON,2024-06-04 05:31:30+00:00,5,2024,Night,Cluster 19,Medium
24027496,2024-02-22 15:53:19+00:00,2024-02-22 14:43:00+00:00,2024-02-22 14:45:00+00:00,DAY,ASSAULT W/DANGEROUS WEAPON,3300 - 3399 BLOCK OF D STREET SE,7.0,6.0,Cluster 32,38.8844263221,-76.9586591571,14.0,22.0,2,Thursday,Afternoon,1,ASSAULT W/DANGEROUS WEAPON,2024-02-22 15:53:19+00:00,15,2024,Day,Cluster 32,High
24069235,2024-05-09 00:55:14+00:00,2024-05-08 23:17:00+00:00,2024-05-09 00:55:00+00:00,EVENING,ASSAULT W/DANGEROUS WEAPON,3300 - 3730 BLOCK OF HAYES STREET NE,7.0,6.0,Cluster 30,38.9066615961,-76.9528191142,23.0,8.0,5,Wednesday,Night,1,ASSAULT W/DANGEROUS WEAPON,2024-05-09 00:55:14+00:00,0,2024,Night,Cluster 30,High
24046763,2024-03-28 23:46:39+00:00,2024-03-28 23:02:00+00:00,2024-03-28 23:03:00+00:00,EVENING,ASSAULT W/DANGEROUS WEAPON,1700 - 1799 BLOCK OF BENNING ROAD NE,7.0,5.0,Cluster 25,38.8992501174,-76.9784090744,23.0,28.0,3,Thursday,Night,1,ASSAULT W/DANGEROUS WEAPON,2024-03-28 23:46:39+00:00,23,2024,Night,Cluster 25,High
24012040,2024-01-25 04:23:56+00:00,2024-01-25 03:04:00+00:00,2024-01-25 03:20:00+00:00,MIDNIGHT,ASSAULT W/DANGEROUS WEAPON,4500 - 4639 BLOCK OF MARTIN LUTHER KING JR AVENUE SW,8.0,7.0,Cluster 44,38.8248078759,-77.0124073967,3.0,25.0,1,Thursday,Night,1,ASSAULT W/DANGEROUS WEAPON,2024-01-25 04:23:56+00:00,4,2024,Night,Cluster 44,Low
24027364,2024-02-22 09:54:53+00:00,2024-02-22 03:23:00+00:00,,MIDNIGHT,ASSAULT W/DANGEROUS WEAPON,400 - 499 BLOCK OF 60TH STREET NE,7.0,6.0,Cluster 31,38.8951453205,-76.9150373186,3.0,22.0,2,Thursday,Night,1,ASSAULT W/DANGEROUS WEAPON,2024-02-22 09:54:53+00:00,9,2024,Day,Cluster 31,High
24035009,2024-03-07 16:34:42+00:00,2024-03-07 15:10:00+00:00,2024-03-07 16:34:00+00:00,DAY,ASSAULT W/DANGEROUS WEAPON,1900 - 1999 BLOCK OF I STREET NE,5.0,5.0,Cluster 23,38.9021699155,-76.9757037095,15.0,7.0,3,Thursday,Afternoon,1,ASSAULT W/DANGEROUS WEAPON,2024-03-07 16:34:42+00:00,16,2024,Day,Cluster 23,High
24089715,2024-06-13 06:49:58+00:00,2024-06-13 05:41:00+00:00,2024-06-13 06:00:00+00:00,MIDNIGHT,ASSAULT W/DANGEROUS WEAPON,3700 - 3761 BLOCK OF MINNESOTA AVENUE NE,7.0,6.0,Cluster 32,38.8913294679,-76.9519658968,5.0,13.0,6,Thursday,Night,1,ASSAULT W/DANGEROUS WEAPON,2024-06-13 06:49:58+00:00,6,2024,Day,Cluster 32,High
24089929,2024-06-13 20:18:15+00:00,2024-06-13 15:53:00+00:00,2024-06-13 18:00:00+00:00,EVENING,ASSAULT W/DANGEROUS WEAPON,4200 - 4243 BLOCK OF BENNING ROAD NE,7.0,6.0,Cluster 30,38.8926088954,-76.9417934949,15.0,13.0,6,Thursday,Afternoon,1,ASSAULT W/DANGEROUS WEAPON,2024-06-13 20:18:15+00:00,20,2024,Night,Cluster 30,High
24193174,2024-12-14 02:58:17+00:00,2024-12-14 01:31:00+00:00,2024-12-14 01:51:00+00:00,EVENING,ASSAULT W/DANGEROUS WEAPON,1600 - 1658 BLOCK OF MONROE STREET NW,1.0,3.0,Cluster 2,38.9329582024,-77.0373605376,1.0,14.0,12,Saturday,Night,1,ASSAULT W/DANGEROUS WEAPON,2024-12-14 02:58:17+00:00,2,2024,Night,Cluster 2,High
24073080,2024-05-16 02:15:42+00:00,2024-05-15 23:43:00+00:00,2024-05-16 00:00:00+00:00,EVENING,ASSAULT W/DANGEROUS WEAPON,4400 - 4499 BLOCK OF IOWA AVENUE NW,4.0,4.0,Cluster 18,38.9445079468,-77.0278945349,23.0,15.0,5,Wednesday,Night,1,ASSAULT W/DANGEROUS WEAPON,2024-05-16 02:15:42+00:00,2,2024,Night,Cluster 18,High
24074352,2024-05-18 05:36:28+00:00,2024-05-18 02:30:00+00:00,2024-05-18 05:13:00+00:00,MIDNIGHT,ASSAULT W/DANGEROUS WEAPON,3800 - 3899 BLOCK OF 8TH STREET SE,8.0,7.0,Cluster 39,38.8338943266,-76.9948795467,2.0,18.0,5,Saturday,Night,1,ASSAULT W/DANGEROUS WEAPON,2024-05-18 05:36:28+00:00,5,2024,Night,Cluster 39,High
24117200,2024-07-31 18:35:56+00:00,2024-07-31 10:00:00+00:00,2024-07-31 18:24:00+00:00,DAY,ASSAULT W/DANGEROUS WEAPON,4500 - 4599 BLOCK OF SOUTH CAPITOL STREET,8.0,7.0,Cluster 39,38.824608791,-77.0063944166,10.0,31.0,7,Wednesday,Morning,1,ASSAULT W/DANGEROUS WEAPON,2024-07-31 18:35:56+00:00,18,2024,Night,Cluster 39,High
24121131,2024-08-07 22:59:29+00:00,2024-08-07 19:15:00+00:00,2024-08-07 19:20:00+00:00,EVENING,ASSAULT W/DANGEROUS WEAPON,1332 - 1399 BLOCK OF MISSOURI AVENUE NW,4.0,4.0,Cluster 18,38.9616139564,-77.0326615282,19.0,7.0,8,Wednesday,Evening,1,ASSAULT W/DANGEROUS WEAPON,2024-08-07 22:59:29+00:00,22,2024,Night,Cluster 18,High
24097165,2024-06-26 01:49:29+00:00,2024-06-26 00:20:00+00:00,2024-06-26 01:14:00+00:00,EVENING,ASSAULT W/DANGEROUS WEAPON,2627 - 2699 BLOCK OF STANTON ROAD SE,8.0,7.0,Cluster 37,38.8584648442,-76.9900561524,0.0,26.0,6,Wednesday,Night,1,ASSAULT W/DANGEROUS WEAPON,2024-06-26 01:49:29+00:00,1,2024,Night,Cluster 37,High
24103133,2024-07-06 04:50:39+00:00,2024-07-06 03:38:00+00:00,2024-07-06 05:30:00+00:00,MIDNIGHT,ASSAULT W/DANGEROUS WEAPON,3517 - 3546 BLOCK OF 14TH STREET NW,1.0,4.0,Cluster 2,38.9354440798,-77.0327328149,3.0,6.0,7,Saturday,Night,1,ASSAULT W/DANGEROUS WEAPON,2024-07-06 04:50:39+00:00,4,2024,Night,Cluster 2,High
24005665,2024-01-12 02:09:04+00:00,2024-01-12 00:50:00+00:00,,EVENING,ASSAULT W/DANGEROUS WEAPON,5000 - 5099 BLOCK OF C STREET SE,7.0,6.0,Cluster 33,38.8851553181,-76.9295271976,0.0,12.0,1,Friday,Night,1,ASSAULT W/DANGEROUS WEAPON,2024-01-12 02:09:04+00:00,2,2024,Night,Cluster 33,High
24045255,2024-03-26 07:48:11+00:00,2024-03-26 06:27:00+00:00,,MIDNIGHT,ASSAULT W/DANGEROUS WEAPON,400 - 499 BLOCK OF NEWTON PLACE NW,1.0,4.0,Cluster 2,38.9341147174,-77.0199830731,6.0,26.0,3,Tuesday,Morning,1,ASSAULT W/DANGEROUS WEAPON,2024-03-26 07:48:11+00:00,7,2024,Day,Cluster 2,High
24085496,2024-06-06 01:51:11+00:00,2024-06-06 00:20:00+00:00,2024-06-06 01:00:00+00:00,EVENING,ASSAULT W/DANGEROUS WEAPON,1800 - 1899 BLOCK OF CORCORAN STREET NE,5.0,5.0,Cluster 23,38.9119256261,-76.9872689022,0.0,6.0,6,Thursday,Night,1,ASSAULT W/DANGEROUS WEAPON,2024-06-06 01:51:11+00:00,1,2024,Night,Cluster 23,High
24075138,2024-05-19 22:33:24+00:00,2024-05-19 18:31:00+00:00,2024-05-19 21:32:00+00:00,EVENING,ASSAULT W/DANGEROUS WEAPON,600 - 699 BLOCK OF KEEFER PLACE NW,1.0,4.0,Cluster 2,38.9306912125,-77.0224041916,18.0,19.0,5,Sunday,Evening,1,ASSAULT W/DANGEROUS WEAPON,2024-05-19 22:33:24+00:00,22,2024,Night,Cluster 2,High
24076027,2024-05-21 07:43:08+00:00,2024-05-21 04:29:00+00:00,2024-05-21 07:29:00+00:00,MIDNIGHT,ASSAULT W/DANGEROUS WEAPON,4400 - 4499 BLOCK OF QUARLES STREET NE,7.0,6.0,Cluster 29,38.9124651682,-76.937517346,4.0,21.0,5,Tuesday,Night,1,ASSAULT W/DANGEROUS WEAPON,2024-05-21 07:43:08+00:00,7,2024,Day,Cluster 29,Low
24127773,2024-08-20 09:27:06+00:00,2024-08-20 06:58:00+00:00,2024-08-20 07:10:00+00:00,MIDNIGHT,ASSAULT W/DANGEROUS WEAPON,5200 - 5299 BLOCK OF GEORGIA AVENUE NW,4.0,4.0,Cluster 18,38.9534936698,-77.0276535855,6.0,20.0,8,Tuesday,Morning,1,ASSAULT W/DANGEROUS WEAPON,2024-08-20 09:27:06+00:00,9,2024,Day,Cluster 18,High
24130142,2024-08-24 08:08:58+00:00,2024-08-24 06:16:00+00:00,2024-08-24 09:00:00+00:00,MIDNIGHT,ASSAULT W/DANGEROUS WEAPON,800 - 899 BLOCK OF E STREET SE,6.0,1.0,Cluster 26,38.8827220712,-76.9943671905,6.0,24.0,8,Saturday,Morning,1,ASSAULT W/DANGEROUS WEAPON,2024-08-24 08:08:58+00:00,8,2024,Day,Cluster 26,Medium
24130180,2024-08-24 11:53:36+00:00,2024-08-24 08:09:00+00:00,2024-08-24 10:30:00+00:00,DAY,ASSAULT W/DANGEROUS WEAPON,2600 - 2699 BLOCK OF BIRNEY PLACE SE,8.0,7.0,Cluster 37,38.8576518527,-76.9967797818,8.0,24.0,8,Saturday,Morning,1,ASSAULT W/DANGEROUS WEAPON,2024-08-24 11:53:36+00:00,11,2024,Day,Cluster 37,High
24109295,2024-07-17 04:52:13+00:00,2024-07-17 03:51:00+00:00,2024-07-17 04:53:00+00:00,MIDNIGHT,ASSAULT W/DANGEROUS WEAPON,4000 - 4121 BLOCK OF MINNESOTA AVENUE NE,7.0,6.0,Cluster 30,38.8966558827,-76.9476475094,3.0,17.0,7,Wednesday,Night,1,ASSAULT W/DANGEROUS WEAPON,2024-07-17 04:52:13+00:00,4,2024,Night,Cluster 30,High
24175972,2024-11-12 20:18:10+00:00,2024-11-12 05:00:00+00:00,,EVENING,ASSAULT W/DANGEROUS WEAPON,1600 - 1899 BLOCK OF W STREET SE,8.0,7.0,Cluster 28,38.8630278199,-76.9802681957,5.0,12.0,11,Tuesday,Night,1,ASSAULT W/DANGEROUS WEAPON,2024-11-12 20:18:10+00:00,20,2024,Night,Cluster 28,Medium
24185669,2024-11-30 18:11:22+00:00,2024-11-30 17:12:00+00:00,,DAY,ASSAULT W/DANGEROUS WEAPON,1400 - 1499 BLOCK OF 14TH STREET NW,2.0,2.0,Cluster 7,38.9092425999,-77.0319517602,17.0,30.0,11,Saturday,Evening,1,ASSAULT W/DANGEROUS WEAPON,2024-11-30 18:11:22+00:00,18,2024,Night,Cluster 7,Medium
24031622,2024-03-01 10:18:27+00:00,2024-03-01 02:41:00+00:00,2024-03-01 08:57:00+00:00,MIDNIGHT,ASSAULT W/DANGEROUS WEAPON,2700 - 2899 BLOCK OF LANGSTON PLACE SE,8.0,7.0,Cluster 36,38.8561277862,-76.9725864468,2.0,1.0,3,Friday,Night,1,ASSAULT W/DANGEROUS WEAPON,2024-03-01 10:18:27+00:00,10,2024,Day,Cluster 36,High
24001991,2024-01-04 22:47:11+00:00,2024-01-04 21:05:00+00:00,2024-01-04 21:06:00+00:00,EVENING,ASSAULT W/DANGEROUS WEAPON,1500 - 1625 BLOCK OF BUTLER STREET SE,8.0,7.0,Cluster 28,38.8611776799,-76.9839660327,21.0,4.0,1,Thursday,Night,1,ASSAULT W/DANGEROUS WEAPON,2024-01-04 22:47:11+00:00,22,2024,Night,Cluster 28,Medium
24086841,2024-06-08 08:35:05+00:00,2024-06-08 06:48:00+00:00,2024-06-08 06:54:00+00:00,MIDNIGHT,ASSAULT W/DANGEROUS WEAPON,600 - 622 BLOCK OF EDGEWOOD STREET NE,5.0,5.0,Cluster 21,38.9242387947,-76.9979039234,6.0,8.0,6,Saturday,Morning,1,ASSAULT W/DANGEROUS WEAPON,2024-06-08 08:35:05+00:00,8,2024,Day,Cluster 21,High
24087510,2024-06-09 14:42:31+00:00,2024-06-09 12:22:00+00:00,,DAY,ASSAULT W/DANGEROUS WEAPON,4200 - 4243 BLOCK OF BENNING ROAD NE,7.0,,Cluster 30,38.8926088954,-76.9417934949,12.0,9.0,6,Sunday,Afternoon,1,ASSAULT W/DANGEROUS WEAPON,2024-06-09 14:42:31+00:00,14,2024,Day,Cluster 30,High
24057019,2024-04-16 18:14:08+00:00,2024-04-16 17:21:00+00:00,,DAY,ASSAULT W/DANGEROUS WEAPON,1700 - 1799 BLOCK OF RHODE ISLAND AVENUE NE,5.0,5.0,Cluster 22,38.9272628922,-76.9799230111,17.0,16.0,4,Tuesday,Evening,1,ASSAULT W/DANGEROUS WEAPON,2024-04-16 18:14:08+00:00,18,2024,Night,Cluster 22,Medium
24082370,2024-05-31 21:10:17+00:00,2024-05-31 18:49:00+00:00,2024-05-31 20:49:00+00:00,EVENING,ASSAULT W/DANGEROUS WEAPON,1300 - 1399 BLOCK OF NICHOLSON STREET NW,4.0,4.0,Cluster 18,38.9602182497,-77.0315597083,18.0,31.0,5,Friday,Evening,1,ASSAULT W/DANGEROUS WEAPON,2024-05-31 21:10:17+00:00,21,2024,Night,Cluster 18,High
24083161,2024-06-02 07:53:55+00:00,2024-06-02 03:36:00+00:00,2024-06-02 06:00:00+00:00,MIDNIGHT,ASSAULT W/DANGEROUS WEAPON,1100 - 1237 BLOCK OF SUMNER ROAD SE,8.0,7.0,Cluster 37,38.8607720644,-76.9975669094,3.0,2.0,6,Sunday,Night,1,ASSAULT W/DANGEROUS WEAPON,2024-06-02 07:53:55+00:00,7,2024,Day,Cluster 37,High
24003768,2024-01-08 17:15:52+00:00,2024-01-08 15:21:00+00:00,2024-01-08 16:45:00+00:00,DAY,ASSAULT W/DANGEROUS WEAPON,1851 - 2008 BLOCK OF WISCONSIN AVENUE NW,2.0,2.0,Cluster 4,38.9162259346,-77.0681648844,15.0,8.0,1,Monday,Afternoon,1,ASSAULT W/DANGEROUS WEAPON,2024-01-08 17:15:52+00:00,17,2024,Day,Cluster 4,Low
24024597,2024-02-17 01:45:59+00:00,2024-02-17 00:21:00+00:00,,EVENING,ASSAULT W/DANGEROUS WEAPON,2320 - 2425 BLOCK OF IRVING STREET SE,8.0,7.0,Cluster 36,38.8530140859,-76.971718989,0.0,17.0,2,Saturday,Night,1,ASSAULT W/DANGEROUS WEAPON,2024-02-17 01:45:59+00:00,1,2024,Night,Cluster 36,High
24037583,2024-03-12 16:44:56+00:00,2024-03-12 13:00:00+00:00,2024-03-12 13:15:00+00:00,DAY,ASSAULT W/DANGEROUS WEAPON,3517 - 3648 BLOCK OF 16TH STREET NW,1.0,3.0,Cluster 2,38.9358840261,-77.0364500776,13.0,12.0,3,Tuesday,Afternoon,1,ASSAULT W/DANGEROUS WEAPON,2024-03-12 16:44:56+00:00,16,2024,Day,Cluster 2,High
24088465,2024-06-11 04:21:00+00:00,2024-06-11 02:15:00+00:00,2024-06-11 02:25:00+00:00,MIDNIGHT,ASSAULT W/DANGEROUS WEAPON,300 - 499 BLOCK OF GALLOWAY STREET NE,5.0,4.0,Cluster 19,38.9525513383,-76.9990331099,2.0,11.0,6,Tuesday,Night,1,ASSAULT W/DANGEROUS WEAPON,2024-06-11 04:21:00+00:00,4,2024,Night,Cluster 19,Medium
24090881,2024-06-15 07:27:09+00:00,2024-06-15 05:33:00+00:00,,MIDNIGHT,ASSAULT W/DANGEROUS WEAPON,600 - 699 BLOCK OF MICHIGAN AVENUE NE,5.0,5.0,Cluster 20,38.9328075718,-76.9970384286,5.0,15.0,6,Saturday,Night,1,ASSAULT W/DANGEROUS WEAPON,2024-06-15 07:27:09+00:00,7,2024,Day,Cluster 20,Low
24093810,2024-06-20 15:42:30+00:00,2024-06-20 12:15:00+00:00,2024-06-20 12:40:00+00:00,DAY,ASSAULT W/DANGEROUS WEAPON,1 - 10 BLOCK OF RIDGE ROAD SE,7.0,6.0,Cluster 32,38.8892931187,-76.9526128651,12.0,20.0,6,Thursday,Afternoon,1,ASSAULT W/DANGEROUS WEAPON,2024-06-20 15:42:30+00:00,15,2024,Day,Cluster 32,High
24015341,2024-01-31 03:43:25+00:00,2024-01-31 01:22:00+00:00,,EVENING,ASSAULT W/DANGEROUS WEAPON,2117 - 2299 BLOCK OF BLADENSBURG ROAD NE,5.0,5.0,Cluster 22,38.9196974243,-76.9705258,1.0,31.0,1,Wednesday,Night,1,ASSAULT W/DANGEROUS WEAPON,2024-01-31 03:43:25+00:00,3,2024,Night,Cluster 22,Medium
24027190,2024-02-22 01:26:50+00:00,2024-02-21 22:02:00+00:00,2024-02-22 01:00:00+00:00,EVENING,ASSAULT W/DANGEROUS WEAPON,1 - 99 BLOCK OF M STREET NE,6.0,5.0,Cluster 25,38.9056424003,-77.007474088,22.0,21.0,2,Wednesday,Night,1,ASSAULT W/DANGEROUS WEAPON,2024-02-22 01:26:50+00:00,1,2024,Night,Cluster 25,High
24000258,2024-01-01 20:42:47+00:00,2024-01-01 14:03:00+00:00,2024-01-01 17:09:00+00:00,EVENING,ASSAULT W/DANGEROUS WEAPON,1100 - 1199 BLOCK OF M STREET NW,2.0,3.0,Cluster 8,38.9056440731,-77.0275598648,14.0,1.0,1,Monday,Afternoon,1,ASSAULT W/DANGEROUS WEAPON,2024-01-01 20:42:47+00:00,20,2024,Night,Cluster 8,Medium
24001702,2024-01-04 09:03:44+00:00,2024-01-04 06:45:00+00:00,2024-01-04 08:00:00+00:00,MIDNIGHT,ASSAULT W/DANGEROUS WEAPON,3900 - 4099 BLOCK OF DAVIS PLACE NW,3.0,2.0,Cluster 14,38.9236240383,-77.0788813931,6.0,4.0,1,Thursday,Morning,1,ASSAULT W/DANGEROUS WEAPON,2024-01-04 09:03:44+00:00,9,2024,Day,Cluster 14,Medium
24091892,2024-06-17 02:50:09+00:00,2024-06-17 00:56:00+00:00,,EVENING,ASSAULT W/DANGEROUS WEAPON,1900 - 2199 BLOCK OF SAVANNAH TERRACE SE,8.0,7.0,Cluster 38,38.848136645,-76.9761390018,0.0,17.0,6,Monday,Night,1,ASSAULT W/DANGEROUS WEAPON,2024-06-17 02:50:09+00:00,2,2024,Night,Cluster 38,High
24095529,2024-06-23 08:46:06+00:00,2024-06-23 06:10:00+00:00,2024-06-23 07:08:00+00:00,MIDNIGHT,ASSAULT W/DANGEROUS WEAPON,2400 - 2599 BLOCK OF ELVANS ROAD SE,8.0,7.0,Cluster 37,38.8541724053,-76.9884242906,6.0,23.0,6,Sunday,Morning,1,ASSAULT W/DANGEROUS WEAPON,2024-06-23 08:46:06+00:00,8,2024,Day,Cluster 37,High
24075066,2024-05-19 19:07:14+00:00,2024-05-19 16:12:00+00:00,2024-05-19 19:00:00+00:00,EVENING,ASSAULT W/DANGEROUS WEAPON,4200 - 4399 BLOCK OF EDSON PLACE NE,7.0,6.0,Cluster 30,38.8967767648,-76.9408976637,16.0,19.0,5,Sunday,Afternoon,1,ASSAULT W/DANGEROUS WEAPON,2024-05-19 19:07:14+00:00,19,2024,Night,Cluster 30,High
24076678,2024-05-22 10:27:23+00:00,2024-05-22 08:06:00+00:00,,MIDNIGHT,ASSAULT W/DANGEROUS WEAPON,3300 - 3403 BLOCK OF WHEELER ROAD SE,8.0,7.0,Cluster 39,38.8414296114,-76.9938163973,8.0,22.0,5,Wednesday,Morning,1,ASSAULT W/DANGEROUS WEAPON,2024-05-22 10:27:23+00:00,10,2024,Day,Cluster 39,High
24128793,2024-08-22 03:29:18+00:00,2024-08-22 00:55:00+00:00,2024-08-22 03:00:00+00:00,MIDNIGHT,ASSAULT W/DANGEROUS WEAPON,1700 - 1799 BLOCK OF MINNESOTA AVENUE SE,8.0,6.0,Cluster 34,38.8689016764,-76.9798874601,0.0,22.0,8,Thursday,Night,1,ASSAULT W/DANGEROUS WEAPON,2024-08-22 03:29:18+00:00,3,2024,Night,Cluster 34,High
24096929,2024-06-25 19:22:43+00:00,2024-06-25 17:15:00+00:00,2024-06-25 17:19:00+00:00,EVENING,ASSAULT W/DANGEROUS WEAPON,8TH STREET NE AND H STREET NE,6.0,1.0,Cluster 25,38.9002030165,-76.994960782,17.0,25.0,6,Tuesday,Evening,1,ASSAULT W/DANGEROUS WEAPON,2024-06-25 19:22:43+00:00,19,2024,Night,Cluster 25,High
24136543,2024-09-04 23:30:22+00:00,2024-09-04 19:49:00+00:00,,EVENING,ASSAULT W/DANGEROUS WEAPON,BENNING ROAD NE AND MARYLAND AVENUE NE,5.0,5.0,Cluster 25,38.9001307518,-76.9834424224,19.0,4.0,9,Wednesday,Evening,1,ASSAULT W/DANGEROUS WEAPON,2024-09-04 23:30:22+00:00,23,2024,Night,Cluster 25,High
24181541,2024-11-22 19:34:27+00:00,2024-11-22 14:42:00+00:00,2024-11-22 19:05:00+00:00,DAY,ASSAULT W/DANGEROUS WEAPON,1700 - 1799 BLOCK OF EAST CAPITOL STREET,7.0,1.0,Cluster 26,38.8898000618,-76.979878226,14.0,22.0,11,Friday,Afternoon,1,ASSAULT W/DANGEROUS WEAPON,2024-11-22 19:34:27+00:00,19,2024,Night,Cluster 26,Medium
24182320,2024-11-24 01:17:46+00:00,2024-11-23 22:25:00+00:00,2024-11-24 01:00:00+00:00,EVENING,ASSAULT W/DANGEROUS WEAPON,600 - 699 BLOCK OF 49TH PLACE NE,7.0,6.0,Cluster 31,38.8976679649,-76.9308326364,22.0,23.0,11,Saturday,Night,1,ASSAULT W/DANGEROUS WEAPON,2024-11-24 01:17:46+00:00,1,2024,Night,Cluster 31,High
24186820,2024-12-03 17:49:04+00:00,2024-12-02 19:40:00+00:00,2024-12-02 19:41:00+00:00,DAY,ASSAULT W/DANGEROUS WEAPON,1900 BLOCK OF D STREET SE,7.0,1.0,Cluster 26,38.8840770766,-76.9762456966,19.0,2.0,12,Monday,Evening,1,ASSAULT W/DANGEROUS WEAPON,2024-12-03 17:49:04+00:00,17,2024,Day,Cluster 26,Medium
24095373,2024-06-23 01:52:02+00:00,2024-06-22 22:05:00+00:00,2024-06-23 01:30:00+00:00,EVENING,ASSAULT W/DANGEROUS WEAPON,22 - 196 BLOCK OF CHESAPEAKE STREET SW,8.0,7.0,Cluster 39,38.8286524008,-77.0107918147,22.0,22.0,6,Saturday,Night,1,ASSAULT W/DANGEROUS WEAPON,2024-06-23 01:52:02+00:00,1,2024,Night,Cluster 39,High
24137962,2024-09-07 11:31:17+00:00,2024-09-07 08:48:00+00:00,2024-09-07 08:55:00+00:00,DAY,ASSAULT W/DANGEROUS WEAPON,2700 - 2899 BLOCK OF SHIPLEY TERRACE SE,8.0,7.0,Cluster 36,38.8497737019,-76.9667431363,8.0,7.0,9,Saturday,Morning,1,ASSAULT W/DANGEROUS WEAPON,2024-09-07 11:31:17+00:00,11,2024,Day,Cluster 36,High
24137306,2024-09-06 03:50:54+00:00,2024-09-06 01:45:00+00:00,2024-09-06 02:45:00+00:00,MIDNIGHT,ASSAULT W/DANGEROUS WEAPON,2200 - 2299 BLOCK OF MINNESOTA AVENUE SE,8.0,6.0,Cluster 34,38.8717915923,-76.9740898528,1.0,6.0,9,Friday,Night,1,ASSAULT W/DANGEROUS WEAPON,2024-09-06 03:50:54+00:00,3,2024,Night,Cluster 34,High
24037745,2024-03-12 21:18:21+00:00,2024-03-12 19:20:00+00:00,2024-03-12 20:45:00+00:00,EVENING,ASSAULT W/DANGEROUS WEAPON,21 - 72 BLOCK OF FLORIDA AVENUE NE,5.0,5.0,Cluster 21,38.9100528057,-77.0073243167,19.0,12.0,3,Tuesday,Evening,1,ASSAULT W/DANGEROUS WEAPON,2024-03-12 21:18:21+00:00,21,2024,Night,Cluster 21,High
24040283,2024-03-17 07:02:10+00:00,2024-03-17 03:32:00+00:00,2024-03-17 05:00:00+00:00,MIDNIGHT,ASSAULT W/DANGEROUS WEAPON,2400 - 2599 BLOCK OF ELVANS ROAD SE,8.0,7.0,Cluster 37,38.8541724053,-76.9884242906,3.0,17.0,3,Sunday,Night,1,ASSAULT W/DANGEROUS WEAPON,2024-03-17 07:02:10+00:00,7,2024,Day,Cluster 37,High
24146221,2024-09-22 01:26:32+00:00,2024-09-21 20:50:00+00:00,2024-09-21 23:14:00+00:00,EVENING,ASSAULT W/DANGEROUS WEAPON,5000 - 5099 BLOCK OF 1ST STREET NW,4.0,4.0,Cluster 19,38.9515801925,-77.0118319853,20.0,21.0,9,Saturday,Night,1,ASSAULT W/DANGEROUS WEAPON,2024-09-22 01:26:32+00:00,1,2024,Night,Cluster 19,Medium
24143041,2024-09-16 17:30:31+00:00,2024-09-16 15:40:00+00:00,2024-09-16 17:30:00+00:00,DAY,ASSAULT W/DANGEROUS WEAPON,1400 - 1499 BLOCK OF GIRARD STREET NW,1.0,3.0,Cluster 2,38.925403095,-77.0338696729,15.0,16.0,9,Monday,Afternoon,1,ASSAULT W/DANGEROUS WEAPON,2024-09-16 17:30:31+00:00,17,2024,Day,Cluster 2,High
24143978,2024-09-18 03:13:48+00:00,2024-09-18 00:23:00+00:00,2024-09-18 02:00:00+00:00,MIDNIGHT,ASSAULT W/DANGEROUS WEAPON,2 - 199 BLOCK OF GALVESTON STREET SW,8.0,7.0,Cluster 39,38.8236013165,-77.0088899643,0.0,18.0,9,Wednesday,Night,1,ASSAULT W/DANGEROUS WEAPON,2024-09-18 03:13:48+00:00,3,2024,Night,Cluster 39,High
24196485,2024-12-20 06:28:43+00:00,2024-12-20 03:06:00+00:00,2024-12-20 03:06:00+00:00,MIDNIGHT,ASSAULT W/DANGEROUS WEAPON,1600 - 1899 BLOCK OF W STREET SE,8.0,7.0,Cluster 28,38.8630278199,-76.9802681957,3.0,20.0,12,Friday,Night,1,ASSAULT W/DANGEROUS WEAPON,2024-12-20 06:28:43+00:00,6,2024,Day,Cluster 28,Medium
24063694,2024-04-29 01:37:31+00:00,2024-04-29 00:05:00+00:00,2024-04-29 00:30:00+00:00,EVENING,ASSAULT W/DANGEROUS WEAPON,3821 - 3938 BLOCK OF PENNSYLVANIA AVENUE SE,7.0,6.0,Cluster 35,38.8653047341,-76.9506125698,0.0,29.0,4,Monday,Night,1,ASSAULT W/DANGEROUS WEAPON,2024-04-29 01:37:31+00:00,1,2024,Night,Cluster 35,Medium
24066643,2024-05-04 01:44:50+00:00,2024-05-04 01:05:00+00:00,2024-05-04 01:45:00+00:00,EVENING,ASSAULT W/DANGEROUS WEAPON,1516 - 1699 BLOCK OF BENNING ROAD NE,7.0,5.0,Cluster 25,38.8996151246,-76.9803866148,1.0,4.0,5,Saturday,Night,1,ASSAULT W/DANGEROUS WEAPON,2024-05-04 01:44:50+00:00,1,2024,Night,Cluster 25,High
24108715,2024-07-16 07:20:11+00:00,2024-07-16 04:17:00+00:00,2024-07-16 07:20:00+00:00,MIDNIGHT,ASSAULT W/DANGEROUS WEAPON,123 - 199 BLOCK OF 33RD STREET NE,7.0,6.0,Cluster 32,38.8916436327,-76.9602290492,4.0,16.0,7,Tuesday,Night,1,ASSAULT W/DANGEROUS WEAPON,2024-07-16 07:20:11+00:00,7,2024,Day,Cluster 32,High
24044939,2024-03-25 22:29:15+00:00,2024-03-25 18:22:00+00:00,2024-03-25 22:30:00+00:00,EVENING,ASSAULT W/DANGEROUS WEAPON,2700 - 2845 BLOCK OF ALABAMA AVENUE SE,7.0,6.0,Cluster 35,38.8594775631,-76.9676370731,18.0,25.0,3,Monday,Evening,1,ASSAULT W/DANGEROUS WEAPON,2024-03-25 22:29:15+00:00,22,2024,Night,Cluster 35,Medium
24045212,2024-03-26 05:43:30+00:00,2024-03-26 03:21:00+00:00,,MIDNIGHT,ASSAULT W/DANGEROUS WEAPON,2300 - 3955 BLOCK OF EAST CAPITOL STREET,7.0,6.0,Cluster 32,38.8897870573,-76.9580556016,3.0,26.0,3,Tuesday,Night,1,ASSAULT W/DANGEROUS WEAPON,2024-03-26 05:43:30+00:00,5,2024,Night,Cluster 32,High
24155758,2024-10-08 08:30:06+00:00,2024-10-08 04:38:00+00:00,2024-10-08 08:00:00+00:00,MIDNIGHT,ASSAULT W/DANGEROUS WEAPON,600 - 622 BLOCK OF EDGEWOOD STREET NE,5.0,5.0,Cluster 21,38.9242387947,-76.9979039234,4.0,8.0,10,Tuesday,Night,1,ASSAULT W/DANGEROUS WEAPON,2024-10-08 08:30:06+00:00,8,2024,Day,Cluster 21,High
24105314,2024-07-10 01:11:59+00:00,2024-07-09 23:15:00+00:00,2024-07-10 00:00:00+00:00,EVENING,ASSAULT W/DANGEROUS WEAPON,300 - 399 BLOCK OF 62ND STREET NE,7.0,6.0,Cluster 31,38.8936235988,-76.912289652,23.0,9.0,7,Tuesday,Night,1,ASSAULT W/DANGEROUS WEAPON,2024-07-10 01:11:59+00:00,1,2024,Night,Cluster 31,High
24078712,2024-05-25 17:36:05+00:00,2024-05-25 15:28:00+00:00,2024-05-25 17:30:00+00:00,DAY,ASSAULT W/DANGEROUS WEAPON,1 - 99 BLOCK OF MASSACHUSETTS AVENUE NE,6.0,1.0,Cluster 25,38.8972039407,-77.0083879302,15.0,25.0,5,Saturday,Afternoon,1,ASSAULT W/DANGEROUS WEAPON,2024-05-25 17:36:05+00:00,17,2024,Day,Cluster 25,High
24201211,2024-12-30 04:27:52+00:00,2024-12-30 02:16:00+00:00,2024-12-30 04:28:00+00:00,MIDNIGHT,ASSAULT W/DANGEROUS WEAPON,1600 - 1699 BLOCK OF PARK ROAD NW,1.0,3.0,Cluster 2,38.9321089892,-77.0376421992,2.0,30.0,12,Monday,Night,1,ASSAULT W/DANGEROUS WEAPON,2024-12-30 04:27:52+00:00,4,2024,Night,Cluster 2,High
24168537,2024-10-30 15:27:24+00:00,2024-10-30 13:42:00+00:00,2024-10-30 14:45:00+00:00,DAY,ASSAULT W/DANGEROUS WEAPON,1720 - 1799 BLOCK OF Q STREET SE,8.0,6.0,Cluster 34,38.8707456224,-76.979458037,13.0,30.0,10,Wednesday,Afternoon,1,ASSAULT W/DANGEROUS WEAPON,2024-10-30 15:27:24+00:00,15,2024,Day,Cluster 34,High
24001179,2024-01-03 08:20:29+00:00,2024-01-03 06:32:00+00:00,2024-01-03 07:59:00+00:00,MIDNIGHT,ASSAULT W/DANGEROUS WEAPON,1300 - 1337 BLOCK OF ADAMS STREET NE,5.0,5.0,Cluster 22,38.9199826627,-76.9855800707,6.0,3.0,1,Wednesday,Morning,1,ASSAULT W/DANGEROUS WEAPON,2024-01-03 08:20:29+00:00,8,2024,Day,Cluster 22,Medium
24128695,2024-08-21 23:00:19+00:00,2024-08-21 21:25:00+00:00,,EVENING,ASSAULT W/DANGEROUS WEAPON,200 - 398 BLOCK OF ORANGE STREET SE,8.0,7.0,Cluster 39,38.8469250695,-77.0047481051,21.0,21.0,8,Wednesday,Night,1,ASSAULT W/DANGEROUS WEAPON,2024-08-21 23:00:19+00:00,23,2024,Night,Cluster 39,High
24143751,2024-09-17 20:54:54+00:00,2024-09-17 18:22:00+00:00,2024-09-17 19:00:00+00:00,EVENING,ASSAULT W/DANGEROUS WEAPON,2900 - 2918 BLOCK OF MARTIN LUTHER KING JR AVENUE SE,8.0,7.0,Cluster 39,38.8458583733,-76.9968137202,18.0,17.0,9,Tuesday,Evening,1,ASSAULT W/DANGEROUS WEAPON,2024-09-17 20:54:54+00:00,20,2024,Night,Cluster 39,High
24170316,2024-11-02 10:44:25+00:00,2024-11-02 08:18:00+00:00,2024-11-02 10:00:00+00:00,MIDNIGHT,ASSAULT W/DANGEROUS WEAPON,1800 - 1899 BLOCK OF M STREET NW,2.0,2.0,Cluster 6,38.9056538923,-77.0425676537,8.0,2.0,11,Saturday,Morning,1,ASSAULT W/DANGEROUS WEAPON,2024-11-02 10:44:25+00:00,10,2024,Day,Cluster 6,Medium
24064675,2024-04-30 19:31:46+00:00,2024-04-30 17:54:00+00:00,2024-04-30 19:20:00+00:00,EVENING,ASSAULT W/DANGEROUS WEAPON,5200 - 5299 BLOCK OF EAST CAPITOL STREET,7.0,,Cluster 33,38.8897622502,-76.9266038355,17.0,30.0,4,Tuesday,Evening,1,ASSAULT W/DANGEROUS WEAPON,2024-04-30 19:31:46+00:00,19,2024,Night,Cluster 33,High
24198867,2024-12-25 02:14:00+00:00,2024-12-24 08:00:00+00:00,2024-12-24 10:35:00+00:00,EVENING,ASSAULT W/DANGEROUS WEAPON,1200 - 1299 BLOCK OF INGRAHAM STREET NW,4.0,4.0,Cluster 18,38.9540831852,-77.0287153281,8.0,24.0,12,Tuesday,Morning,1,ASSAULT W/DANGEROUS WEAPON,2024-12-25 02:14:00+00:00,2,2024,Night,Cluster 18,High
24070733,2024-05-11 21:24:18+00:00,2024-05-11 17:14:00+00:00,2024-05-11 21:27:00+00:00,EVENING,ASSAULT W/DANGEROUS WEAPON,3300 - 3730 BLOCK OF HAYES STREET NE,7.0,6.0,Cluster 30,38.9066615961,-76.9528191142,17.0,11.0,5,Saturday,Evening,1,ASSAULT W/DANGEROUS WEAPON,2024-05-11 21:24:18+00:00,21,2024,Night,Cluster 30,High
24075622,2024-05-21 01:42:02+00:00,2024-05-06 22:30:00+00:00,2024-05-06 23:00:00+00:00,EVENING,ASSAULT W/DANGEROUS WEAPON,1500 - 1549 BLOCK OF RHODE ISLAND AVENUE NW,2.0,2.0,Cluster 6,38.9077794046,-77.0349909598,22.0,6.0,5,Monday,Night,1,ASSAULT W/DANGEROUS WEAPON,2024-05-21 01:42:02+00:00,1,2024,Night,Cluster 6,Medium
24075639,2024-05-20 17:54:17+00:00,2024-05-20 16:08:00+00:00,2024-05-20 17:54:00+00:00,DAY,ASSAULT W/DANGEROUS WEAPON,5800 - 5899 BLOCK OF 7TH STREET NW,4.0,4.0,Cluster 17,38.9607384188,-77.0224483661,16.0,20.0,5,Monday,Afternoon,1,ASSAULT W/DANGEROUS WEAPON,2024-05-20 17:54:17+00:00,17,2024,Day,Cluster 17,Medium
24062729,2024-04-27 06:55:14+00:00,2024-04-27 03:21:00+00:00,2024-04-27 03:45:00+00:00,MIDNIGHT,ASSAULT W/DANGEROUS WEAPON,1200 - 1219 BLOCK OF CONNECTICUT AVENUE NW,2.0,2.0,Cluster 6,38.9060618647,-77.0413573339,3.0,27.0,4,Saturday,Night,1,ASSAULT W/DANGEROUS WEAPON,2024-04-27 06:55:14+00:00,6,2024,Day,Cluster 6,Medium
24001359,2024-01-03 18:28:19+00:00,2024-01-03 16:43:00+00:00,2024-01-03 18:15:00+00:00,DAY,ASSAULT W/DANGEROUS WEAPON,2900 - 2999 BLOCK OF KNOX PLACE SE,8.0,7.0,Cluster 36,38.8545644303,-76.9705725705,16.0,3.0,1,Wednesday,Afternoon,1,ASSAULT W/DANGEROUS WEAPON,2024-01-03 18:28:19+00:00,18,2024,Night,Cluster 36,High
24146378,2024-09-22 07:02:41+00:00,2024-09-22 03:14:00+00:00,2024-09-22 07:02:00+00:00,MIDNIGHT,ASSAULT W/DANGEROUS WEAPON,512 - 601 BLOCK OF 50TH STREET NE,7.0,6.0,Cluster 31,38.8966370299,-76.9298964378,3.0,22.0,9,Sunday,Night,1,ASSAULT W/DANGEROUS WEAPON,2024-09-22 07:02:41+00:00,7,2024,Day,Cluster 31,High
24150449,2024-09-28 22:49:21+00:00,2024-09-28 20:06:00+00:00,,EVENING,ASSAULT W/DANGEROUS WEAPON,100 - 134 BLOCK OF WILMINGTON PLACE SE,8.0,7.0,Cluster 39,38.8366790556,-77.0051259569,20.0,28.0,9,Saturday,Night,1,ASSAULT W/DANGEROUS WEAPON,2024-09-28 22:49:21+00:00,22,2024,Night,Cluster 39,High
24081961,2024-05-31 05:33:01+00:00,2024-05-31 02:11:00+00:00,2024-05-31 03:00:00+00:00,MIDNIGHT,ASSAULT W/DANGEROUS WEAPON,1900 - 1927 BLOCK OF 16TH STREET SE,8.0,6.0,Cluster 34,38.8667565867,-76.982223805,2.0,31.0,5,Friday,Night,1,ASSAULT W/DANGEROUS WEAPON,2024-05-31 05:33:01+00:00,5,2024,Night,Cluster 34,High
24084840,2024-06-05 03:13:46+00:00,2024-06-05 00:50:00+00:00,2024-06-05 02:35:00+00:00,MIDNIGHT,ASSAULT W/DANGEROUS WEAPON,1600 - 1629 BLOCK OF MINNESOTA AVENUE SE,8.0,6.0,Cluster 34,38.8679815008,-76.9817348597,0.0,5.0,6,Wednesday,Night,1,ASSAULT W/DANGEROUS WEAPON,2024-06-05 03:13:46+00:00,3,2024,Night,Cluster 34,High
24156839,2024-10-10 00:27:46+00:00,2024-10-09 23:00:00+00:00,2024-10-09 23:28:00+00:00,EVENING,ASSAULT W/DANGEROUS WEAPON,1700 - 1722 BLOCK OF D STREET NE,7.0,5.0,Cluster 25,38.894780054,-76.9803164745,23.0,9.0,10,Wednesday,Night,1,ASSAULT W/DANGEROUS WEAPON,2024-10-10 00:27:46+00:00,0,2024,Night,Cluster 25,High
24161978,2024-10-19 05:15:18+00:00,2024-10-19 03:04:00+00:00,,MIDNIGHT,ASSAULT W/DANGEROUS WEAPON,3000 - 3010 BLOCK OF MARTIN LUTHER KING JR AVENUE SE,8.0,7.0,Cluster 39,38.8448654807,-76.997557565,3.0,19.0,10,Saturday,Night,1,ASSAULT W/DANGEROUS WEAPON,2024-10-19 05:15:18+00:00,5,2024,Night,Cluster 39,High
24077801,2024-05-24 01:46:38+00:00,2024-05-23 23:50:00+00:00,2024-05-24 01:27:00+00:00,EVENING,ASSAULT W/DANGEROUS WEAPON,HAMILTON STREET NW AND GEORGIA AVENUE NW,4.0,4.0,Cluster 18,38.9529058094,-77.027572254,23.0,23.0,5,Thursday,Night,1,ASSAULT W/DANGEROUS WEAPON,2024-05-24 01:46:38+00:00,1,2024,Night,Cluster 18,High
24115802,2024-07-29 03:51:59+00:00,2024-07-29 02:40:00+00:00,2024-07-29 03:39:00+00:00,MIDNIGHT,ASSAULT W/DANGEROUS WEAPON,5500 - 5529 BLOCK OF SOUTH DAKOTA AVENUE NE,4.0,4.0,Cluster 19,38.9556981975,-77.0008018355,2.0,29.0,7,Monday,Night,1,ASSAULT W/DANGEROUS WEAPON,2024-07-29 03:51:59+00:00,3,2024,Night,Cluster 19,Medium
24118167,2024-08-02 09:11:58+00:00,2024-08-02 08:03:00+00:00,2024-08-02 09:10:00+00:00,MIDNIGHT,ASSAULT W/DANGEROUS WEAPON,1100 - 1198 BLOCK OF EUCLID STREET NW,1.0,3.0,Cluster 2,38.9237628124,-77.0275376912,8.0,2.0,8,Friday,Morning,1,ASSAULT W/DANGEROUS WEAPON,2024-08-02 09:11:58+00:00,9,2024,Day,Cluster 2,High
24183436,2024-11-25 22:54:29+00:00,2024-11-25 20:14:00+00:00,2024-11-25 20:38:00+00:00,EVENING,ASSAULT W/DANGEROUS WEAPON,CONSTITUTION AVENUE NW AND 2ND STREET NW,6.0,1.0,Cluster 45,38.8920828195,-77.0136391052,20.0,25.0,11,Monday,Night,1,ASSAULT W/DANGEROUS WEAPON,2024-11-25 22:54:29+00:00,22,2024,Night,Cluster 45,Low
24185014,2024-11-29 04:39:43+00:00,2024-11-29 01:50:00+00:00,2024-11-29 04:30:00+00:00,MIDNIGHT,ASSAULT W/DANGEROUS WEAPON,3900 - 3999 BLOCK OF MARTIN LUTHER KING JR AVENUE SW,8.0,7.0,Cluster 39,38.8325609582,-77.0089972649,1.0,29.0,11,Friday,Night,1,ASSAULT W/DANGEROUS WEAPON,2024-11-29 04:39:43+00:00,4,2024,Night,Cluster 39,High
24119721,2024-08-05 07:36:53+00:00,2024-08-05 04:55:00+00:00,2024-08-05 04:57:00+00:00,MIDNIGHT,ASSAULT W/DANGEROUS WEAPON,3029 - 3299 BLOCK OF BUENA VISTA TERRACE SE,8.0,7.0,Cluster 36,38.8512617456,-76.9656042352,4.0,5.0,8,Monday,Night,1,ASSAULT W/DANGEROUS WEAPON,2024-08-05 07:36:53+00:00,7,2024,Day,Cluster 36,High
24000129,2024-01-01 10:04:52+00:00,2024-01-01 07:00:00+00:00,2024-01-01 07:05:00+00:00,MIDNIGHT,ASSAULT W/DANGEROUS WEAPON,1300 - 1399 BLOCK OF H STREET NE,6.0,1.0,Cluster 25,38.9001986979,-76.9869062421,7.0,1.0,1,Monday,Morning,1,ASSAULT W/DANGEROUS WEAPON,2024-01-01 10:04:52+00:00,10,2024,Day,Cluster 25,High
24148684,2024-09-25 23:45:41+00:00,2024-09-25 08:00:00+00:00,2024-09-25 10:00:00+00:00,EVENING,ASSAULT W/DANGEROUS WEAPON,2400 - 2448 BLOCK OF VIRGINIA AVENUE NW,2.0,2.0,Cluster 5,38.8980483719,-77.0517993673,8.0,25.0,9,Wednesday,Morning,1,ASSAULT W/DANGEROUS WEAPON,2024-09-25 23:45:41+00:00,23,2024,Night,Cluster 5,Low
24171465,2024-11-04 16:27:02+00:00,2024-11-04 14:50:00+00:00,2024-11-04 14:55:00+00:00,DAY,ASSAULT W/DANGEROUS WEAPON,3236 - 3246 BLOCK OF 15TH PLACE SE,8.0,7.0,Cluster 38,38.8481346377,-76.9826256965,14.0,4.0,11,Monday,Afternoon,1,ASSAULT W/DANGEROUS WEAPON,2024-11-04 16:27:02+00:00,16,2024,Day,Cluster 38,High
24173885,2024-11-08 23:37:15+00:00,2024-11-08 20:53:00+00:00,2024-11-08 23:20:00+00:00,EVENING,ASSAULT W/DANGEROUS WEAPON,600 - 718 BLOCK OF CHESAPEAKE STREET SE,8.0,7.0,Cluster 39,38.8292026565,-76.9973541389,20.0,8.0,11,Friday,Night,1,ASSAULT W/DANGEROUS WEAPON,2024-11-08 23:37:15+00:00,23,2024,Night,Cluster 39,High
24006967,2024-01-14 17:20:43+00:00,2024-01-14 16:15:00+00:00,,DAY,ASSAULT W/DANGEROUS WEAPON,3900 - 4099 BLOCK OF DAVIS PLACE NW,3.0,2.0,Cluster 14,38.9236240383,-77.0788813931,16.0,14.0,1,Sunday,Afternoon,1,ASSAULT W/DANGEROUS WEAPON,2024-01-14 17:20:43+00:00,17,2024,Day,Cluster 14,Medium
24199027,2024-12-25 07:40:42+00:00,2024-12-25 03:50:00+00:00,,MIDNIGHT,ASSAULT W/DANGEROUS WEAPON,1953 - 2099 BLOCK OF 19TH PLACE SE,8.0,7.0,Cluster 28,38.8646640502,-76.9775289645,3.0,25.0,12,Wednesday,Night,1,ASSAULT W/DANGEROUS WEAPON,2024-12-25 07:40:42+00:00,7,2024,Day,Cluster 28,Medium
24193241,2024-12-14 07:07:32+00:00,2024-12-14 04:01:00+00:00,2024-12-14 05:17:00+00:00,MIDNIGHT,ASSAULT W/DANGEROUS WEAPON,1900 - 2199 BLOCK OF SAVANNAH TERRACE SE,8.0,7.0,Cluster 38,38.848136645,-76.9761390018,4.0,14.0,12,Saturday,Night,1,ASSAULT W/DANGEROUS WEAPON,2024-12-14 07:07:32+00:00,7,2024,Day,Cluster 38,High
24198141,2024-12-23 09:46:09+00:00,2024-12-23 07:34:00+00:00,2024-12-23 09:00:00+00:00,MIDNIGHT,ASSAULT W/DANGEROUS WEAPON,2900 - 2999 BLOCK OF 30TH STREET SE,8.0,7.0,Cluster 36,38.8542163543,-76.9656825354,7.0,23.0,12,Monday,Morning,1,ASSAULT W/DANGEROUS WEAPON,2024-12-23 09:46:09+00:00,9,2024,Day,Cluster 36,High
24093047,2024-06-19 04:08:46+00:00,2024-06-19 01:45:00+00:00,2024-06-20 03:00:00+00:00,MIDNIGHT,ASSAULT W/DANGEROUS WEAPON,5200 - 5299 BLOCK OF 11TH STREET NE,5.0,4.0,Cluster 19,38.9550074118,-76.9915556582,1.0,19.0,6,Wednesday,Night,1,ASSAULT W/DANGEROUS WEAPON,2024-06-19 04:08:46+00:00,4,2024,Night,Cluster 19,Medium
24095545,2024-06-23 09:01:27+00:00,2024-06-23 07:39:00+00:00,2024-06-23 08:38:00+00:00,MIDNIGHT,ASSAULT W/DANGEROUS WEAPON,2600 - 2799 BLOCK OF JASPER STREET SE,8.0,7.0,Cluster 36,38.8517469483,-76.9692371871,7.0,23.0,6,Sunday,Morning,1,ASSAULT W/DANGEROUS WEAPON,2024-06-23 09:01:27+00:00,9,2024,Day,Cluster 36,High
24106026,2024-07-11 08:48:13+00:00,2024-07-11 07:24:00+00:00,2024-07-11 11:00:00+00:00,MIDNIGHT,ASSAULT W/DANGEROUS WEAPON,268 - 299 BLOCK OF 19TH STREET SE,7.0,1.0,Cluster 26,38.8857460827,-76.9772663348,7.0,11.0,7,Thursday,Morning,1,ASSAULT W/DANGEROUS WEAPON,2024-07-11 08:48:13+00:00,8,2024,Day,Cluster 26,Medium
24193428,2024-12-14 17:34:58+00:00,2024-12-14 16:41:00+00:00,2024-12-14 17:55:00+00:00,DAY,ASSAULT W/DANGEROUS WEAPON,5000 - 5099 BLOCK OF 1ST STREET NW,4.0,4.0,Cluster 19,38.9515801925,-77.0118319853,16.0,14.0,12,Saturday,Afternoon,1,ASSAULT W/DANGEROUS WEAPON,2024-12-14 17:34:58+00:00,17,2024,Day,Cluster 19,Medium
24150726,2024-09-29 09:51:27+00:00,2024-09-29 08:30:00+00:00,2024-09-29 08:58:00+00:00,MIDNIGHT,ASSAULT W/DANGEROUS WEAPON,1800 - 1841 BLOCK OF 6TH STREET NW,2.0,3.0,Cluster 3,38.9147760341,-77.0198992467,8.0,29.0,9,Sunday,Morning,1,ASSAULT W/DANGEROUS WEAPON,2024-09-29 09:51:27+00:00,9,2024,Day,Cluster 3,Medium
24019455,2024-02-07 17:46:23+00:00,2024-02-07 15:15:00+00:00,,DAY,ASSAULT W/DANGEROUS WEAPON,230 - 499 BLOCK OF 37TH STREET SE,7.0,6.0,Cluster 32,38.885085368,-76.9527702205,15.0,7.0,2,Wednesday,Afternoon,1,ASSAULT W/DANGEROUS WEAPON,2024-02-07 17:46:23+00:00,17,2024,Day,Cluster 32,High
24081090,2024-05-29 18:17:53+00:00,2024-05-29 16:44:00+00:00,2024-05-29 18:42:00+00:00,DAY,ASSAULT W/DANGEROUS WEAPON,3700 - 3799 BLOCK OF HORNER PLACE SE,8.0,7.0,Cluster 39,38.837067867,-77.0043606026,16.0,29.0,5,Wednesday,Afternoon,1,ASSAULT W/DANGEROUS WEAPON,2024-05-29 18:17:53+00:00,18,2024,Night,Cluster 39,High
24084321,2024-06-04 07:20:45+00:00,2024-06-04 04:25:00+00:00,,MIDNIGHT,ASSAULT W/DANGEROUS WEAPON,300 - 379 BLOCK OF P STREET SW,6.0,1.0,Cluster 9,38.8720385776,-77.0160796764,4.0,4.0,6,Tuesday,Night,1,ASSAULT W/DANGEROUS WEAPON,2024-06-04 07:20:45+00:00,7,2024,Day,Cluster 9,Medium
24078385,2024-05-25 02:24:53+00:00,2024-05-25 00:48:00+00:00,2024-05-25 01:31:00+00:00,EVENING,ASSAULT W/DANGEROUS WEAPON,1800 - 1869 BLOCK OF BENNING ROAD NE,5.0,5.0,Cluster 23,38.8989945496,-76.9769899359,0.0,25.0,5,Saturday,Night,1,ASSAULT W/DANGEROUS WEAPON,2024-05-25 02:24:53+00:00,2,2024,Night,Cluster 23,High
24114871,2024-07-27 09:08:08+00:00,2024-07-27 07:24:00+00:00,2024-07-27 07:26:00+00:00,MIDNIGHT,ASSAULT W/DANGEROUS WEAPON,2100 - 2199 BLOCK OF 8TH STREET NW,1.0,3.0,Cluster 3,38.9183918696,-77.0229493266,7.0,27.0,7,Saturday,Morning,1,ASSAULT W/DANGEROUS WEAPON,2024-07-27 09:08:08+00:00,9,2024,Day,Cluster 3,Medium
24043573,2024-03-23 00:33:56+00:00,2024-03-22 23:44:00+00:00,2024-03-23 00:34:00+00:00,EVENING,ASSAULT W/DANGEROUS WEAPON,500 - 599 BLOCK OF 21ST STREET NE,7.0,5.0,Cluster 25,38.8966405258,-76.9744499717,23.0,22.0,3,Friday,Night,1,ASSAULT W/DANGEROUS WEAPON,2024-03-23 00:33:56+00:00,0,2024,Night,Cluster 25,High
24044684,2024-03-25 11:53:52+00:00,2024-03-25 06:30:00+00:00,2024-03-25 08:00:00+00:00,DAY,ASSAULT W/DANGEROUS WEAPON,1800 - 1999 BLOCK OF LAWRENCE STREET NE,5.0,5.0,Cluster 22,38.932125299,-76.9778798864,6.0,25.0,3,Monday,Morning,1,ASSAULT W/DANGEROUS WEAPON,2024-03-25 11:53:52+00:00,11,2024,Day,Cluster 22,Medium
24099712,2024-06-30 07:14:05+00:00,2024-06-30 05:41:00+00:00,2024-06-30 06:30:00+00:00,MIDNIGHT,ASSAULT W/DANGEROUS WEAPON,4000 - 4121 BLOCK OF MINNESOTA AVENUE NE,7.0,6.0,Cluster 30,38.8966558827,-76.9476475094,5.0,30.0,6,Sunday,Night,1,ASSAULT W/DANGEROUS WEAPON,2024-06-30 07:14:05+00:00,7,2024,Day,Cluster 30,High
24085190,2024-06-05 18:02:15+00:00,2024-06-05 17:15:00+00:00,2024-06-05 18:00:00+00:00,DAY,ASSAULT W/DANGEROUS WEAPON,1100 - 1199 BLOCK OF 45TH STREET NE,7.0,6.0,Cluster 31,38.9055009442,-76.9371044722,17.0,5.0,6,Wednesday,Evening,1,ASSAULT W/DANGEROUS WEAPON,2024-06-05 18:02:15+00:00,18,2024,Night,Cluster 31,High
24087940,2024-06-10 11:21:04+00:00,2024-06-10 09:59:00+00:00,2024-06-10 11:30:00+00:00,DAY,ASSAULT W/DANGEROUS WEAPON,2900 - 2999 BLOCK OF KNOX PLACE SE,8.0,7.0,Cluster 36,38.8545644303,-76.9705725705,9.0,10.0,6,Monday,Morning,1,ASSAULT W/DANGEROUS WEAPON,2024-06-10 11:21:04+00:00,11,2024,Day,Cluster 36,High
24090936,2024-06-15 09:30:29+00:00,2024-06-15 07:50:00+00:00,,MIDNIGHT,ASSAULT W/DANGEROUS WEAPON,1200 - 1299 BLOCK OF H STREET NE,6.0,1.0,Cluster 25,38.9002009211,-76.9892742544,7.0,15.0,6,Saturday,Morning,1,ASSAULT W/DANGEROUS WEAPON,2024-06-15 09:30:29+00:00,9,2024,Day,Cluster 25,High
24119184,2024-08-04 05:28:30+00:00,2024-08-04 02:10:00+00:00,2024-08-04 05:20:00+00:00,MIDNIGHT,ASSAULT W/DANGEROUS WEAPON,4200 - 4299 BLOCK OF GARRISON STREET NW,3.0,2.0,Cluster 11,38.9559550009,-77.0826479725,2.0,4.0,8,Sunday,Night,1,ASSAULT W/DANGEROUS WEAPON,2024-08-04 05:28:30+00:00,5,2024,Night,Cluster 11,Low
24092533,2024-06-18 06:37:07+00:00,2024-06-18 04:11:00+00:00,,MIDNIGHT,ASSAULT W/DANGEROUS WEAPON,5000 - 5099 BLOCK OF A STREET SE,7.0,6.0,Cluster 33,38.8878678803,-76.9289311749,4.0,18.0,6,Tuesday,Night,1,ASSAULT W/DANGEROUS WEAPON,2024-06-18 06:37:07+00:00,6,2024,Day,Cluster 33,High
24094881,2024-06-22 07:19:58+00:00,2024-06-22 05:15:00+00:00,2024-06-22 07:30:00+00:00,MIDNIGHT,ASSAULT W/DANGEROUS WEAPON,2000 - 2099 BLOCK OF 16TH STREET SE,8.0,7.0,Cluster 28,38.8648977611,-76.9822985177,5.0,22.0,6,Saturday,Night,1,ASSAULT W/DANGEROUS WEAPON,2024-06-22 07:19:58+00:00,7,2024,Day,Cluster 28,Medium
24175300,2024-11-11 18:10:48+00:00,2024-11-11 15:08:00+00:00,2024-11-11 18:10:00+00:00,DAY,ASSAULT W/DANGEROUS WEAPON,6100 - 6199 BLOCK OF 16TH STREET NW,4.0,4.0,Cluster 17,38.9651249042,-77.0363844924,15.0,11.0,11,Monday,Afternoon,1,ASSAULT W/DANGEROUS WEAPON,2024-11-11 18:10:48+00:00,18,2024,Night,Cluster 17,Medium
24175525,2024-11-12 01:53:05+00:00,2024-11-11 22:28:00+00:00,2024-11-12 01:53:00+00:00,EVENING,ASSAULT W/DANGEROUS WEAPON,1920 - 2099 BLOCK OF BENNING ROAD NE,7.0,5.0,Cluster 25,38.8986142204,-76.974824299,22.0,11.0,11,Monday,Night,1,ASSAULT W/DANGEROUS WEAPON,2024-11-12 01:53:05+00:00,1,2024,Night,Cluster 25,High
24168311,2024-10-30 02:13:14+00:00,2024-10-29 22:37:00+00:00,2024-10-30 01:28:00+00:00,EVENING,ASSAULT W/DANGEROUS WEAPON,2000 - 2099 BLOCK OF 14TH STREET NW,1.0,3.0,Cluster 3,38.9175550432,-77.0319511026,22.0,29.0,10,Tuesday,Night,1,ASSAULT W/DANGEROUS WEAPON,2024-10-30 02:13:14+00:00,2,2024,Night,Cluster 3,Medium
24106525,2024-07-12 06:44:45+00:00,2024-07-12 05:35:00+00:00,2024-07-12 06:44:00+00:00,MIDNIGHT,ASSAULT W/DANGEROUS WEAPON,1000 - 1099 BLOCK OF EUCLID STREET NW,1.0,3.0,Cluster 2,38.9238356212,-77.0262698862,5.0,12.0,7,Friday,Night,1,ASSAULT W/DANGEROUS WEAPON,2024-07-12 06:44:45+00:00,6,2024,Day,Cluster 2,High
24111055,2024-07-20 12:20:22+00:00,2024-07-20 09:44:00+00:00,2024-07-27 12:00:00+00:00,DAY,ASSAULT W/DANGEROUS WEAPON,4000 - 4399 BLOCK OF 3RD STREET SE,8.0,7.0,Cluster 39,38.8287041339,-77.0020747667,9.0,20.0,7,Saturday,Morning,1,ASSAULT W/DANGEROUS WEAPON,2024-07-20 12:20:22+00:00,12,2024,Day,Cluster 39,High
24183611,2024-11-26 06:30:50+00:00,2024-11-26 04:02:00+00:00,2024-11-26 04:50:00+00:00,MIDNIGHT,ASSAULT W/DANGEROUS WEAPON,200 - 217 BLOCK OF 49TH STREET NE,7.0,6.0,Cluster 33,38.8922555965,-76.9329090452,4.0,26.0,11,Tuesday,Night,1,ASSAULT W/DANGEROUS WEAPON,2024-11-26 06:30:50+00:00,6,2024,Day,Cluster 33,High
24102276,2024-07-04 23:29:07+00:00,2024-07-04 21:16:00+00:00,2024-07-04 21:27:00+00:00,EVENING,ASSAULT W/DANGEROUS WEAPON,800 - 1099 BLOCK OF GALLOWAY STREET NE,5.0,4.0,Cluster 19,38.9535408431,-76.9925452324,21.0,4.0,7,Thursday,Night,1,ASSAULT W/DANGEROUS WEAPON,2024-07-04 23:29:07+00:00,23,2024,Night,Cluster 19,Medium
24138315,2024-09-08 03:31:32+00:00,2024-09-08 01:43:00+00:00,,MIDNIGHT,ASSAULT W/DANGEROUS WEAPON,2300 - 2399 BLOCK OF PENNSYLVANIA AVENUE SE,7.0,6.0,Cluster 34,38.8741198069,-76.972066947,1.0,8.0,9,Sunday,Night,1,ASSAULT W/DANGEROUS WEAPON,2024-09-08 03:31:32+00:00,3,2024,Night,Cluster 34,High
24190374,2024-12-09 04:09:41+00:00,2024-12-09 02:25:00+00:00,2024-12-09 04:00:00+00:00,MIDNIGHT,ASSAULT W/DANGEROUS WEAPON,700 - 747 BLOCK OF 19TH STREET NE,7.0,5.0,Cluster 25,38.898259762,-76.9766588607,2.0,9.0,12,Monday,Night,1,ASSAULT W/DANGEROUS WEAPON,2024-12-09 04:09:41+00:00,4,2024,Night,Cluster 25,High
24190695,2024-12-09 20:15:52+00:00,2024-12-08 17:23:00+00:00,2024-12-09 14:30:00+00:00,EVENING,ASSAULT W/DANGEROUS WEAPON,3200 - 3299 BLOCK OF CONNECTICUT AVENUE NW,3.0,2.0,Cluster 15,38.9326022063,-77.0567888198,17.0,8.0,12,Sunday,Evening,1,ASSAULT W/DANGEROUS WEAPON,2024-12-09 20:15:52+00:00,20,2024,Night,Cluster 15,Low
24191645,2024-12-11 07:59:56+00:00,2024-12-11 06:27:00+00:00,2024-12-11 07:00:00+00:00,MIDNIGHT,ASSAULT W/DANGEROUS WEAPON,600 - 699 BLOCK OF H STREET NE,6.0,1.0,Cluster 25,38.9002033642,-76.9973048161,6.0,11.0,12,Wednesday,Morning,1,ASSAULT W/DANGEROUS WEAPON,2024-12-11 07:59:56+00:00,7,2024,Day,Cluster 25,High
24187073,2024-12-03 08:51:04+00:00,2024-12-03 07:15:00+00:00,2024-12-03 09:15:00+00:00,MIDNIGHT,ASSAULT W/DANGEROUS WEAPON,300 - 399 BLOCK OF U STREET NE,5.0,5.0,Cluster 21,38.9169953926,-77.0013011513,7.0,3.0,12,Tuesday,Morning,1,ASSAULT W/DANGEROUS WEAPON,2024-12-03 08:51:04+00:00,8,2024,Day,Cluster 21,High
24040468,2024-03-17 16:57:43+00:00,2024-03-17 14:54:00+00:00,2024-03-17 16:00:00+00:00,DAY,ASSAULT W/DANGEROUS WEAPON,600 - 718 BLOCK OF CHESAPEAKE STREET SE,8.0,7.0,Cluster 39,38.8292026565,-76.9973541389,14.0,17.0,3,Sunday,Afternoon,1,ASSAULT W/DANGEROUS WEAPON,2024-03-17 16:57:43+00:00,16,2024,Day,Cluster 39,High
24045051,2024-03-25 22:17:17+00:00,2024-03-25 20:50:00+00:00,2024-03-25 20:52:00+00:00,EVENING,ASSAULT W/DANGEROUS WEAPON,3700 - 3769 BLOCK OF 10TH STREET NW,4.0,4.0,Cluster 18,38.9363009289,-77.0271892455,20.0,25.0,3,Monday,Night,1,ASSAULT W/DANGEROUS WEAPON,2024-03-25 22:17:17+00:00,22,2024,Night,Cluster 18,High
24051862,2024-04-07 22:28:20+00:00,2024-04-07 16:55:00+00:00,2024-04-07 20:22:00+00:00,EVENING,ASSAULT W/DANGEROUS WEAPON,600 - 699 BLOCK OF MORTON PLACE NE,6.0,5.0,Cluster 25,38.9043968434,-76.9973030436,16.0,7.0,4,Sunday,Afternoon,1,ASSAULT W/DANGEROUS WEAPON,2024-04-07 22:28:20+00:00,22,2024,Night,Cluster 25,High
24081922,2024-05-31 02:14:00+00:00,2024-05-30 23:56:00+00:00,,EVENING,ASSAULT W/DANGEROUS WEAPON,600 - 699 BLOCK OF HAMLIN STREET NE,5.0,5.0,Cluster 21,38.9274187997,-76.9969649589,23.0,30.0,5,Thursday,Night,1,ASSAULT W/DANGEROUS WEAPON,2024-05-31 02:14:00+00:00,2,2024,Night,Cluster 21,High
24067194,2024-05-05 05:17:27+00:00,2024-05-05 02:53:00+00:00,2024-05-05 02:55:00+00:00,MIDNIGHT,ASSAULT W/DANGEROUS WEAPON,6300 - 6303 BLOCK OF PINEY BRANCH ROAD NW,4.0,4.0,Cluster 17,38.9662649762,-77.0286526184,2.0,5.0,5,Sunday,Night,1,ASSAULT W/DANGEROUS WEAPON,2024-05-05 05:17:27+00:00,5,2024,Night,Cluster 17,Medium
24194856,2024-12-17 10:00:00+00:00,2024-12-17 08:04:00+00:00,2024-12-17 09:00:00+00:00,MIDNIGHT,ASSAULT W/DANGEROUS WEAPON,5200 - 5299 BLOCK OF GEORGIA AVENUE NW,4.0,4.0,Cluster 18,38.9534936698,-77.0276535855,8.0,17.0,12,Tuesday,Morning,1,ASSAULT W/DANGEROUS WEAPON,2024-12-17 10:00:00+00:00,10,2024,Day,Cluster 18,High
24109783,2024-07-18 02:02:04+00:00,2024-07-18 00:36:00+00:00,2024-07-18 01:00:00+00:00,EVENING,ASSAULT W/DANGEROUS WEAPON,600 - 699 BLOCK OF H STREET NW,2.0,1.0,Cluster 8,38.8998119121,-77.0209122021,0.0,18.0,7,Thursday,Night,1,ASSAULT W/DANGEROUS WEAPON,2024-07-18 02:02:04+00:00,2,2024,Night,Cluster 8,Medium
24111041,2024-07-20 10:30:37+00:00,2024-07-20 08:28:00+00:00,2024-07-20 10:18:00+00:00,MIDNIGHT,ASSAULT W/DANGEROUS WEAPON,4200 - 4299 BLOCK OF HILLSIDE ROAD SE,7.0,6.0,Cluster 33,38.8764923642,-76.9388590295,8.0,20.0,7,Saturday,Morning,1,ASSAULT W/DANGEROUS WEAPON,2024-07-20 10:30:37+00:00,10,2024,Day,Cluster 33,High
24114837,2024-07-27 08:22:08+00:00,2024-07-27 04:05:00+00:00,2024-07-27 04:37:00+00:00,MIDNIGHT,ASSAULT W/DANGEROUS WEAPON,4500 - 4599 BLOCK OF GEORGIA AVENUE NW,4.0,4.0,Cluster 18,38.9455922443,-77.0264721624,4.0,27.0,7,Saturday,Night,1,ASSAULT W/DANGEROUS WEAPON,2024-07-27 08:22:08+00:00,8,2024,Day,Cluster 18,High
24136675,2024-09-05 01:06:50+00:00,2024-09-04 20:37:00+00:00,2024-09-04 20:40:00+00:00,EVENING,ASSAULT W/DANGEROUS WEAPON,2500 - 2599 BLOCK OF PENNSYLVANIA AVENUE SE,7.0,6.0,Cluster 34,38.8732016065,-76.9699922042,20.0,4.0,9,Wednesday,Night,1,ASSAULT W/DANGEROUS WEAPON,2024-09-05 01:06:50+00:00,1,2024,Night,Cluster 34,High
24077967,2024-05-24 09:31:49+00:00,2024-05-24 08:15:00+00:00,2024-05-24 09:20:00+00:00,MIDNIGHT,ASSAULT W/DANGEROUS WEAPON,3000 - 3099 BLOCK OF RODMAN STREET NW,3.0,2.0,Cluster 15,38.9382414145,-77.0613987583,8.0,24.0,5,Friday,Morning,1,ASSAULT W/DANGEROUS WEAPON,2024-05-24 09:31:49+00:00,9,2024,Day,Cluster 15,Low
24055956,2024-04-14 18:43:51+00:00,2024-04-14 18:05:00+00:00,2024-04-14 18:44:00+00:00,DAY,ASSAULT W/DANGEROUS WEAPON,1400 - 1499 BLOCK OF SAVANNAH STREET SE,8.0,7.0,Cluster 38,38.8444599248,-76.9839834823,18.0,14.0,4,Sunday,Evening,1,ASSAULT W/DANGEROUS WEAPON,2024-04-14 18:43:51+00:00,18,2024,Night,Cluster 38,High
24016034,2024-02-01 10:15:37+00:00,2024-02-01 06:45:00+00:00,2024-02-01 06:50:00+00:00,MIDNIGHT,ASSAULT W/DANGEROUS WEAPON,G STREET NW AND 9TH STREET NW,2.0,2.0,Cluster 8,38.898446559,-77.023965001,6.0,1.0,2,Thursday,Morning,1,ASSAULT W/DANGEROUS WEAPON,2024-02-01 10:15:37+00:00,10,2024,Day,Cluster 8,Medium
24018009,2024-02-05 03:34:21+00:00,2024-02-05 02:08:00+00:00,2024-02-05 02:09:00+00:00,EVENING,ASSAULT W/DANGEROUS WEAPON,400 - 499 BLOCK OF MITCH SNYDER PLACE NW,6.0,1.0,Cluster 8,38.895449605,-77.0136577317,2.0,5.0,2,Monday,Night,1,ASSAULT W/DANGEROUS WEAPON,2024-02-05 03:34:21+00:00,3,2024,Night,Cluster 8,Medium
24179165,2024-11-18 14:59:39+00:00,2024-11-18 13:17:00+00:00,2024-11-18 14:30:00+00:00,DAY,ASSAULT W/DANGEROUS WEAPON,400 - 763 BLOCK OF VALLEY AVENUE SE,8.0,7.0,Cluster 39,38.8345205281,-76.9981790882,13.0,18.0,11,Monday,Afternoon,1,ASSAULT W/DANGEROUS WEAPON,2024-11-18 14:59:39+00:00,14,2024,Day,Cluster 39,High
24014345,2024-01-29 17:13:26+00:00,2024-01-29 10:54:00+00:00,2024-01-29 15:18:00+00:00,DAY,ASSAULT W/DANGEROUS WEAPON,3700 - 3799 BLOCK OF 14TH STREET NW,4.0,4.0,Cluster 18,38.9373434803,-77.0327301113,10.0,29.0,1,Monday,Morning,1,ASSAULT W/DANGEROUS WEAPON,2024-01-29 17:13:26+00:00,17,2024,Day,Cluster 18,High
24022542,2024-02-13 05:36:16+00:00,2024-02-13 03:11:00+00:00,2024-02-13 05:13:00+00:00,MIDNIGHT,ASSAULT W/DANGEROUS WEAPON,3600 - 3698 BLOCK OF MARTIN LUTHER KING JR AVENUE SE,8.0,7.0,Cluster 39,38.8387234375,-77.0054912201,3.0,13.0,2,Tuesday,Night,1,ASSAULT W/DANGEROUS WEAPON,2024-02-13 05:36:16+00:00,5,2024,Night,Cluster 39,High
24150733,2024-09-29 11:31:46+00:00,2024-09-29 09:26:00+00:00,2024-09-29 11:10:00+00:00,DAY,ASSAULT W/DANGEROUS WEAPON,400 - 599 BLOCK OF BRANDYWINE STREET SE,8.0,7.0,Cluster 39,38.8300809364,-76.999534284,9.0,29.0,9,Sunday,Morning,1,ASSAULT W/DANGEROUS WEAPON,2024-09-29 11:31:46+00:00,11,2024,Day,Cluster 39,High
24187029,2024-12-03 05:15:05+00:00,2024-12-03 03:33:00+00:00,2024-12-03 05:00:00+00:00,MIDNIGHT,ASSAULT W/DANGEROUS WEAPON,1400 - 1499 BLOCK OF RHODE ISLAND AVENUE NW,2.0,2.0,Cluster 7,38.9083815792,-77.0332543288,3.0,3.0,12,Tuesday,Night,1,ASSAULT W/DANGEROUS WEAPON,2024-12-03 05:15:05+00:00,5,2024,Night,Cluster 7,Medium
24133750,2024-08-30 22:25:28+00:00,2024-08-30 18:50:00+00:00,2024-08-30 22:15:00+00:00,EVENING,ASSAULT W/DANGEROUS WEAPON,4800 - 4899 BLOCK OF 1ST STREET SW,8.0,7.0,Cluster 39,38.8208108108,-77.0053301375,18.0,30.0,8,Friday,Evening,1,ASSAULT W/DANGEROUS WEAPON,2024-08-30 22:25:28+00:00,22,2024,Night,Cluster 39,High
24119694,2024-08-05 03:53:40+00:00,2024-08-05 02:45:00+00:00,2024-08-05 03:01:00+00:00,MIDNIGHT,ASSAULT W/DANGEROUS WEAPON,100 - 146 BLOCK OF WAYNE PLACE SE,8.0,7.0,Cluster 39,38.835153937,-77.0048200518,2.0,5.0,8,Monday,Night,1,ASSAULT W/DANGEROUS WEAPON,2024-08-05 03:53:40+00:00,3,2024,Night,Cluster 39,High
24122303,2024-08-10 04:38:36+00:00,2024-08-10 02:08:00+00:00,2024-08-10 02:38:00+00:00,MIDNIGHT,ASSAULT W/DANGEROUS WEAPON,1810 - 1899 BLOCK OF Q STREET NW,2.0,2.0,Cluster 6,38.9111288307,-77.0427428335,2.0,10.0,8,Saturday,Night,1,ASSAULT W/DANGEROUS WEAPON,2024-08-10 04:38:36+00:00,4,2024,Night,Cluster 6,Medium
24060995,2024-04-24 06:17:42+00:00,2024-04-24 03:30:00+00:00,2024-04-24 06:17:00+00:00,MIDNIGHT,ASSAULT W/DANGEROUS WEAPON,4700 - 4949 BLOCK OF NORTH CAPITOL STREET,5.0,4.0,Cluster 19,38.9493337981,-77.008779603,3.0,24.0,4,Wednesday,Night,1,ASSAULT W/DANGEROUS WEAPON,2024-04-24 06:17:42+00:00,6,2024,Day,Cluster 19,Medium
24196481,2024-12-20 06:44:52+00:00,2024-12-20 03:18:00+00:00,2024-12-20 03:30:00+00:00,MIDNIGHT,ASSAULT W/DANGEROUS WEAPON,1737 - 1776 BLOCK OF COLUMBIA ROAD NW,1.0,3.0,Cluster 1,38.9238698908,-77.0408755892,3.0,20.0,12,Friday,Night,1,ASSAULT W/DANGEROUS WEAPON,2024-12-20 06:44:52+00:00,6,2024,Day,Cluster 1,Medium
24064970,2024-05-01 08:17:25+00:00,2024-05-01 05:22:00+00:00,2024-05-01 05:30:00+00:00,MIDNIGHT,ASSAULT W/DANGEROUS WEAPON,1800 - 1899 BLOCK OF KENDALL STREET NE,5.0,5.0,Cluster 23,38.9120477704,-76.9863912061,5.0,1.0,5,Wednesday,Night,1,ASSAULT W/DANGEROUS WEAPON,2024-05-01 08:17:25+00:00,8,2024,Day,Cluster 23,High
24099706,2024-06-30 06:33:34+00:00,2024-06-30 04:57:00+00:00,2024-06-30 06:33:00+00:00,MIDNIGHT,ASSAULT W/DANGEROUS WEAPON,6100 - 6199 BLOCK OF BANKS PLACE NE,7.0,6.0,Cluster 31,38.8919676806,-76.9129799415,4.0,30.0,6,Sunday,Night,1,ASSAULT W/DANGEROUS WEAPON,2024-06-30 06:33:34+00:00,6,2024,Day,Cluster 31,High
24144459,2024-09-19 00:38:41+00:00,2024-09-18 22:04:00+00:00,2024-09-18 22:40:00+00:00,EVENING,ASSAULT W/DANGEROUS WEAPON,1649 - 1799 BLOCK OF MARION BARRY AVENUE SE,8.0,7.0,Cluster 28,38.8658731872,-76.9801688908,22.0,18.0,9,Wednesday,Night,1,ASSAULT W/DANGEROUS WEAPON,2024-09-19 00:38:41+00:00,0,2024,Night,Cluster 28,Medium
24030695,2024-02-28 13:29:26+00:00,2024-02-28 12:15:00+00:00,,DAY,ASSAULT W/DANGEROUS WEAPON,9TH STREET NE AND T STREET NE,5.0,5.0,Cluster 22,38.915547078,-76.9937404617,12.0,28.0,2,Wednesday,Afternoon,1,ASSAULT W/DANGEROUS WEAPON,2024-02-28 13:29:26+00:00,13,2024,Day,Cluster 22,Medium
24153992,2024-10-05 02:52:39+00:00,2024-10-05 00:30:00+00:00,,EVENING,ASSAULT W/DANGEROUS WEAPON,400 - 499 BLOCK OF 55TH STREET NE,7.0,6.0,Cluster 31,38.8952167336,-76.9218861588,0.0,5.0,10,Saturday,Night,1,ASSAULT W/DANGEROUS WEAPON,2024-10-05 02:52:39+00:00,2,2024,Night,Cluster 31,High
24139464,2024-09-10 06:03:56+00:00,2024-09-10 03:10:00+00:00,,MIDNIGHT,ASSAULT W/DANGEROUS WEAPON,5700 - 5799 BLOCK OF FOOTE STREET NE,7.0,6.0,Cluster 31,38.8971435925,-76.9184638761,3.0,10.0,9,Tuesday,Night,1,ASSAULT W/DANGEROUS WEAPON,2024-09-10 06:03:56+00:00,6,2024,Day,Cluster 31,High
24121756,2024-08-09 02:05:30+00:00,2024-08-09 00:46:00+00:00,2024-08-09 00:48:00+00:00,EVENING,ASSAULT W/DANGEROUS WEAPON,6008 - 6099 BLOCK OF EASTERN AVENUE NE,4.0,4.0,Cluster 19,38.9634376438,-76.9995622311,0.0,9.0,8,Friday,Night,1,ASSAULT W/DANGEROUS WEAPON,2024-08-09 02:05:30+00:00,2,2024,Night,Cluster 19,Medium
24168185,2024-10-30 01:33:24+00:00,2024-10-29 20:08:00+00:00,2024-10-29 22:10:00+00:00,EVENING,ASSAULT W/DANGEROUS WEAPON,1900 - 2199 BLOCK OF SAVANNAH TERRACE SE,8.0,7.0,Cluster 38,38.848136645,-76.9761390018,20.0,29.0,10,Tuesday,Night,1,ASSAULT W/DANGEROUS WEAPON,2024-10-30 01:33:24+00:00,1,2024,Night,Cluster 38,High
24112958,2024-07-23 22:06:53+00:00,2024-07-23 20:01:00+00:00,2024-07-23 22:00:00+00:00,EVENING,ASSAULT W/DANGEROUS WEAPON,WHITNEY M YOUNG BRIDGE (BRIDGE),7.0,1.0,Cluster 46,38.8898409606,-76.9646945183,20.0,23.0,7,Tuesday,Night,1,ASSAULT W/DANGEROUS WEAPON,2024-07-23 22:06:53+00:00,22,2024,Night,Cluster 46,Low
24075511,2024-05-20 17:40:00+00:00,2024-05-20 12:40:00+00:00,2024-05-20 14:57:00+00:00,DAY,ASSAULT W/DANGEROUS WEAPON,2100 - 2199 BLOCK OF 13TH STREET NW,1.0,3.0,Cluster 3,38.9186477371,-77.0296199819,12.0,20.0,5,Monday,Afternoon,1,ASSAULT W/DANGEROUS WEAPON,2024-05-20 17:40:00+00:00,17,2024,Day,Cluster 3,Medium
24158536,2024-10-13 01:36:41+00:00,2024-10-13 00:39:00+00:00,2024-10-13 01:37:00+00:00,EVENING,ASSAULT W/DANGEROUS WEAPON,5900 - 5999 BLOCK OF GEORGIA AVENUE NW,4.0,4.0,Cluster 17,38.9619795615,-77.0279498335,0.0,13.0,10,Sunday,Night,1,ASSAULT W/DANGEROUS WEAPON,2024-10-13 01:36:41+00:00,1,2024,Night,Cluster 17,Medium
24162936,2024-10-20 21:38:57+00:00,2024-10-20 20:03:00+00:00,2024-10-20 21:39:00+00:00,EVENING,ASSAULT W/DANGEROUS WEAPON,3704 - 3899 BLOCK OF WHEELER ROAD SE,8.0,7.0,Cluster 39,38.837734283,-76.9935207405,20.0,20.0,10,Sunday,Night,1,ASSAULT W/DANGEROUS WEAPON,2024-10-20 21:38:57+00:00,21,2024,Night,Cluster 39,High
24183607,2024-11-26 04:47:32+00:00,2024-11-26 03:36:00+00:00,2024-11-26 03:50:00+00:00,MIDNIGHT,ASSAULT W/DANGEROUS WEAPON,900 - 999 BLOCK OF RHODE ISLAND AVENUE NE,5.0,5.0,Cluster 22,38.9222166046,-76.9931402028,3.0,26.0,11,Tuesday,Night,1,ASSAULT W/DANGEROUS WEAPON,2024-11-26 04:47:32+00:00,4,2024,Night,Cluster 22,Medium
24146210,2024-09-22 00:28:38+00:00,2024-09-21 21:27:00+00:00,2024-09-22 00:30:00+00:00,EVENING,ASSAULT W/DANGEROUS WEAPON,1300 - 1399 BLOCK OF 7TH STREET NW,2.0,3.0,Cluster 7,38.9079053723,-77.0219167167,21.0,21.0,9,Saturday,Night,1,ASSAULT W/DANGEROUS WEAPON,2024-09-22 00:28:38+00:00,0,2024,Night,Cluster 7,Medium
24002342,2024-01-05 16:29:12+00:00,2024-01-05 14:42:00+00:00,2024-01-05 16:00:00+00:00,DAY,ASSAULT W/DANGEROUS WEAPON,1341 - 1349 BLOCK OF FLORIDA AVENUE NE,6.0,5.0,Cluster 25,38.9012797723,-76.9867415334,14.0,5.0,1,Friday,Afternoon,1,ASSAULT W/DANGEROUS WEAPON,2024-01-05 16:29:12+00:00,16,2024,Day,Cluster 25,High
24005795,2024-01-12 10:11:10+00:00,2024-01-12 08:46:00+00:00,,MIDNIGHT,ASSAULT W/DANGEROUS WEAPON,3301 - 3399 BLOCK OF BENNING ROAD NE,7.0,6.0,Cluster 32,38.8967230746,-76.9588796709,8.0,12.0,1,Friday,Morning,1,ASSAULT W/DANGEROUS WEAPON,2024-01-12 10:11:10+00:00,10,2024,Day,Cluster 32,High
24008967,2024-01-19 00:51:42+00:00,2024-01-18 22:57:00+00:00,2024-01-19 00:25:00+00:00,EVENING,ASSAULT W/DANGEROUS WEAPON,4800 - 4899 BLOCK OF NANNIE HELEN BURROUGHS AVENUE NE,7.0,6.0,Cluster 31,38.8987906035,-76.932711419,22.0,18.0,1,Thursday,Night,1,ASSAULT W/DANGEROUS WEAPON,2024-01-19 00:51:42+00:00,0,2024,Night,Cluster 31,High
24153534,2024-10-04 08:51:28+00:00,2024-10-04 05:38:00+00:00,2024-10-04 08:20:00+00:00,MIDNIGHT,ASSAULT W/DANGEROUS WEAPON,900 - 999 BLOCK OF SHERIDAN STREET NW,4.0,4.0,Cluster 17,38.9661319168,-77.0267845339,5.0,4.0,10,Friday,Night,1,ASSAULT W/DANGEROUS WEAPON,2024-10-04 08:51:28+00:00,8,2024,Day,Cluster 17,Medium
24158782,2024-10-13 14:05:25+00:00,2024-10-13 12:26:00+00:00,2024-10-13 14:50:00+00:00,DAY,ASSAULT W/DANGEROUS WEAPON,2100 - 2199 BLOCK OF 24TH PLACE NE,5.0,5.0,Cluster 22,38.9204575335,-76.971562629,12.0,13.0,10,Sunday,Afternoon,1,ASSAULT W/DANGEROUS WEAPON,2024-10-13 14:05:25+00:00,14,2024,Day,Cluster 22,Medium
24158842,2024-10-13 17:48:09+00:00,2024-10-13 15:26:00+00:00,2024-10-13 16:20:00+00:00,DAY,ASSAULT W/DANGEROUS WEAPON,1100 - 1399 BLOCK OF STEVENS ROAD SE,8.0,7.0,Cluster 37,38.8593519991,-76.999875854,15.0,13.0,10,Sunday,Afternoon,1,ASSAULT W/DANGEROUS WEAPON,2024-10-13 17:48:09+00:00,17,2024,Day,Cluster 37,High
24101758,2024-07-04 00:42:56+00:00,2024-07-03 18:30:00+00:00,2024-07-03 21:33:00+00:00,EVENING,ASSAULT W/DANGEROUS WEAPON,3300 - 3399 BLOCK OF 10TH PLACE SE,8.0,7.0,Cluster 39,38.8418187534,-76.9920297887,18.0,3.0,7,Wednesday,Evening,1,ASSAULT W/DANGEROUS WEAPON,2024-07-04 00:42:56+00:00,0,2024,Night,Cluster 39,High
24182464,2024-11-24 05:20:31+00:00,2024-11-24 03:30:00+00:00,2024-11-24 03:31:00+00:00,MIDNIGHT,ASSAULT W/DANGEROUS WEAPON,1400 - 1498 BLOCK OF OKIE STREET NE,5.0,5.0,Cluster 23,38.9147571652,-76.9839276423,3.0,24.0,11,Sunday,Night,1,ASSAULT W/DANGEROUS WEAPON,2024-11-24 05:20:31+00:00,5,2024,Night,Cluster 23,High
24113612,2024-07-25 00:06:01+00:00,2024-07-24 21:54:00+00:00,2024-07-25 00:00:00+00:00,EVENING,ASSAULT W/DANGEROUS WEAPON,500 - 599 BLOCK OF 24TH STREET NE,7.0,5.0,Cluster 25,38.897131,-76.9724572573,21.0,24.0,7,Wednesday,Night,1,ASSAULT W/DANGEROUS WEAPON,2024-07-25 00:06:01+00:00,0,2024,Night,Cluster 25,High
24061986,2024-04-25 23:41:42+00:00,2024-04-25 22:15:00+00:00,2024-04-25 23:40:00+00:00,EVENING,ASSAULT W/DANGEROUS WEAPON,3116 - 3131 BLOCK OF ALABAMA AVENUE SE,7.0,6.0,Cluster 35,38.861695498,-76.9618892263,22.0,25.0,4,Thursday,Night,1,ASSAULT W/DANGEROUS WEAPON,2024-04-25 23:41:42+00:00,23,2024,Night,Cluster 35,Medium
24065126,2024-05-01 16:13:16+00:00,2024-05-01 13:00:00+00:00,2024-05-01 13:27:00+00:00,DAY,ASSAULT W/DANGEROUS WEAPON,3300 - 3399 BLOCK OF 14TH PLACE SE,8.0,7.0,Cluster 38,38.843456639,-76.9844360998,13.0,1.0,5,Wednesday,Afternoon,1,ASSAULT W/DANGEROUS WEAPON,2024-05-01 16:13:16+00:00,16,2024,Day,Cluster 38,High
24193391,2024-12-14 17:01:24+00:00,2024-12-14 14:47:00+00:00,,DAY,ASSAULT W/DANGEROUS WEAPON,900 - 1199 BLOCK OF 4TH STREET SW,6.0,1.0,Cluster 9,38.8778666066,-77.0176347386,14.0,14.0,12,Saturday,Afternoon,1,ASSAULT W/DANGEROUS WEAPON,2024-12-14 17:01:24+00:00,17,2024,Day,Cluster 9,Medium
24050951,2024-04-06 03:07:50+00:00,2024-04-05 19:36:00+00:00,2024-04-06 02:18:00+00:00,MIDNIGHT,ASSAULT W/DANGEROUS WEAPON,3000 - 3199 BLOCK OF NAYLOR ROAD SE,8.0,7.0,Cluster 36,38.8531334276,-76.9640406795,19.0,5.0,4,Friday,Evening,1,ASSAULT W/DANGEROUS WEAPON,2024-04-06 03:07:50+00:00,3,2024,Night,Cluster 36,High
24052498,2024-04-08 21:05:48+00:00,2024-04-08 19:30:00+00:00,,EVENING,ASSAULT W/DANGEROUS WEAPON,1500 - 1522 BLOCK OF NORTH CAPITOL STREET,5.0,5.0,Cluster 21,38.9100071926,-77.0090509011,19.0,8.0,4,Monday,Evening,1,ASSAULT W/DANGEROUS WEAPON,2024-04-08 21:05:48+00:00,21,2024,Night,Cluster 21,High
24053919,2024-04-11 03:32:02+00:00,2024-04-11 02:34:00+00:00,2024-04-11 02:40:00+00:00,MIDNIGHT,ASSAULT W/DANGEROUS WEAPON,1700 - 1799 BLOCK OF BENNING ROAD NE,5.0,5.0,Cluster 23,38.8992501174,-76.9784090744,2.0,11.0,4,Thursday,Night,1,ASSAULT W/DANGEROUS WEAPON,2024-04-11 03:32:02+00:00,3,2024,Night,Cluster 23,High
24119207,2024-08-04 09:29:01+00:00,2024-08-04 05:07:00+00:00,2024-08-04 07:00:00+00:00,MIDNIGHT,ASSAULT W/DANGEROUS WEAPON,893 - 1099 BLOCK OF BELLEVUE STREET SE,8.0,7.0,Cluster 39,38.8321776432,-76.9891862883,5.0,4.0,8,Sunday,Night,1,ASSAULT W/DANGEROUS WEAPON,2024-08-04 09:29:01+00:00,9,2024,Day,Cluster 39,High
24075700,2024-05-20 23:47:50+00:00,2024-05-20 18:15:00+00:00,2024-05-20 20:15:00+00:00,EVENING,ASSAULT W/DANGEROUS WEAPON,4810 - 4899 BLOCK OF BENNING ROAD SE,7.0,6.0,Cluster 33,38.8807964353,-76.9326683422,18.0,20.0,5,Monday,Evening,1,ASSAULT W/DANGEROUS WEAPON,2024-05-20 23:47:50+00:00,23,2024,Night,Cluster 33,High
24076320,2024-05-21 20:28:33+00:00,2024-05-21 18:20:00+00:00,2024-05-21 20:00:00+00:00,EVENING,ASSAULT W/DANGEROUS WEAPON,1200 - 1229 BLOCK OF 1ST STREET NE,6.0,5.0,Cluster 25,38.9060439932,-77.0058844882,18.0,21.0,5,Tuesday,Evening,1,ASSAULT W/DANGEROUS WEAPON,2024-05-21 20:28:33+00:00,20,2024,Night,Cluster 25,High
24077106,2024-05-23 01:02:28+00:00,2024-05-22 21:42:00+00:00,,EVENING,ASSAULT W/DANGEROUS WEAPON,600 - 666 BLOCK OF NICHOLSON STREET NE,4.0,4.0,Cluster 19,38.9587982658,-76.9970344642,21.0,22.0,5,Wednesday,Night,1,ASSAULT W/DANGEROUS WEAPON,2024-05-23 01:02:28+00:00,1,2024,Night,Cluster 19,Medium
24077903,2024-05-24 05:47:33+00:00,2024-05-24 02:57:00+00:00,,MIDNIGHT,ASSAULT W/DANGEROUS WEAPON,3400 - 3499 BLOCK OF B STREET SE,7.0,6.0,Cluster 32,38.8875862928,-76.9567935713,2.0,24.0,5,Friday,Night,1,ASSAULT W/DANGEROUS WEAPON,2024-05-24 05:47:33+00:00,5,2024,Night,Cluster 32,High
24030125,2024-02-27 12:47:00+00:00,2024-02-27 12:25:00+00:00,2024-02-27 12:47:00+00:00,DAY,ASSAULT W/DANGEROUS WEAPON,2400 - 2699 BLOCK OF POMEROY ROAD SE,8.0,7.0,Cluster 37,38.8552029073,-76.9897309123,12.0,27.0,2,Tuesday,Afternoon,1,ASSAULT W/DANGEROUS WEAPON,2024-02-27 12:47:00+00:00,12,2024,Day,Cluster 37,High
24032432,2024-03-02 19:43:59+00:00,2024-03-02 18:23:00+00:00,,DAY,ASSAULT W/DANGEROUS WEAPON,1000 - 1099 BLOCK OF H STREET NE,6.0,1.0,Cluster 25,38.9002005148,-76.9920854122,18.0,2.0,3,Saturday,Evening,1,ASSAULT W/DANGEROUS WEAPON,2024-03-02 19:43:59+00:00,19,2024,Night,Cluster 25,High
24197137,2024-12-21 07:54:45+00:00,2024-12-21 05:30:00+00:00,2024-12-21 07:45:00+00:00,MIDNIGHT,ASSAULT W/DANGEROUS WEAPON,3700 - 3851 BLOCK OF 9TH STREET SE,8.0,7.0,Cluster 39,38.8348859806,-76.9941948591,5.0,21.0,12,Saturday,Night,1,ASSAULT W/DANGEROUS WEAPON,2024-12-21 07:54:45+00:00,7,2024,Day,Cluster 39,High
24200245,2024-12-28 07:38:00+00:00,2024-12-28 02:50:00+00:00,2024-12-28 06:35:00+00:00,MIDNIGHT,ASSAULT W/DANGEROUS WEAPON,6200 - 6299 BLOCK OF NEW HAMPSHIRE AVENUE NE,4.0,4.0,Cluster 19,38.9653880793,-77.0027084954,2.0,28.0,12,Saturday,Night,1,ASSAULT W/DANGEROUS WEAPON,2024-12-28 07:38:00+00:00,7,2024,Day,Cluster 19,Medium
24086063,2024-06-07 01:59:28+00:00,2024-06-06 23:47:00+00:00,,EVENING,ASSAULT W/DANGEROUS WEAPON,4900 - 5199 BLOCK OF JUST STREET NE,7.0,6.0,Cluster 31,38.9026571985,-76.9286429402,23.0,6.0,6,Thursday,Night,1,ASSAULT W/DANGEROUS WEAPON,2024-06-07 01:59:28+00:00,1,2024,Night,Cluster 31,High
24041430,2024-03-19 05:53:12+00:00,2024-03-19 04:30:00+00:00,2024-03-19 05:00:00+00:00,MIDNIGHT,ASSAULT W/DANGEROUS WEAPON,6100 - 6199 BLOCK OF 13TH STREET NW,4.0,4.0,Cluster 17,38.9647238758,-77.0299680987,4.0,19.0,3,Tuesday,Night,1,ASSAULT W/DANGEROUS WEAPON,2024-03-19 05:53:12+00:00,5,2024,Night,Cluster 17,Medium
24069278,2024-05-09 02:24:19+00:00,2024-05-09 01:00:00+00:00,2024-05-09 01:50:00+00:00,EVENING,ASSAULT W/DANGEROUS WEAPON,5100 - 5299 BLOCK OF B STREET SE,7.0,6.0,Cluster 33,38.8862078577,-76.9269789648,1.0,9.0,5,Thursday,Night,1,ASSAULT W/DANGEROUS WEAPON,2024-05-09 02:24:19+00:00,2,2024,Night,Cluster 33,High
24131146,2024-08-26 05:53:31+00:00,2024-08-25 01:41:00+00:00,,MIDNIGHT,ASSAULT W/DANGEROUS WEAPON,500 - 599 BLOCK OF 55TH STREET NE,7.0,6.0,Cluster 31,38.8964745718,-76.9218936968,1.0,25.0,8,Sunday,Night,1,ASSAULT W/DANGEROUS WEAPON,2024-08-26 05:53:31+00:00,5,2024,Night,Cluster 31,High
24098144,2024-06-27 18:06:44+00:00,2024-06-27 17:00:00+00:00,2024-06-27 17:00:00+00:00,DAY,ASSAULT W/DANGEROUS WEAPON,4200 - 4226 BLOCK OF CONNECTICUT AVENUE NW,3.0,2.0,Cluster 12,38.9437028811,-77.0632399911,17.0,27.0,6,Thursday,Evening,1,ASSAULT W/DANGEROUS WEAPON,2024-06-27 18:06:44+00:00,18,2024,Night,Cluster 12,Low
24106775,2024-07-12 18:50:20+00:00,2024-07-12 17:57:00+00:00,2024-07-12 18:50:00+00:00,DAY,ASSAULT W/DANGEROUS WEAPON,5100 - 5199 BLOCK OF SHERIFF ROAD NE,7.0,6.0,Cluster 31,38.9036422597,-76.9256198676,17.0,12.0,7,Friday,Evening,1,ASSAULT W/DANGEROUS WEAPON,2024-07-12 18:50:20+00:00,18,2024,Night,Cluster 31,High
24160433,2024-10-16 16:36:20+00:00,2024-10-16 15:07:00+00:00,,DAY,ASSAULT W/DANGEROUS WEAPON,3200 - 3299 BLOCK OF DUBOIS PLACE SE,7.0,6.0,Cluster 32,38.8852145829,-76.9602727391,15.0,16.0,10,Wednesday,Afternoon,1,ASSAULT W/DANGEROUS WEAPON,2024-10-16 16:36:20+00:00,16,2024,Day,Cluster 32,High
24007533,2024-01-15 22:51:06+00:00,2024-01-15 20:06:00+00:00,,EVENING,ASSAULT W/DANGEROUS WEAPON,1200 - 1499 BLOCK OF NORTH CAPITOL STREET,5.0,3.0,Cluster 21,38.9076427724,-77.0090530223,20.0,15.0,1,Monday,Night,1,ASSAULT W/DANGEROUS WEAPON,2024-01-15 22:51:06+00:00,22,2024,Night,Cluster 21,High
24171210,2024-11-04 03:31:26+00:00,2024-11-04 00:10:00+00:00,2024-11-04 03:05:00+00:00,EVENING,ASSAULT W/DANGEROUS WEAPON,5000 - 5099 BLOCK OF NEW HAMPSHIRE AVENUE NW,4.0,4.0,Cluster 19,38.9517588105,-77.0128371958,0.0,4.0,11,Monday,Night,1,ASSAULT W/DANGEROUS WEAPON,2024-11-04 03:31:26+00:00,3,2024,Night,Cluster 19,Medium
24096061,2024-06-24 09:26:42+00:00,2024-06-24 07:38:00+00:00,,MIDNIGHT,ASSAULT W/DANGEROUS WEAPON,56 - 137 BLOCK OF RHODE ISLAND AVENUE NE,5.0,5.0,Cluster 21,38.9177791383,-77.0062360009,7.0,24.0,6,Monday,Morning,1,ASSAULT W/DANGEROUS WEAPON,2024-06-24 09:26:42+00:00,9,2024,Day,Cluster 21,High
24077308,2024-05-23 07:46:35+00:00,2024-05-23 05:28:00+00:00,2024-05-23 06:30:00+00:00,MIDNIGHT,ASSAULT W/DANGEROUS WEAPON,1900 - 2199 BLOCK OF SAVANNAH TERRACE SE,8.0,7.0,Cluster 38,38.848136645,-76.9761390018,5.0,23.0,5,Thursday,Night,1,ASSAULT W/DANGEROUS WEAPON,2024-05-23 07:46:35+00:00,7,2024,Day,Cluster 38,High
24147538,2024-09-24 01:36:14+00:00,2024-09-24 01:31:00+00:00,2024-09-24 01:36:00+00:00,EVENING,ASSAULT W/DANGEROUS WEAPON,4400 - 4499 BLOCK OF TEXAS AVENUE SE,7.0,6.0,Cluster 33,38.8841381608,-76.9411401638,1.0,24.0,9,Tuesday,Night,1,ASSAULT W/DANGEROUS WEAPON,2024-09-24 01:36:14+00:00,1,2024,Night,Cluster 33,High
24123402,2024-08-12 14:47:16+00:00,2024-08-12 12:59:00+00:00,,DAY,ASSAULT W/DANGEROUS WEAPON,600 - 699 BLOCK OF INDIANA AVENUE NW,2.0,1.0,Cluster 8,38.8941439409,-77.0209061603,12.0,12.0,8,Monday,Afternoon,1,ASSAULT W/DANGEROUS WEAPON,2024-08-12 14:47:16+00:00,14,2024,Day,Cluster 8,Medium
24111642,2024-07-21 11:07:00+00:00,2024-07-21 09:57:00+00:00,,DAY,ASSAULT W/DANGEROUS WEAPON,3300 - 3399 BLOCK OF 13TH STREET SE,8.0,7.0,Cluster 39,38.8425455836,-76.9885055955,9.0,21.0,7,Sunday,Morning,1,ASSAULT W/DANGEROUS WEAPON,2024-07-21 11:07:00+00:00,11,2024,Day,Cluster 39,High
24047137,2024-03-29 19:00:40+00:00,2024-03-28 07:00:00+00:00,2024-03-29 13:00:00+00:00,DAY,ASSAULT W/DANGEROUS WEAPON,1957 - 2099 BLOCK OF 4TH STREET NE,5.0,5.0,Cluster 21,38.9175501314,-77.000568941,7.0,28.0,3,Thursday,Morning,1,ASSAULT W/DANGEROUS WEAPON,2024-03-29 19:00:40+00:00,19,2024,Night,Cluster 21,High
24175465,2024-11-11 23:41:19+00:00,2024-11-11 20:29:00+00:00,2024-11-11 22:32:00+00:00,EVENING,ASSAULT W/DANGEROUS WEAPON,1 - 99 BLOCK OF O STREET NW,5.0,3.0,Cluster 21,38.9085664412,-77.0106752357,20.0,11.0,11,Monday,Night,1,ASSAULT W/DANGEROUS WEAPON,2024-11-11 23:41:19+00:00,23,2024,Night,Cluster 21,High
24006788,2024-01-14 07:05:07+00:00,2024-01-14 05:01:00+00:00,2024-01-14 07:10:00+00:00,MIDNIGHT,ASSAULT W/DANGEROUS WEAPON,1332 - 1399 BLOCK OF MISSOURI AVENUE NW,4.0,4.0,Cluster 18,38.9616139564,-77.0326615282,5.0,14.0,1,Sunday,Night,1,ASSAULT W/DANGEROUS WEAPON,2024-01-14 07:05:07+00:00,7,2024,Day,Cluster 18,High
24148784,2024-09-26 03:38:17+00:00,2024-09-26 00:55:00+00:00,2024-09-26 01:04:00+00:00,MIDNIGHT,ASSAULT W/DANGEROUS WEAPON,1 - 99 BLOCK OF O STREET NW,5.0,3.0,Cluster 21,38.9085664412,-77.0106752357,0.0,26.0,9,Thursday,Night,1,ASSAULT W/DANGEROUS WEAPON,2024-09-26 03:38:17+00:00,3,2024,Night,Cluster 21,High
24034200,2024-03-06 00:41:30+00:00,2024-03-05 23:09:00+00:00,2024-03-05 23:30:00+00:00,EVENING,ASSAULT W/DANGEROUS WEAPON,1500 - 1599 BLOCK OF BENNING ROAD NE,7.0,5.0,Cluster 25,38.8999764193,-76.9824602061,23.0,5.0,3,Tuesday,Night,1,ASSAULT W/DANGEROUS WEAPON,2024-03-06 00:41:30+00:00,0,2024,Night,Cluster 25,High
24028006,2024-02-23 10:57:52+00:00,2024-02-23 09:51:00+00:00,2024-02-23 10:00:00+00:00,MIDNIGHT,ASSAULT W/DANGEROUS WEAPON,230 - 499 BLOCK OF 37TH STREET SE,7.0,6.0,Cluster 32,38.885085368,-76.9527702205,9.0,23.0,2,Friday,Morning,1,ASSAULT W/DANGEROUS WEAPON,2024-02-23 10:57:52+00:00,10,2024,Day,Cluster 32,High
24041489,2024-03-19 13:00:13+00:00,2024-03-19 10:25:00+00:00,2024-03-19 12:22:00+00:00,DAY,ASSAULT W/DANGEROUS WEAPON,4600 - 4699 BLOCK OF LIVINGSTON ROAD SE,8.0,7.0,Cluster 39,38.8229262554,-77.0019425343,10.0,19.0,3,Tuesday,Morning,1,ASSAULT W/DANGEROUS WEAPON,2024-03-19 13:00:13+00:00,13,2024,Day,Cluster 39,High
24066688,2024-05-12 02:19:46+00:00,2024-05-04 03:11:00+00:00,2024-05-04 04:08:00+00:00,EVENING,ASSAULT W/DANGEROUS WEAPON,4660 - 4699 BLOCK OF MARTIN LUTHER KING JR AVENUE SW,8.0,7.0,Cluster 39,38.8216256757,-77.0110811748,3.0,4.0,5,Saturday,Night,1,ASSAULT W/DANGEROUS WEAPON,2024-05-12 02:19:46+00:00,2,2024,Night,Cluster 39,High
24066390,2024-05-03 19:44:25+00:00,2024-05-03 17:22:00+00:00,,EVENING,ASSAULT W/DANGEROUS WEAPON,2966 - 3031 BLOCK OF 30TH STREET SE,8.0,7.0,Cluster 36,38.8529978798,-76.965687488,17.0,3.0,5,Friday,Evening,1,ASSAULT W/DANGEROUS WEAPON,2024-05-03 19:44:25+00:00,19,2024,Night,Cluster 36,High
24142819,2024-09-16 05:34:15+00:00,2024-09-16 04:06:00+00:00,,MIDNIGHT,ASSAULT W/DANGEROUS WEAPON,1839 - 2033 BLOCK OF ALABAMA AVENUE SE,8.0,7.0,Cluster 38,38.8505240629,-76.9757283703,4.0,16.0,9,Monday,Night,1,ASSAULT W/DANGEROUS WEAPON,2024-09-16 05:34:15+00:00,5,2024,Night,Cluster 38,High
24071466,2024-05-13 04:54:29+00:00,2024-05-13 03:04:00+00:00,2024-05-13 03:06:00+00:00,MIDNIGHT,ASSAULT W/DANGEROUS WEAPON,1401 - 1499 BLOCK OF 18TH STREET SE,8.0,6.0,Cluster 34,38.8724674298,-76.9790079703,3.0,13.0,5,Monday,Night,1,ASSAULT W/DANGEROUS WEAPON,2024-05-13 04:54:29+00:00,4,2024,Night,Cluster 34,High
24065085,2024-05-01 15:16:43+00:00,2024-04-29 21:30:00+00:00,2024-05-01 21:45:00+00:00,DAY,ASSAULT W/DANGEROUS WEAPON,1802 - 1999 BLOCK OF IRVING STREET NE,5.0,,Cluster 22,38.929036033,-76.9776338103,21.0,29.0,5,Monday,Night,1,ASSAULT W/DANGEROUS WEAPON,2024-05-01 15:16:43+00:00,15,2024,Day,Cluster 22,Medium
24192181,2024-12-12 09:02:50+00:00,2024-12-12 06:12:00+00:00,2024-12-12 06:30:00+00:00,MIDNIGHT,ASSAULT W/DANGEROUS WEAPON,4310 - 4399 BLOCK OF E STREET SE,7.0,6.0,Cluster 33,38.8831908542,-76.940265984,6.0,12.0,12,Thursday,Morning,1,ASSAULT W/DANGEROUS WEAPON,2024-12-12 09:02:50+00:00,9,2024,Day,Cluster 33,High
24119525,2024-08-05 01:04:13+00:00,2024-08-04 20:43:00+00:00,2024-08-04 22:30:00+00:00,EVENING,ASSAULT W/DANGEROUS WEAPON,2627 - 2699 BLOCK OF STANTON ROAD SE,8.0,7.0,Cluster 37,38.8584648442,-76.9900561524,20.0,4.0,8,Sunday,Night,1,ASSAULT W/DANGEROUS WEAPON,2024-08-05 01:04:13+00:00,1,2024,Night,Cluster 37,High
24094976,2024-06-22 15:07:16+00:00,2024-06-22 09:43:00+00:00,2024-06-22 15:00:00+00:00,DAY,ASSAULT W/DANGEROUS WEAPON,1 - 99 BLOCK OF M STREET NE,6.0,5.0,Cluster 25,38.9056424003,-77.007474088,9.0,22.0,6,Saturday,Morning,1,ASSAULT W/DANGEROUS WEAPON,2024-06-22 15:07:16+00:00,15,2024,Day,Cluster 25,High
24104639,2024-07-08 22:47:01+00:00,2024-07-08 19:19:00+00:00,2024-07-08 21:30:00+00:00,EVENING,ASSAULT W/DANGEROUS WEAPON,2686 - 2721 BLOCK OF MARTIN LUTHER KING JR AVENUE SE,8.0,7.0,Cluster 43,38.8540616094,-76.9959815541,19.0,8.0,7,Monday,Evening,1,ASSAULT W/DANGEROUS WEAPON,2024-07-08 22:47:01+00:00,22,2024,Night,Cluster 43,Low
24152933,2024-10-03 07:31:40+00:00,2024-10-03 05:23:00+00:00,,MIDNIGHT,ASSAULT W/DANGEROUS WEAPON,1900 - 2199 BLOCK OF SAVANNAH TERRACE SE,8.0,7.0,Cluster 38,38.848136645,-76.9761390018,5.0,3.0,10,Thursday,Night,1,ASSAULT W/DANGEROUS WEAPON,2024-10-03 07:31:40+00:00,7,2024,Day,Cluster 38,High
24148623,2024-09-25 22:09:29+00:00,2024-09-25 09:00:00+00:00,2024-09-25 13:00:00+00:00,EVENING,ASSAULT W/DANGEROUS WEAPON,100 - 199 BLOCK OF YUMA STREET SE,8.0,7.0,Cluster 39,38.8320541494,-77.0046179534,9.0,25.0,9,Wednesday,Morning,1,ASSAULT W/DANGEROUS WEAPON,2024-09-25 22:09:29+00:00,22,2024,Night,Cluster 39,High
24053383,2024-04-10 08:29:27+00:00,2024-04-10 04:26:00+00:00,,MIDNIGHT,ASSAULT W/DANGEROUS WEAPON,2700 - 2899 BLOCK OF LANGSTON PLACE SE,8.0,7.0,Cluster 36,38.8561277862,-76.9725864468,4.0,10.0,4,Wednesday,Night,1,ASSAULT W/DANGEROUS WEAPON,2024-04-10 08:29:27+00:00,8,2024,Day,Cluster 36,High
24142668,2024-09-15 23:52:58+00:00,2024-09-15 21:55:00+00:00,2024-09-15 22:00:00+00:00,EVENING,ASSAULT W/DANGEROUS WEAPON,2900 - 2999 BLOCK OF KNOX PLACE SE,8.0,7.0,Cluster 36,38.8545644303,-76.9705725705,21.0,15.0,9,Sunday,Night,1,ASSAULT W/DANGEROUS WEAPON,2024-09-15 23:52:58+00:00,23,2024,Night,Cluster 36,High
24069325,2024-05-09 06:23:48+00:00,2024-05-09 02:52:00+00:00,,MIDNIGHT,ASSAULT W/DANGEROUS WEAPON,2820 - 2908 BLOCK OF Q STREET SE,7.0,6.0,Cluster 34,38.8707431644,-76.9662725295,2.0,9.0,5,Thursday,Night,1,ASSAULT W/DANGEROUS WEAPON,2024-05-09 06:23:48+00:00,6,2024,Day,Cluster 34,High
24059283,2024-04-20 22:53:46+00:00,2024-04-20 21:02:00+00:00,2024-04-20 23:30:00+00:00,EVENING,ASSAULT W/DANGEROUS WEAPON,4660 - 4699 BLOCK OF MARTIN LUTHER KING JR AVENUE SW,8.0,7.0,Cluster 39,38.8216256757,-77.0110811748,21.0,20.0,4,Saturday,Night,1,ASSAULT W/DANGEROUS WEAPON,2024-04-20 22:53:46+00:00,22,2024,Night,Cluster 39,High
24032686,2024-03-03 06:39:41+00:00,2024-03-03 03:37:00+00:00,2024-03-03 05:52:00+00:00,MIDNIGHT,ASSAULT W/DANGEROUS WEAPON,2300 - 2399 BLOCK OF PITTS PLACE SE,8.0,7.0,Cluster 28,38.8598102625,-76.9855833686,3.0,3.0,3,Sunday,Night,1,ASSAULT W/DANGEROUS WEAPON,2024-03-03 06:39:41+00:00,6,2024,Day,Cluster 28,Medium
24141070,2024-09-13 02:25:49+00:00,2024-09-13 00:47:00+00:00,2024-09-13 01:40:00+00:00,EVENING,ASSAULT W/DANGEROUS WEAPON,5200 - 5299 BLOCK OF BANKS PLACE NE,7.0,6.0,Cluster 31,38.8927167767,-76.9266104388,0.0,13.0,9,Friday,Night,1,ASSAULT W/DANGEROUS WEAPON,2024-09-13 02:25:49+00:00,2,2024,Night,Cluster 31,High
24008601,2024-01-18 05:30:09+00:00,2024-01-18 03:40:00+00:00,2024-01-18 03:56:00+00:00,MIDNIGHT,ASSAULT W/DANGEROUS WEAPON,1400 - 1479 BLOCK OF SARATOGA AVENUE NE,5.0,5.0,Cluster 22,38.9229878817,-76.9851983334,3.0,18.0,1,Thursday,Night,1,ASSAULT W/DANGEROUS WEAPON,2024-01-18 05:30:09+00:00,5,2024,Night,Cluster 22,Medium
24037969,2024-03-13 04:13:25+00:00,2024-03-13 01:40:00+00:00,2024-03-13 03:00:00+00:00,MIDNIGHT,ASSAULT W/DANGEROUS WEAPON,620 - 699 BLOCK OF T STREET NW,1.0,3.0,Cluster 3,38.9155704849,-77.0213954626,1.0,13.0,3,Wednesday,Night,1,ASSAULT W/DANGEROUS WEAPON,2024-03-13 04:13:25+00:00,4,2024,Night,Cluster 3,Medium
24159617,2024-10-15 06:54:35+00:00,2024-10-15 02:00:00+00:00,,MIDNIGHT,ASSAULT W/DANGEROUS WEAPON,700 - 799 BLOCK OF N STREET NW,2.0,3.0,Cluster 7,38.907237666,-77.022431874,2.0,15.0,10,Tuesday,Night,1,ASSAULT W/DANGEROUS WEAPON,2024-10-15 06:54:35+00:00,6,2024,Day,Cluster 7,Medium
24009129,2024-01-19 05:13:18+00:00,2024-01-19 03:26:00+00:00,2024-01-19 05:12:00+00:00,MIDNIGHT,ASSAULT W/DANGEROUS WEAPON,3701 - 3799 BLOCK OF 4TH STREET SE,8.0,7.0,Cluster 39,38.8370661581,-77.0017624891,3.0,19.0,1,Friday,Night,1,ASSAULT W/DANGEROUS WEAPON,2024-01-19 05:13:18+00:00,5,2024,Night,Cluster 39,High
24184262,2024-11-27 10:35:20+00:00,2024-11-27 10:00:00+00:00,2024-11-27 10:35:00+00:00,MIDNIGHT,ASSAULT W/DANGEROUS WEAPON,4200 - 4399 BLOCK OF EDSON PLACE NE,7.0,6.0,Cluster 30,38.8967767648,-76.9408976637,10.0,27.0,11,Wednesday,Morning,1,ASSAULT W/DANGEROUS WEAPON,2024-11-27 10:35:20+00:00,10,2024,Day,Cluster 30,High
24005688,2024-01-12 02:41:59+00:00,2024-01-12 01:58:00+00:00,2024-01-12 02:15:00+00:00,EVENING,ASSAULT W/DANGEROUS WEAPON,2731 - 2899 BLOCK OF CONNECTICUT AVENUE NW,3.0,2.0,Cluster 15,38.9273285696,-77.0537223651,1.0,12.0,1,Friday,Night,1,ASSAULT W/DANGEROUS WEAPON,2024-01-12 02:41:59+00:00,2,2024,Night,Cluster 15,Low
24197946,2024-12-23 02:10:05+00:00,2024-12-22 20:27:00+00:00,2024-12-22 22:30:00+00:00,EVENING,ASSAULT W/DANGEROUS WEAPON,600 - 699 BLOCK OF MISSISSIPPI AVENUE SE,8.0,7.0,Cluster 39,38.8379814261,-76.9974808582,20.0,22.0,12,Sunday,Night,1,ASSAULT W/DANGEROUS WEAPON,2024-12-23 02:10:05+00:00,2,2024,Night,Cluster 39,High
24131858,2024-08-27 15:36:57+00:00,2024-08-27 12:20:00+00:00,2024-08-27 12:50:00+00:00,DAY,ASSAULT W/DANGEROUS WEAPON,4200 - 4283 BLOCK OF 6TH STREET SE,8.0,7.0,Cluster 39,38.8277867025,-76.9984966799,12.0,27.0,8,Tuesday,Afternoon,1,ASSAULT W/DANGEROUS WEAPON,2024-08-27 15:36:57+00:00,15,2024,Day,Cluster 39,High
24107553,2024-07-14 03:52:11+00:00,2024-07-14 02:06:00+00:00,,MIDNIGHT,ASSAULT W/DANGEROUS WEAPON,300 - 379 BLOCK OF P STREET SW,6.0,1.0,Cluster 9,38.8720385776,-77.0160796764,2.0,14.0,7,Sunday,Night,1,ASSAULT W/DANGEROUS WEAPON,2024-07-14 03:52:11+00:00,3,2024,Night,Cluster 9,Medium
24169574,2024-11-01 05:02:36+00:00,2024-11-01 03:20:00+00:00,,MIDNIGHT,ASSAULT W/DANGEROUS WEAPON,3400 - 3799 BLOCK OF 22ND STREET SE,8.0,7.0,Cluster 38,38.8456595779,-76.9727714366,3.0,1.0,11,Friday,Night,1,ASSAULT W/DANGEROUS WEAPON,2024-11-01 05:02:36+00:00,5,2024,Night,Cluster 38,High
24130694,2024-08-25 08:15:26+00:00,2024-08-25 06:45:00+00:00,2024-08-25 06:52:00+00:00,MIDNIGHT,ASSAULT W/DANGEROUS WEAPON,900 - 999 BLOCK OF NEW YORK AVENUE NW,2.0,2.0,Cluster 8,38.9018046592,-77.0249959451,6.0,25.0,8,Sunday,Morning,1,ASSAULT W/DANGEROUS WEAPON,2024-08-25 08:15:26+00:00,8,2024,Day,Cluster 8,Medium
24084980,2024-06-05 10:51:00+00:00,2024-06-05 07:00:00+00:00,2024-06-05 08:05:00+00:00,MIDNIGHT,ASSAULT W/DANGEROUS WEAPON,200 - 399 BLOCK OF VINE STREET NW,4.0,4.0,Cluster 17,38.973918699,-77.0161507878,7.0,5.0,6,Wednesday,Morning,1,ASSAULT W/DANGEROUS WEAPON,2024-06-05 10:51:00+00:00,10,2024,Day,Cluster 17,Medium
24162016,2024-10-19 05:31:35+00:00,2024-10-19 03:51:00+00:00,2024-10-19 05:31:00+00:00,MIDNIGHT,ASSAULT W/DANGEROUS WEAPON,2941 - 2957 BLOCK OF NASH PLACE SE,7.0,6.0,Cluster 34,38.8738132213,-76.9655962367,3.0,19.0,10,Saturday,Night,1,ASSAULT W/DANGEROUS WEAPON,2024-10-19 05:31:35+00:00,5,2024,Night,Cluster 34,High
24005487,2024-01-12 00:15:40+00:00,2024-01-11 20:50:00+00:00,,EVENING,ASSAULT W/DANGEROUS WEAPON,1500 - 1599 BLOCK OF V STREET SE,8.0,7.0,Cluster 28,38.8645871477,-76.9830613861,20.0,11.0,1,Thursday,Night,1,ASSAULT W/DANGEROUS WEAPON,2024-01-12 00:15:40+00:00,0,2024,Night,Cluster 28,Medium
24102017,2024-07-04 09:52:03+00:00,2024-07-04 08:23:00+00:00,2024-07-04 09:40:00+00:00,MIDNIGHT,ASSAULT W/DANGEROUS WEAPON,900 - 999 BLOCK OF 6TH STREET SW,6.0,1.0,Cluster 9,38.8788478901,-77.0198921662,8.0,4.0,7,Thursday,Morning,1,ASSAULT W/DANGEROUS WEAPON,2024-07-04 09:52:03+00:00,9,2024,Day,Cluster 9,Medium
24030671,2024-02-28 09:41:24+00:00,2024-02-28 08:15:00+00:00,2024-03-28 07:45:00+00:00,MIDNIGHT,ASSAULT W/DANGEROUS WEAPON,1300 - 1399 BLOCK OF OKIE STREET NE,5.0,5.0,Cluster 23,38.9142137824,-76.9860296578,8.0,28.0,2,Wednesday,Morning,1,ASSAULT W/DANGEROUS WEAPON,2024-02-28 09:41:24+00:00,9,2024,Day,Cluster 23,High
24019741,2024-02-08 01:49:24+00:00,2024-02-07 22:26:00+00:00,2024-02-08 01:30:00+00:00,EVENING,ASSAULT W/DANGEROUS WEAPON,4613 - 4699 BLOCK OF BENNING ROAD SE,7.0,6.0,Cluster 33,38.884839967,-76.9354274783,22.0,7.0,2,Wednesday,Night,1,ASSAULT W/DANGEROUS WEAPON,2024-02-08 01:49:24+00:00,1,2024,Night,Cluster 33,High
24111636,2024-07-21 09:57:56+00:00,2024-07-21 08:45:00+00:00,2024-07-21 08:55:00+00:00,MIDNIGHT,ASSAULT W/DANGEROUS WEAPON,2400 - 2699 BLOCK OF POMEROY ROAD SE,8.0,7.0,Cluster 37,38.8552029073,-76.9897309123,8.0,21.0,7,Sunday,Morning,1,ASSAULT W/DANGEROUS WEAPON,2024-07-21 09:57:56+00:00,9,2024,Day,Cluster 37,High
24125856,2024-08-16 23:42:10+00:00,2024-08-16 21:31:00+00:00,2024-08-16 23:00:00+00:00,EVENING,ASSAULT W/DANGEROUS WEAPON,3300 - 3399 BLOCK OF STEPHENSON PLACE NW,4.0,2.0,Cluster 10,38.9712700608,-77.0688196785,21.0,16.0,8,Friday,Night,1,ASSAULT W/DANGEROUS WEAPON,2024-08-16 23:42:10+00:00,23,2024,Night,Cluster 10,Low
24056932,2024-04-16 16:01:23+00:00,2024-04-16 13:50:00+00:00,2024-04-16 13:52:00+00:00,DAY,ASSAULT W/DANGEROUS WEAPON,1 - 99 BLOCK OF V STREET NW,5.0,3.0,Cluster 21,38.9181055502,-77.0106643253,13.0,16.0,4,Tuesday,Afternoon,1,ASSAULT W/DANGEROUS WEAPON,2024-04-16 16:01:23+00:00,16,2024,Day,Cluster 21,High
24028553,2024-02-24 08:37:28+00:00,2024-02-24 06:55:00+00:00,2024-02-24 08:30:00+00:00,MIDNIGHT,ASSAULT W/DANGEROUS WEAPON,300 - 399 BLOCK OF 17TH STREET SE,7.0,1.0,Cluster 26,38.8847257464,-76.9807657082,6.0,24.0,2,Saturday,Morning,1,ASSAULT W/DANGEROUS WEAPON,2024-02-24 08:37:28+00:00,8,2024,Day,Cluster 26,Medium
24142268,2024-09-15 05:12:55+00:00,2024-09-15 04:01:00+00:00,2024-09-15 04:40:00+00:00,MIDNIGHT,ASSAULT W/DANGEROUS WEAPON,1700 - 1728 BLOCK OF MONTELLO AVENUE NE,5.0,5.0,Cluster 23,38.9092990513,-76.9856070194,4.0,15.0,9,Sunday,Night,1,ASSAULT W/DANGEROUS WEAPON,2024-09-15 05:12:55+00:00,5,2024,Night,Cluster 23,High
24136115,2024-09-04 02:24:07+00:00,2024-09-04 01:32:00+00:00,2024-09-04 02:24:00+00:00,EVENING,ASSAULT W/DANGEROUS WEAPON,812 - 899 BLOCK OF BLADENSBURG ROAD NE,5.0,5.0,Cluster 23,38.9012753565,-76.9826084878,1.0,4.0,9,Wednesday,Night,1,ASSAULT W/DANGEROUS WEAPON,2024-09-04 02:24:07+00:00,2,2024,Night,Cluster 23,High
24019765,2024-02-08 01:38:23+00:00,2024-02-07 23:21:00+00:00,2024-02-07 23:23:00+00:00,EVENING,ASSAULT W/DANGEROUS WEAPON,2400 - 2599 BLOCK OF ELVANS ROAD SE,8.0,7.0,Cluster 37,38.8541724053,-76.9884242906,23.0,7.0,2,Wednesday,Night,1,ASSAULT W/DANGEROUS WEAPON,2024-02-08 01:38:23+00:00,1,2024,Night,Cluster 37,High
24036010,2024-03-09 08:42:22+00:00,2024-03-09 08:04:00+00:00,,MIDNIGHT,ASSAULT W/DANGEROUS WEAPON,500 - 599 BLOCK OF H STREET NW,2.0,1.0,Cluster 8,38.8998107283,-77.0194205728,8.0,9.0,3,Saturday,Morning,1,ASSAULT W/DANGEROUS WEAPON,2024-03-09 08:42:22+00:00,8,2024,Day,Cluster 8,Medium
24126063,2024-08-17 06:06:42+00:00,2024-08-17 05:21:00+00:00,2024-08-17 05:24:00+00:00,MIDNIGHT,ASSAULT W/DANGEROUS WEAPON,1400 - 1499 BLOCK OF FAIRMONT STREET NW,1.0,3.0,Cluster 2,38.9244818313,-77.033182611,5.0,17.0,8,Saturday,Night,1,ASSAULT W/DANGEROUS WEAPON,2024-08-17 06:06:42+00:00,6,2024,Day,Cluster 2,High
24123316,2024-08-12 08:28:37+00:00,2024-08-12 06:04:00+00:00,2024-08-12 08:28:00+00:00,MIDNIGHT,ASSAULT W/DANGEROUS WEAPON,1100 - 1199 BLOCK OF C STREET NE,6.0,1.0,Cluster 25,38.893574686,-76.990887208,6.0,12.0,8,Monday,Morning,1,ASSAULT W/DANGEROUS WEAPON,2024-08-12 08:28:37+00:00,8,2024,Day,Cluster 25,High
24162175,2024-10-19 14:09:33+00:00,2024-10-19 12:22:00+00:00,2024-10-19 13:52:00+00:00,DAY,ASSAULT W/DANGEROUS WEAPON,1400 - 1499 BLOCK OF PARK ROAD NW,1.0,3.0,Cluster 2,38.930634149,-77.0338114933,12.0,19.0,10,Saturday,Afternoon,1,ASSAULT W/DANGEROUS WEAPON,2024-10-19 14:09:33+00:00,14,2024,Day,Cluster 2,High
24001240,2024-01-03 14:04:45+00:00,2024-01-03 13:35:00+00:00,2024-01-03 13:50:00+00:00,DAY,ASSAULT W/DANGEROUS WEAPON,1600 - 1699 BLOCK OF MARYLAND AVENUE NE,5.0,5.0,Cluster 23,38.9015468006,-76.9799376272,13.0,3.0,1,Wednesday,Afternoon,1,ASSAULT W/DANGEROUS WEAPON,2024-01-03 14:04:45+00:00,14,2024,Day,Cluster 23,High
24071512,2024-05-13 08:25:25+00:00,2024-05-13 07:05:00+00:00,2024-05-13 08:30:00+00:00,MIDNIGHT,ASSAULT W/DANGEROUS WEAPON,2100 - 2199 BLOCK OF Q STREET SE,8.0,6.0,Cluster 34,38.870740356,-76.9754617021,7.0,13.0,5,Monday,Morning,1,ASSAULT W/DANGEROUS WEAPON,2024-05-13 08:25:25+00:00,8,2024,Day,Cluster 34,High
24088915,2024-06-11 22:29:41+00:00,2024-06-11 20:35:00+00:00,2024-06-11 20:45:00+00:00,EVENING,ASSAULT W/DANGEROUS WEAPON,MISSOURI AVENUE NW AND COLORADO AVENUE NW,4.0,4.0,Cluster 18,38.9613384312,-77.0285196165,20.0,11.0,6,Tuesday,Night,1,ASSAULT W/DANGEROUS WEAPON,2024-06-11 22:29:41+00:00,22,2024,Night,Cluster 18,High
24090765,2024-06-15 02:20:49+00:00,2024-06-15 01:38:00+00:00,,EVENING,ASSAULT W/DANGEROUS WEAPON,600 - 699 BLOCK OF 19TH STREET NE,7.0,,Cluster 25,38.8972325962,-76.9769499265,1.0,15.0,6,Saturday,Night,1,ASSAULT W/DANGEROUS WEAPON,2024-06-15 02:20:49+00:00,2,2024,Night,Cluster 25,High
24091492,2024-06-16 09:34:18+00:00,2024-06-16 07:42:00+00:00,2024-06-16 09:00:00+00:00,MIDNIGHT,ASSAULT W/DANGEROUS WEAPON,1200 - 1299 BLOCK OF U STREET NW,1.0,3.0,Cluster 3,38.9169997651,-77.0288524899,7.0,16.0,6,Sunday,Morning,1,ASSAULT W/DANGEROUS WEAPON,2024-06-16 09:34:18+00:00,9,2024,Day,Cluster 3,Medium
24093593,2024-06-20 03:16:41+00:00,2024-06-20 02:00:00+00:00,2024-06-20 02:02:00+00:00,MIDNIGHT,ASSAULT W/DANGEROUS WEAPON,6400 - 6489 BLOCK OF GEORGIA AVENUE NW,4.0,4.0,Cluster 17,38.9680823234,-77.0274253467,2.0,20.0,6,Thursday,Night,1,ASSAULT W/DANGEROUS WEAPON,2024-06-20 03:16:41+00:00,3,2024,Night,Cluster 17,Medium
24151251,2024-09-30 14:17:52+00:00,2024-09-30 11:53:00+00:00,2024-09-30 12:30:00+00:00,DAY,ASSAULT W/DANGEROUS WEAPON,100 - 199 BLOCK OF ATLANTIC STREET SE,8.0,7.0,Cluster 39,38.8310799071,-77.0047122463,11.0,30.0,9,Monday,Morning,1,ASSAULT W/DANGEROUS WEAPON,2024-09-30 14:17:52+00:00,14,2024,Day,Cluster 39,High
24079072,2024-05-26 08:04:48+00:00,2024-05-26 05:10:00+00:00,2024-05-26 08:10:00+00:00,MIDNIGHT,ASSAULT W/DANGEROUS WEAPON,2700 - 2799 BLOCK OF PENNSYLVANIA AVENUE SE,7.0,6.0,Cluster 34,38.8725485841,-76.9683669689,5.0,26.0,5,Sunday,Night,1,ASSAULT W/DANGEROUS WEAPON,2024-05-26 08:04:48+00:00,8,2024,Day,Cluster 34,High
24085849,2024-06-06 19:07:07+00:00,2024-06-06 16:36:00+00:00,2024-06-06 16:46:00+00:00,EVENING,ASSAULT W/DANGEROUS WEAPON,3125 - 3299 BLOCK OF 24TH STREET SE,8.0,7.0,Cluster 36,38.8517514915,-76.972208415,16.0,6.0,6,Thursday,Afternoon,1,ASSAULT W/DANGEROUS WEAPON,2024-06-06 19:07:07+00:00,19,2024,Night,Cluster 36,High
24086099,2024-06-07 07:27:52+00:00,2024-06-07 01:17:00+00:00,2024-06-07 04:14:00+00:00,MIDNIGHT,ASSAULT W/DANGEROUS WEAPON,700 - 899 BLOCK OF RIDGE ROAD SE,7.0,6.0,Cluster 33,38.8767035411,-76.9422166234,1.0,7.0,6,Friday,Night,1,ASSAULT W/DANGEROUS WEAPON,2024-06-07 07:27:52+00:00,7,2024,Day,Cluster 33,High
24074668,2024-05-18 21:49:59+00:00,2024-05-18 19:38:00+00:00,2024-05-18 21:00:00+00:00,EVENING,ASSAULT W/DANGEROUS WEAPON,2818 - 2899 BLOCK OF SHERMAN AVENUE NW,1.0,3.0,Cluster 2,38.9266074729,-77.0259001376,19.0,18.0,5,Saturday,Evening,1,ASSAULT W/DANGEROUS WEAPON,2024-05-18 21:49:59+00:00,21,2024,Night,Cluster 2,High
24131809,2024-08-27 10:43:35+00:00,2024-08-27 08:19:00+00:00,2024-08-27 10:00:00+00:00,MIDNIGHT,ASSAULT W/DANGEROUS WEAPON,3330 - 3399 BLOCK OF 22ND STREET SE,8.0,7.0,Cluster 38,38.8491423788,-76.974171629,8.0,27.0,8,Tuesday,Morning,1,ASSAULT W/DANGEROUS WEAPON,2024-08-27 10:43:35+00:00,10,2024,Day,Cluster 38,High
24119154,2024-08-04 04:25:04+00:00,2024-08-04 00:56:00+00:00,2024-08-05 02:30:00+00:00,MIDNIGHT,ASSAULT W/DANGEROUS WEAPON,4400 - 4599 BLOCK OF 3RD STREET SE,8.0,7.0,Cluster 39,38.8250888702,-77.0014458463,0.0,4.0,8,Sunday,Night,1,ASSAULT W/DANGEROUS WEAPON,2024-08-04 04:25:04+00:00,4,2024,Night,Cluster 39,High
24121782,2024-08-09 04:56:52+00:00,2024-08-09 01:42:00+00:00,2024-08-09 03:55:00+00:00,MIDNIGHT,ASSAULT W/DANGEROUS WEAPON,5100 - 5299 BLOCK OF QUEENS STROLL PLACE SE,7.0,6.0,Cluster 33,38.882819643,-76.9277171869,1.0,9.0,8,Friday,Night,1,ASSAULT W/DANGEROUS WEAPON,2024-08-09 04:56:52+00:00,4,2024,Night,Cluster 33,High
24138100,2024-09-07 17:53:07+00:00,2024-09-07 16:25:00+00:00,,DAY,ASSAULT W/DANGEROUS WEAPON,5900 - 5999 BLOCK OF GEORGIA AVENUE NW,4.0,4.0,Cluster 17,38.9619795615,-77.0279498335,16.0,7.0,9,Saturday,Afternoon,1,ASSAULT W/DANGEROUS WEAPON,2024-09-07 17:53:07+00:00,17,2024,Day,Cluster 17,Medium
24001514,2024-01-03 22:57:49+00:00,2024-01-03 19:09:00+00:00,2024-01-03 22:57:00+00:00,EVENING,ASSAULT W/DANGEROUS WEAPON,4000 - 4399 BLOCK OF 3RD STREET SE,8.0,7.0,Cluster 39,38.8287041339,-77.0020747667,19.0,3.0,1,Wednesday,Evening,1,ASSAULT W/DANGEROUS WEAPON,2024-01-03 22:57:49+00:00,22,2024,Night,Cluster 39,High
24026153,2024-02-20 01:20:54+00:00,2024-02-19 22:14:00+00:00,2024-02-19 23:45:00+00:00,EVENING,ASSAULT W/DANGEROUS WEAPON,2500 - 2999 BLOCK OF SOUTHERN AVENUE SE,8.0,7.0,Cluster 36,38.8483017663,-76.966572736,22.0,19.0,2,Monday,Night,1,ASSAULT W/DANGEROUS WEAPON,2024-02-20 01:20:54+00:00,1,2024,Night,Cluster 36,High
24094837,2024-06-22 06:39:38+00:00,2024-06-22 03:08:00+00:00,2024-06-22 03:20:00+00:00,MIDNIGHT,ASSAULT W/DANGEROUS WEAPON,3300 - 3399 BLOCK OF 14TH PLACE SE,8.0,7.0,Cluster 38,38.843456639,-76.9844360998,3.0,22.0,6,Saturday,Night,1,ASSAULT W/DANGEROUS WEAPON,2024-06-22 06:39:38+00:00,6,2024,Day,Cluster 38,High
24103125,2024-07-06 05:43:36+00:00,2024-07-06 03:12:00+00:00,2024-07-06 05:15:00+00:00,MIDNIGHT,ASSAULT W/DANGEROUS WEAPON,2722 - 2809 BLOCK OF MINNESOTA AVENUE SE,7.0,6.0,Cluster 34,38.8750430867,-76.9675702035,3.0,6.0,7,Saturday,Night,1,ASSAULT W/DANGEROUS WEAPON,2024-07-06 05:43:36+00:00,5,2024,Night,Cluster 34,High
24054454,2024-04-11 23:37:53+00:00,2024-04-11 22:13:00+00:00,2024-04-11 23:40:00+00:00,EVENING,ASSAULT W/DANGEROUS WEAPON,1600 - 1699 BLOCK OF ISHERWOOD STREET NE,7.0,5.0,Cluster 25,38.8954667729,-76.9814865528,22.0,11.0,4,Thursday,Night,1,ASSAULT W/DANGEROUS WEAPON,2024-04-11 23:37:53+00:00,23,2024,Night,Cluster 25,High
24063811,2024-04-29 07:56:42+00:00,2024-04-29 05:05:00+00:00,2024-04-29 06:50:00+00:00,MIDNIGHT,ASSAULT W/DANGEROUS WEAPON,2600 - 2699 BLOCK OF 13TH STREET NW,1.0,3.0,Cluster 2,38.9242603499,-77.0297114565,5.0,29.0,4,Monday,Night,1,ASSAULT W/DANGEROUS WEAPON,2024-04-29 07:56:42+00:00,7,2024,Day,Cluster 2,High
24080973,2024-05-29 16:13:28+00:00,2024-05-29 13:39:00+00:00,2024-05-29 15:45:00+00:00,DAY,ASSAULT W/DANGEROUS WEAPON,4000 - 4399 BLOCK OF 3RD STREET SE,8.0,7.0,Cluster 39,38.8287041339,-77.0020747667,13.0,29.0,5,Wednesday,Afternoon,1,ASSAULT W/DANGEROUS WEAPON,2024-05-29 16:13:28+00:00,16,2024,Day,Cluster 39,High
24083170,2024-06-02 05:38:02+00:00,2024-06-02 04:08:00+00:00,2024-06-02 04:30:00+00:00,MIDNIGHT,ASSAULT W/DANGEROUS WEAPON,1400 - 1599 BLOCK OF S STREET SE,8.0,6.0,Cluster 34,38.8682280286,-76.9836744032,4.0,2.0,6,Sunday,Night,1,ASSAULT W/DANGEROUS WEAPON,2024-06-02 05:38:02+00:00,5,2024,Night,Cluster 34,High
24084821,2024-06-05 02:11:14+00:00,2024-06-04 23:10:00+00:00,2024-06-05 02:11:00+00:00,EVENING,ASSAULT W/DANGEROUS WEAPON,900 - 1299 BLOCK OF VALLEY AVENUE SE,8.0,7.0,Cluster 39,38.8373020946,-76.990768211,23.0,4.0,6,Tuesday,Night,1,ASSAULT W/DANGEROUS WEAPON,2024-06-05 02:11:14+00:00,2,2024,Night,Cluster 39,High
24189705,2024-12-08 02:56:14+00:00,2024-12-07 23:09:00+00:00,2024-12-08 02:46:00+00:00,EVENING,ASSAULT W/DANGEROUS WEAPON,5900 - 5999 BLOCK OF GEORGIA AVENUE NW,4.0,4.0,Cluster 17,38.9619795615,-77.0279498335,23.0,7.0,12,Saturday,Night,1,ASSAULT W/DANGEROUS WEAPON,2024-12-08 02:56:14+00:00,2,2024,Night,Cluster 17,Medium
24126130,2024-08-17 06:18:53+00:00,2024-08-17 03:48:00+00:00,,MIDNIGHT,ASSAULT W/DANGEROUS WEAPON,2966 - 3031 BLOCK OF 30TH STREET SE,8.0,7.0,Cluster 36,38.8529978798,-76.965687488,3.0,17.0,8,Saturday,Night,1,ASSAULT W/DANGEROUS WEAPON,2024-08-17 06:18:53+00:00,6,2024,Day,Cluster 36,High
24129534,2024-08-23 11:57:54+00:00,2024-08-23 10:21:00+00:00,2024-08-23 12:00:00+00:00,DAY,ASSAULT W/DANGEROUS WEAPON,1700 - 1799 BLOCK OF MINNESOTA AVENUE SE,8.0,6.0,Cluster 34,38.8689016764,-76.9798874601,10.0,23.0,8,Friday,Morning,1,ASSAULT W/DANGEROUS WEAPON,2024-08-23 11:57:54+00:00,11,2024,Day,Cluster 34,High
24107705,2024-07-14 09:36:36+00:00,2024-07-14 09:05:00+00:00,2024-07-14 09:05:00+00:00,MIDNIGHT,ASSAULT W/DANGEROUS WEAPON,1200 - 1299 BLOCK OF 48TH STREET NE,7.0,6.0,Cluster 31,38.9066392787,-76.9337527171,9.0,14.0,7,Sunday,Morning,1,ASSAULT W/DANGEROUS WEAPON,2024-07-14 09:36:36+00:00,9,2024,Day,Cluster 31,High
24065934,2024-05-03 02:30:32+00:00,2024-05-02 21:32:00+00:00,2024-05-02 22:58:00+00:00,EVENING,ASSAULT W/DANGEROUS WEAPON,100 - 208 BLOCK OF M STREET NE,6.0,5.0,Cluster 25,38.9056436347,-77.0044727163,21.0,2.0,5,Thursday,Night,1,ASSAULT W/DANGEROUS WEAPON,2024-05-03 02:30:32+00:00,2,2024,Night,Cluster 25,High
24066373,2024-05-03 18:38:29+00:00,2024-05-03 16:30:00+00:00,2024-05-03 16:40:00+00:00,DAY,ASSAULT W/DANGEROUS WEAPON,3400 - 3699 BLOCK OF 4TH STREET SE,8.0,7.0,Cluster 39,38.8394283665,-77.0005736169,16.0,3.0,5,Friday,Afternoon,1,ASSAULT W/DANGEROUS WEAPON,2024-05-03 18:38:29+00:00,18,2024,Night,Cluster 39,High
24035257,2024-03-08 01:15:51+00:00,2024-03-08 00:19:00+00:00,2024-03-08 00:20:00+00:00,EVENING,ASSAULT W/DANGEROUS WEAPON,1458 - 1499 BLOCK OF EUCLID STREET NW,1.0,3.0,Cluster 2,38.923458589,-77.0346898267,0.0,8.0,3,Friday,Night,1,ASSAULT W/DANGEROUS WEAPON,2024-03-08 01:15:51+00:00,1,2024,Night,Cluster 2,High
24008567,2024-01-18 03:35:35+00:00,2024-01-18 01:48:00+00:00,,EVENING,ASSAULT W/DANGEROUS WEAPON,3500 - 3699 BLOCK OF ELY PLACE SE,7.0,6.0,Cluster 32,38.8836271895,-76.9538408844,1.0,18.0,1,Thursday,Night,1,ASSAULT W/DANGEROUS WEAPON,2024-01-18 03:35:35+00:00,3,2024,Night,Cluster 32,High
24041417,2024-03-19 05:13:32+00:00,2024-03-19 03:53:00+00:00,2024-03-19 04:00:00+00:00,MIDNIGHT,ASSAULT W/DANGEROUS WEAPON,2300 - 2499 BLOCK OF HARTFORD STREET SE,8.0,7.0,Cluster 36,38.8540837761,-76.9722143649,3.0,19.0,3,Tuesday,Night,1,ASSAULT W/DANGEROUS WEAPON,2024-03-19 05:13:32+00:00,5,2024,Night,Cluster 36,High
24166202,2024-10-26 04:25:36+00:00,2024-10-26 03:15:00+00:00,2024-10-26 04:30:00+00:00,MIDNIGHT,ASSAULT W/DANGEROUS WEAPON,3033 - 3098 BLOCK OF STANTON ROAD SE,8.0,7.0,Cluster 38,38.8524031478,-76.9823129126,3.0,26.0,10,Saturday,Night,1,ASSAULT W/DANGEROUS WEAPON,2024-10-26 04:25:36+00:00,4,2024,Night,Cluster 38,High
24023109,2024-02-14 08:41:10+00:00,2024-02-14 06:41:00+00:00,2024-02-14 07:41:00+00:00,MIDNIGHT,ASSAULT W/DANGEROUS WEAPON,33 - 119 BLOCK OF T STREET NE,5.0,5.0,Cluster 21,38.9155647023,-77.0063850147,6.0,14.0,2,Wednesday,Morning,1,ASSAULT W/DANGEROUS WEAPON,2024-02-14 08:41:10+00:00,8,2024,Day,Cluster 21,High
24111489,2024-07-21 07:25:24+00:00,2024-07-21 01:28:00+00:00,2024-07-21 03:39:00+00:00,MIDNIGHT,ASSAULT W/DANGEROUS WEAPON,900 - 999 BLOCK OF SOUTHERN AVENUE SE,8.0,7.0,Cluster 39,38.8314639672,-76.988150826,1.0,21.0,7,Sunday,Night,1,ASSAULT W/DANGEROUS WEAPON,2024-07-21 07:25:24+00:00,7,2024,Day,Cluster 39,High
24113203,2024-07-24 09:26:31+00:00,2024-07-24 07:57:00+00:00,2024-07-24 10:20:00+00:00,MIDNIGHT,ASSAULT W/DANGEROUS WEAPON,500 - 599 BLOCK OF NEWCOMB STREET SE,8.0,7.0,Cluster 39,38.8458328906,-76.9992974347,7.0,24.0,7,Wednesday,Morning,1,ASSAULT W/DANGEROUS WEAPON,2024-07-24 09:26:31+00:00,9,2024,Day,Cluster 39,High
24116396,2024-07-30 04:22:01+00:00,2024-07-30 02:26:00+00:00,2024-07-30 04:00:00+00:00,MIDNIGHT,ASSAULT W/DANGEROUS WEAPON,1400 - 1499 BLOCK OF 12TH STREET NW,2.0,3.0,Cluster 7,38.9091104498,-77.0280859193,2.0,30.0,7,Tuesday,Night,1,ASSAULT W/DANGEROUS WEAPON,2024-07-30 04:22:01+00:00,4,2024,Night,Cluster 7,Medium
24054868,2024-04-12 20:53:40+00:00,2024-04-12 18:31:00+00:00,,EVENING,ASSAULT W/DANGEROUS WEAPON,1500 - 1599 BLOCK OF MARYLAND AVENUE NE,5.0,5.0,Cluster 23,38.9007430378,-76.9819168035,18.0,12.0,4,Friday,Evening,1,ASSAULT W/DANGEROUS WEAPON,2024-04-12 20:53:40+00:00,20,2024,Night,Cluster 23,High
24094141,2024-06-21 01:41:06+00:00,2024-06-21 00:07:00+00:00,2024-06-21 01:07:00+00:00,EVENING,ASSAULT W/DANGEROUS WEAPON,6000 - 6099 BLOCK OF 13TH PLACE NW,4.0,4.0,Cluster 17,38.9636672514,-77.0308411183,0.0,21.0,6,Friday,Night,1,ASSAULT W/DANGEROUS WEAPON,2024-06-21 01:41:06+00:00,1,2024,Night,Cluster 17,Medium
24170278,2024-11-02 07:26:51+00:00,2024-11-02 03:11:00+00:00,2024-11-02 07:00:00+00:00,MIDNIGHT,ASSAULT W/DANGEROUS WEAPON,3919 - 3999 BLOCK OF 1ST STREET SE,8.0,7.0,Cluster 39,38.8316321208,-77.0058850357,3.0,2.0,11,Saturday,Night,1,ASSAULT W/DANGEROUS WEAPON,2024-11-02 07:26:51+00:00,7,2024,Day,Cluster 39,High
24199892,2024-12-27 15:59:30+00:00,2024-12-27 14:41:00+00:00,2024-12-27 16:00:00+00:00,DAY,ASSAULT W/DANGEROUS WEAPON,NORTH CAPITOL STREET AND KENNEDY STREET NE,4.0,4.0,Cluster 17,38.9565872342,-77.0090475181,14.0,27.0,12,Friday,Afternoon,1,ASSAULT W/DANGEROUS WEAPON,2024-12-27 15:59:30+00:00,15,2024,Day,Cluster 17,Medium
24195178,2024-12-17 22:59:49+00:00,2024-12-17 07:00:00+00:00,2024-12-17 19:00:00+00:00,EVENING,ASSAULT W/DANGEROUS WEAPON,2 - 199 BLOCK OF GALVESTON STREET SW,8.0,7.0,Cluster 39,38.8236013165,-77.0088899643,7.0,17.0,12,Tuesday,Morning,1,ASSAULT W/DANGEROUS WEAPON,2024-12-17 22:59:49+00:00,22,2024,Night,Cluster 39,High
24195279,2024-12-18 00:09:37+00:00,2024-12-17 22:39:00+00:00,,EVENING,ASSAULT W/DANGEROUS WEAPON,2700 - 2845 BLOCK OF ALABAMA AVENUE SE,7.0,6.0,Cluster 35,38.8594775631,-76.9676370731,22.0,17.0,12,Tuesday,Night,1,ASSAULT W/DANGEROUS WEAPON,2024-12-18 00:09:37+00:00,0,2024,Night,Cluster 35,Medium
24197703,2024-12-22 11:22:32+00:00,2024-12-22 08:00:00+00:00,2024-12-22 10:45:00+00:00,MIDNIGHT,ASSAULT W/DANGEROUS WEAPON,1 - 99 BLOCK OF S STREET NW,5.0,3.0,Cluster 21,38.914080723,-77.0106024967,8.0,22.0,12,Sunday,Morning,1,ASSAULT W/DANGEROUS WEAPON,2024-12-22 11:22:32+00:00,11,2024,Day,Cluster 21,High
24070834,2024-05-11 22:52:08+00:00,2024-05-11 21:00:00+00:00,2024-05-11 22:10:00+00:00,EVENING,ASSAULT W/DANGEROUS WEAPON,3600 - 3699 BLOCK OF BROTHERS PLACE SE,8.0,7.0,Cluster 39,38.8395147958,-77.006290959,21.0,11.0,5,Saturday,Night,1,ASSAULT W/DANGEROUS WEAPON,2024-05-11 22:52:08+00:00,22,2024,Night,Cluster 39,High
24133963,2024-08-31 06:26:28+00:00,2024-08-31 03:20:00+00:00,2024-08-31 06:00:00+00:00,MIDNIGHT,ASSAULT W/DANGEROUS WEAPON,1500 - 1524 BLOCK OF 18TH STREET NW,2.0,2.0,Cluster 6,38.9100148863,-77.0416697781,3.0,31.0,8,Saturday,Night,1,ASSAULT W/DANGEROUS WEAPON,2024-08-31 06:26:28+00:00,6,2024,Day,Cluster 6,Medium
24104332,2024-07-08 08:26:49+00:00,2024-07-08 06:34:00+00:00,2024-07-08 08:45:00+00:00,MIDNIGHT,ASSAULT W/DANGEROUS WEAPON,3700 - 3719 BLOCK OF 1ST STREET SE,8.0,7.0,Cluster 39,38.8376132886,-77.0058915049,6.0,8.0,7,Monday,Morning,1,ASSAULT W/DANGEROUS WEAPON,2024-07-08 08:26:49+00:00,8,2024,Day,Cluster 39,High
24180117,2024-11-20 01:24:28+00:00,2024-11-19 23:55:00+00:00,2024-11-20 01:24:00+00:00,EVENING,ASSAULT W/DANGEROUS WEAPON,4510 - 4549 BLOCK OF BENNING ROAD SE,7.0,6.0,Cluster 33,38.889093908,-76.9372513747,23.0,19.0,11,Tuesday,Night,1,ASSAULT W/DANGEROUS WEAPON,2024-11-20 01:24:28+00:00,1,2024,Night,Cluster 33,High
24000056,2024-01-01 07:53:13+00:00,2024-01-01 05:59:00+00:00,,MIDNIGHT,ASSAULT W/DANGEROUS WEAPON,3700 - 3851 BLOCK OF 9TH STREET SE,8.0,7.0,Cluster 39,38.8348859806,-76.9941948591,5.0,1.0,1,Monday,Night,1,ASSAULT W/DANGEROUS WEAPON,2024-01-01 07:53:13+00:00,7,2024,Day,Cluster 39,High
24093326,2024-06-19 17:59:50+00:00,2024-06-19 15:00:00+00:00,2024-06-19 17:00:00+00:00,DAY,ASSAULT W/DANGEROUS WEAPON,3850 - 3919 BLOCK OF 9TH STREET SE,8.0,7.0,Cluster 39,38.8328853139,-76.9915961302,15.0,19.0,6,Wednesday,Afternoon,1,ASSAULT W/DANGEROUS WEAPON,2024-06-19 17:59:50+00:00,17,2024,Day,Cluster 39,High
24022703,2024-02-13 16:01:28+00:00,2024-02-13 14:35:00+00:00,2024-02-13 14:38:00+00:00,DAY,ASSAULT W/DANGEROUS WEAPON,5130 - 5299 BLOCK OF SHERIFF ROAD NE,7.0,6.0,Cluster 31,38.9038739945,-76.9242796308,14.0,13.0,2,Tuesday,Afternoon,1,ASSAULT W/DANGEROUS WEAPON,2024-02-13 16:01:28+00:00,16,2024,Day,Cluster 31,High
24070681,2024-05-11 17:20:07+00:00,2024-05-11 15:26:00+00:00,2024-05-11 17:00:00+00:00,DAY,ASSAULT W/DANGEROUS WEAPON,2300 - 2399 BLOCK OF PENNSYLVANIA AVENUE SE,7.0,6.0,Cluster 34,38.8741198069,-76.972066947,15.0,11.0,5,Saturday,Afternoon,1,ASSAULT W/DANGEROUS WEAPON,2024-05-11 17:20:07+00:00,17,2024,Day,Cluster 34,High
24134151,2024-08-31 18:09:15+00:00,2024-08-31 14:31:00+00:00,,DAY,ASSAULT W/DANGEROUS WEAPON,2632 - 2663 BLOCK OF MARTIN LUTHER KING JR AVENUE SE,8.0,7.0,Cluster 37,38.8574453477,-76.9957806623,14.0,31.0,8,Saturday,Afternoon,1,ASSAULT W/DANGEROUS WEAPON,2024-08-31 18:09:15+00:00,18,2024,Night,Cluster 37,High
24079390,2024-05-26 23:38:18+00:00,2024-05-26 20:53:00+00:00,2024-05-26 21:50:00+00:00,EVENING,ASSAULT W/DANGEROUS WEAPON,1600 - 1699 BLOCK OF MARYLAND AVENUE NE,5.0,5.0,Cluster 23,38.9015468006,-76.9799376272,20.0,26.0,5,Sunday,Night,1,ASSAULT W/DANGEROUS WEAPON,2024-05-26 23:38:18+00:00,23,2024,Night,Cluster 23,High
24020559,2024-02-09 14:52:25+00:00,2024-02-09 13:00:00+00:00,2024-02-09 15:00:00+00:00,DAY,ASSAULT W/DANGEROUS WEAPON,2400 - 2500 BLOCK OF MARTIN LUTHER KING JR AVENUE SE,8.0,7.0,Cluster 37,38.8622527489,-76.9931812237,13.0,9.0,2,Friday,Afternoon,1,ASSAULT W/DANGEROUS WEAPON,2024-02-09 14:52:25+00:00,14,2024,Day,Cluster 37,High
24078556,2024-05-25 08:42:35+00:00,2024-05-25 07:30:00+00:00,2024-05-25 07:35:00+00:00,MIDNIGHT,ASSAULT W/DANGEROUS WEAPON,2000 - 2099 BLOCK OF 18TH STREET NW,1.0,3.0,Cluster 1,38.9174025405,-77.0416498795,7.0,25.0,5,Saturday,Morning,1,ASSAULT W/DANGEROUS WEAPON,2024-05-25 08:42:35+00:00,8,2024,Day,Cluster 1,Medium
24086103,2024-06-07 03:59:59+00:00,2024-06-07 00:55:00+00:00,2024-06-08 03:00:00+00:00,MIDNIGHT,ASSAULT W/DANGEROUS WEAPON,4660 - 4699 BLOCK OF MARTIN LUTHER KING JR AVENUE SW,8.0,7.0,Cluster 39,38.8216256757,-77.0110811748,0.0,7.0,6,Friday,Night,1,ASSAULT W/DANGEROUS WEAPON,2024-06-07 03:59:59+00:00,3,2024,Night,Cluster 39,High
24091987,2024-06-17 09:07:43+00:00,2024-06-17 05:39:00+00:00,,MIDNIGHT,ASSAULT W/DANGEROUS WEAPON,900 - 999 BLOCK OF BARNABY STREET SE,8.0,7.0,Cluster 39,38.8329040365,-76.9901952811,5.0,17.0,6,Monday,Night,1,ASSAULT W/DANGEROUS WEAPON,2024-06-17 09:07:43+00:00,9,2024,Day,Cluster 39,High
24030608,2024-02-28 06:01:12+00:00,2024-02-28 04:00:00+00:00,,MIDNIGHT,ASSAULT W/DANGEROUS WEAPON,3300 - 3730 BLOCK OF HAYES STREET NE,7.0,6.0,Cluster 30,38.9066615961,-76.9528191142,4.0,28.0,2,Wednesday,Night,1,ASSAULT W/DANGEROUS WEAPON,2024-02-28 06:01:12+00:00,6,2024,Day,Cluster 30,High
24031109,2024-02-29 07:50:25+00:00,2024-02-29 03:09:00+00:00,2024-02-29 04:00:00+00:00,MIDNIGHT,ASSAULT W/DANGEROUS WEAPON,2300 - 2399 BLOCK OF MARTIN LUTHER KING JR AVENUE SE,8.0,7.0,Cluster 28,38.8630405315,-76.9917324593,3.0,29.0,2,Thursday,Night,1,ASSAULT W/DANGEROUS WEAPON,2024-02-29 07:50:25+00:00,7,2024,Day,Cluster 28,Medium
24021894,2024-02-12 02:36:24+00:00,2024-02-11 23:30:00+00:00,2024-02-12 03:00:00+00:00,EVENING,ASSAULT W/DANGEROUS WEAPON,800 - 899 BLOCK OF 7TH STREET NW,2.0,1.0,Cluster 8,38.9003415999,-77.0219151997,23.0,11.0,2,Sunday,Night,1,ASSAULT W/DANGEROUS WEAPON,2024-02-12 02:36:24+00:00,2,2024,Night,Cluster 8,Medium
24077273,2024-05-23 05:48:30+00:00,2024-05-23 01:07:00+00:00,2024-05-23 18:09:00+00:00,MIDNIGHT,ASSAULT W/DANGEROUS WEAPON,100 - 134 BLOCK OF WILMINGTON PLACE SE,8.0,,Cluster 39,38.8366790556,-77.0051259569,1.0,23.0,5,Thursday,Night,1,ASSAULT W/DANGEROUS WEAPON,2024-05-23 05:48:30+00:00,5,2024,Night,Cluster 39,High
24059644,2024-04-21 17:28:06+00:00,2024-04-21 16:10:00+00:00,,DAY,ASSAULT W/DANGEROUS WEAPON,R STREET NW AND 16TH STREET NW,2.0,3.0,Cluster 6,38.9126086711,-77.0365145124,16.0,21.0,4,Sunday,Afternoon,1,ASSAULT W/DANGEROUS WEAPON,2024-04-21 17:28:06+00:00,17,2024,Day,Cluster 6,Medium
24066407,2024-05-03 19:52:08+00:00,2024-05-03 15:54:00+00:00,2024-05-03 19:22:00+00:00,EVENING,ASSAULT W/DANGEROUS WEAPON,4600 - 4699 BLOCK OF LIVINGSTON ROAD SE,8.0,7.0,Cluster 39,38.8229262554,-77.0019425343,15.0,3.0,5,Friday,Afternoon,1,ASSAULT W/DANGEROUS WEAPON,2024-05-03 19:52:08+00:00,19,2024,Night,Cluster 39,High
24077299,2024-05-23 06:20:31+00:00,2024-05-23 04:26:00+00:00,2024-05-23 06:00:00+00:00,MIDNIGHT,ASSAULT W/DANGEROUS WEAPON,20 - 199 BLOCK OF FORRESTER STREET SW,8.0,7.0,Cluster 39,38.8251994209,-77.0101641251,4.0,23.0,5,Thursday,Night,1,ASSAULT W/DANGEROUS WEAPON,2024-05-23 06:20:31+00:00,6,2024,Day,Cluster 39,High
24027052,2024-02-21 19:12:31+00:00,2024-02-21 17:40:00+00:00,2024-02-21 17:45:00+00:00,DAY,ASSAULT W/DANGEROUS WEAPON,1200 - 1299 BLOCK OF DELAFIELD PLACE NE,5.0,4.0,Cluster 20,38.9494573941,-76.98818048,17.0,21.0,2,Wednesday,Evening,1,ASSAULT W/DANGEROUS WEAPON,2024-02-21 19:12:31+00:00,19,2024,Night,Cluster 20,Low
24187075,2024-12-03 08:35:14+00:00,2024-12-03 07:54:00+00:00,2024-12-03 08:35:00+00:00,MIDNIGHT,ASSAULT W/DANGEROUS WEAPON,2300 - 3955 BLOCK OF EAST CAPITOL STREET,7.0,6.0,Cluster 32,38.8897870573,-76.9580556016,7.0,3.0,12,Tuesday,Morning,1,ASSAULT W/DANGEROUS WEAPON,2024-12-03 08:35:14+00:00,8,2024,Day,Cluster 32,High
24161279,2024-10-18 01:13:04+00:00,2024-10-17 22:39:00+00:00,2024-10-18 01:30:00+00:00,EVENING,ASSAULT W/DANGEROUS WEAPON,700 - 799 BLOCK OF QUEBEC PLACE NW,1.0,4.0,Cluster 2,38.9360400986,-77.0227371295,22.0,17.0,10,Thursday,Night,1,ASSAULT W/DANGEROUS WEAPON,2024-10-18 01:13:04+00:00,1,2024,Night,Cluster 2,High
24084757,2024-06-04 23:58:46+00:00,2024-06-04 21:20:00+00:00,2024-06-04 22:00:00+00:00,EVENING,ASSAULT W/DANGEROUS WEAPON,5100 - 5299 BLOCK OF CALL PLACE SE,7.0,6.0,Cluster 33,38.8841791704,-76.9274207868,21.0,4.0,6,Tuesday,Night,1,ASSAULT W/DANGEROUS WEAPON,2024-06-04 23:58:46+00:00,23,2024,Night,Cluster 33,High
24129182,2024-08-22 21:51:31+00:00,2024-08-22 05:50:00+00:00,2024-08-22 10:30:00+00:00,EVENING,ASSAULT W/DANGEROUS WEAPON,1800 - 1899 BLOCK OF I STREET NE,5.0,5.0,Cluster 23,38.9017008145,-76.9768580995,5.0,22.0,8,Thursday,Night,1,ASSAULT W/DANGEROUS WEAPON,2024-08-22 21:51:31+00:00,21,2024,Night,Cluster 23,High
24005750,2024-01-12 05:56:29+00:00,2024-01-12 02:26:00+00:00,2024-01-12 05:57:00+00:00,MIDNIGHT,ASSAULT W/DANGEROUS WEAPON,4100 - 4276 BLOCK OF EAST CAPITOL STREET,7.0,6.0,Cluster 32,38.8897782316,-76.9413941594,2.0,12.0,1,Friday,Night,1,ASSAULT W/DANGEROUS WEAPON,2024-01-12 05:56:29+00:00,5,2024,Night,Cluster 32,High
24016631,2024-02-02 17:28:05+00:00,2024-02-02 12:08:00+00:00,2024-02-02 12:11:00+00:00,DAY,ASSAULT W/DANGEROUS WEAPON,3200 - 3265 BLOCK OF PROSPECT STREET NW,2.0,2.0,Cluster 4,38.9060012859,-77.0640236367,12.0,2.0,2,Friday,Afternoon,1,ASSAULT W/DANGEROUS WEAPON,2024-02-02 17:28:05+00:00,17,2024,Day,Cluster 4,Low
24016784,2024-02-02 19:22:20+00:00,2024-02-02 17:43:00+00:00,2024-02-02 19:20:00+00:00,DAY,ASSAULT W/DANGEROUS WEAPON,4000 - 4121 BLOCK OF MINNESOTA AVENUE NE,7.0,6.0,Cluster 30,38.8966558827,-76.9476475094,17.0,2.0,2,Friday,Evening,1,ASSAULT W/DANGEROUS WEAPON,2024-02-02 19:22:20+00:00,19,2024,Night,Cluster 30,High
24028579,2024-02-24 10:41:19+00:00,2024-02-24 08:50:00+00:00,,MIDNIGHT,ASSAULT W/DANGEROUS WEAPON,4600 - 4699 BLOCK OF HILLSIDE ROAD SE,7.0,6.0,Cluster 33,38.876480906,-76.9326213063,8.0,24.0,2,Saturday,Morning,1,ASSAULT W/DANGEROUS WEAPON,2024-02-24 10:41:19+00:00,10,2024,Day,Cluster 33,High
24112493,2024-07-22 23:57:10+00:00,2024-07-22 03:21:00+00:00,2024-07-22 03:31:00+00:00,EVENING,ASSAULT W/DANGEROUS WEAPON,5100 - 5298 BLOCK OF FITCH STREET SE,7.0,6.0,Cluster 33,38.8808134633,-76.9281368887,3.0,22.0,7,Monday,Night,1,ASSAULT W/DANGEROUS WEAPON,2024-07-22 23:57:10+00:00,23,2024,Night,Cluster 33,High
24184233,2024-11-27 08:17:42+00:00,2024-11-27 06:07:00+00:00,2024-11-27 08:00:00+00:00,MIDNIGHT,ASSAULT W/DANGEROUS WEAPON,4810 - 4899 BLOCK OF BENNING ROAD SE,7.0,6.0,Cluster 33,38.8807964353,-76.9326683422,6.0,27.0,11,Wednesday,Morning,1,ASSAULT W/DANGEROUS WEAPON,2024-11-27 08:17:42+00:00,8,2024,Day,Cluster 33,High
24077875,2024-05-24 05:10:38+00:00,2024-05-24 02:36:00+00:00,2024-05-24 05:10:00+00:00,MIDNIGHT,ASSAULT W/DANGEROUS WEAPON,600 - 613 BLOCK OF FLORIDA AVENUE NW,2.0,3.0,Cluster 3,38.9155939189,-77.0203171173,2.0,24.0,5,Friday,Night,1,ASSAULT W/DANGEROUS WEAPON,2024-05-24 05:10:38+00:00,5,2024,Night,Cluster 3,Medium
24113997,2024-07-25 21:19:37+00:00,2024-07-25 17:49:00+00:00,2024-07-25 19:30:00+00:00,EVENING,ASSAULT W/DANGEROUS WEAPON,1400 - 1425 BLOCK OF EASTERN AVENUE NE,7.0,6.0,Cluster 31,38.9089969939,-76.9299771033,17.0,25.0,7,Thursday,Evening,1,ASSAULT W/DANGEROUS WEAPON,2024-07-25 21:19:37+00:00,21,2024,Night,Cluster 31,High
24118539,2024-08-03 03:23:33+00:00,2024-08-02 23:18:00+00:00,2024-08-03 01:38:00+00:00,MIDNIGHT,ASSAULT W/DANGEROUS WEAPON,600 - 699 BLOCK OF DIVISION AVENUE NE,7.0,6.0,Cluster 31,38.8977598792,-76.9258856077,23.0,2.0,8,Friday,Night,1,ASSAULT W/DANGEROUS WEAPON,2024-08-03 03:23:33+00:00,3,2024,Night,Cluster 31,High
24120730,2024-08-07 01:58:35+00:00,2024-08-07 00:49:00+00:00,2024-08-07 01:50:00+00:00,EVENING,ASSAULT W/DANGEROUS WEAPON,6000 - 6099 BLOCK OF GEORGIA AVENUE NW,4.0,4.0,Cluster 17,38.963236057,-77.0278475189,0.0,7.0,8,Wednesday,Night,1,ASSAULT W/DANGEROUS WEAPON,2024-08-07 01:58:35+00:00,1,2024,Night,Cluster 17,Medium
24142369,2024-09-15 10:54:31+00:00,2024-09-15 09:33:00+00:00,2024-09-15 11:00:00+00:00,MIDNIGHT,ASSAULT W/DANGEROUS WEAPON,100 - 222 BLOCK OF 35TH STREET NE,7.0,6.0,Cluster 32,38.8918250184,-76.9539795385,9.0,15.0,9,Sunday,Morning,1,ASSAULT W/DANGEROUS WEAPON,2024-09-15 10:54:31+00:00,10,2024,Day,Cluster 32,High
24163205,2024-10-21 10:51:30+00:00,2024-10-21 06:55:00+00:00,,MIDNIGHT,ASSAULT W/DANGEROUS WEAPON,100 - 199 BLOCK OF IVANHOE STREET SW,8.0,7.0,Cluster 39,38.8213127141,-77.0090026465,6.0,21.0,10,Monday,Morning,1,ASSAULT W/DANGEROUS WEAPON,2024-10-21 10:51:30+00:00,10,2024,Day,Cluster 39,High
24079627,2024-05-27 08:59:59+00:00,2024-05-27 05:56:00+00:00,2024-05-27 08:54:00+00:00,MIDNIGHT,ASSAULT W/DANGEROUS WEAPON,1600 - 1699 BLOCK OF L STREET NW,2.0,2.0,Cluster 6,38.9037389142,-77.0375236993,5.0,27.0,5,Monday,Night,1,ASSAULT W/DANGEROUS WEAPON,2024-05-27 08:59:59+00:00,8,2024,Day,Cluster 6,Medium
24192581,2024-12-13 01:15:42+00:00,2024-12-13 00:20:00+00:00,,EVENING,ASSAULT W/DANGEROUS WEAPON,5200 - 5299 BLOCK OF HAYES STREET NE,7.0,6.0,Cluster 31,38.8997426876,-76.9258890481,0.0,13.0,12,Friday,Night,1,ASSAULT W/DANGEROUS WEAPON,2024-12-13 01:15:42+00:00,1,2024,Night,Cluster 31,High
24056508,2024-04-15 19:38:42+00:00,2024-04-15 18:19:00+00:00,2024-04-15 18:50:00+00:00,EVENING,ASSAULT W/DANGEROUS WEAPON,2300 - 2399 BLOCK OF MARION BARRY AVENUE SE,8.0,6.0,Cluster 34,38.8635345572,-76.9739720394,18.0,15.0,4,Monday,Evening,1,ASSAULT W/DANGEROUS WEAPON,2024-04-15 19:38:42+00:00,19,2024,Night,Cluster 34,High
24112432,2024-07-22 21:12:18+00:00,2024-07-22 19:07:00+00:00,2024-07-22 19:15:00+00:00,EVENING,ASSAULT W/DANGEROUS WEAPON,1700 - 1717 BLOCK OF L STREET NW,2.0,2.0,Cluster 6,38.903741046,-77.039260168,19.0,22.0,7,Monday,Evening,1,ASSAULT W/DANGEROUS WEAPON,2024-07-22 21:12:18+00:00,21,2024,Night,Cluster 6,Medium
24114012,2024-07-25 20:28:45+00:00,2024-07-25 18:38:00+00:00,2024-07-25 19:40:00+00:00,EVENING,ASSAULT W/DANGEROUS WEAPON,500 - 699 BLOCK OF HARVARD STREET NW,1.0,,Cluster 2,38.9274233965,-77.0217214713,18.0,25.0,7,Thursday,Evening,1,ASSAULT W/DANGEROUS WEAPON,2024-07-25 20:28:45+00:00,20,2024,Night,Cluster 2,High
24191052,2024-12-10 08:20:39+00:00,2024-12-10 05:18:00+00:00,2024-12-10 06:00:00+00:00,MIDNIGHT,ASSAULT W/DANGEROUS WEAPON,5600 - 5699 BLOCK OF 13TH STREET NW,4.0,4.0,Cluster 18,38.9578132629,-77.0296942916,5.0,10.0,12,Tuesday,Night,1,ASSAULT W/DANGEROUS WEAPON,2024-12-10 08:20:39+00:00,8,2024,Day,Cluster 18,High
24084890,2024-06-05 03:24:37+00:00,2024-06-05 02:29:00+00:00,2024-06-05 04:30:00+00:00,MIDNIGHT,ASSAULT W/DANGEROUS WEAPON,1800 - 1869 BLOCK OF BENNING ROAD NE,5.0,5.0,Cluster 23,38.8989945496,-76.9769899359,2.0,5.0,6,Wednesday,Night,1,ASSAULT W/DANGEROUS WEAPON,2024-06-05 03:24:37+00:00,3,2024,Night,Cluster 23,High
24187329,2024-12-03 22:04:28+00:00,2024-12-03 19:45:00+00:00,2024-12-03 20:30:00+00:00,EVENING,ASSAULT W/DANGEROUS WEAPON,4000 - 4121 BLOCK OF MINNESOTA AVENUE NE,7.0,6.0,Cluster 30,38.8966558827,-76.9476475094,19.0,3.0,12,Tuesday,Evening,1,ASSAULT W/DANGEROUS WEAPON,2024-12-03 22:04:28+00:00,22,2024,Night,Cluster 30,High
24092474,2024-06-18 02:33:14+00:00,2024-06-18 01:26:00+00:00,2024-06-18 01:30:00+00:00,EVENING,ASSAULT W/DANGEROUS WEAPON,3700 - 3761 BLOCK OF MINNESOTA AVENUE NE,7.0,6.0,Cluster 32,38.8913294679,-76.9519658968,1.0,18.0,6,Tuesday,Night,1,ASSAULT W/DANGEROUS WEAPON,2024-06-18 02:33:14+00:00,2,2024,Night,Cluster 32,High
24093139,2024-06-19 08:15:29+00:00,2024-06-19 05:59:00+00:00,2024-06-19 08:00:00+00:00,MIDNIGHT,ASSAULT W/DANGEROUS WEAPON,2300 - 2399 BLOCK OF MARION BARRY AVENUE SE,8.0,6.0,Cluster 34,38.8635345572,-76.9739720394,5.0,19.0,6,Wednesday,Night,1,ASSAULT W/DANGEROUS WEAPON,2024-06-19 08:15:29+00:00,8,2024,Day,Cluster 34,High
24181815,2024-11-23 01:26:34+00:00,2024-11-23 00:50:00+00:00,2024-11-23 01:30:00+00:00,EVENING,ASSAULT W/DANGEROUS WEAPON,5300 - 5325 BLOCK OF EAST CAPITOL STREET,7.0,6.0,Cluster 33,38.8897565166,-76.9255231354,0.0,23.0,11,Saturday,Night,1,ASSAULT W/DANGEROUS WEAPON,2024-11-23 01:26:34+00:00,1,2024,Night,Cluster 33,High
24195948,2024-12-19 04:33:59+00:00,2024-12-19 02:44:00+00:00,2024-12-19 03:00:00+00:00,MIDNIGHT,ASSAULT W/DANGEROUS WEAPON,SHERIFF ROAD NE AND EASTERN AVENUE NE,7.0,6.0,Cluster 31,38.9039984204,-76.9235987831,2.0,19.0,12,Thursday,Night,1,ASSAULT W/DANGEROUS WEAPON,2024-12-19 04:33:59+00:00,4,2024,Night,Cluster 31,High
24192344,2024-12-12 18:38:55+00:00,2024-12-12 16:35:00+00:00,2024-12-12 16:36:00+00:00,DAY,ASSAULT W/DANGEROUS WEAPON,2900 - 3029 BLOCK OF MACOMB STREET NW,3.0,2.0,Cluster 15,38.933500358,-77.0591034083,16.0,12.0,12,Thursday,Afternoon,1,ASSAULT W/DANGEROUS WEAPON,2024-12-12 18:38:55+00:00,18,2024,Night,Cluster 15,Low
24194426,2024-12-16 17:01:43+00:00,2024-12-16 15:36:00+00:00,2024-12-16 16:00:00+00:00,DAY,ASSAULT W/DANGEROUS WEAPON,4621 - 4799 BLOCK OF NANNIE HELEN BURROUGHS AVENUE NE,7.0,6.0,Cluster 30,38.8990832564,-76.9344031145,15.0,16.0,12,Monday,Afternoon,1,ASSAULT W/DANGEROUS WEAPON,2024-12-16 17:01:43+00:00,17,2024,Day,Cluster 30,High
24159174,2024-10-14 07:41:48+00:00,2024-10-14 04:49:00+00:00,2024-10-14 07:00:00+00:00,MIDNIGHT,ASSAULT W/DANGEROUS WEAPON,5000 - 5099 BLOCK OF BASS PLACE SE,7.0,6.0,Cluster 33,38.8858345013,-76.9293787624,4.0,14.0,10,Monday,Night,1,ASSAULT W/DANGEROUS WEAPON,2024-10-14 07:41:48+00:00,7,2024,Day,Cluster 33,High
24098347,2024-06-27 22:54:08+00:00,2024-06-27 22:20:00+00:00,2024-06-27 22:55:00+00:00,EVENING,ASSAULT W/DANGEROUS WEAPON,100 - 379 BLOCK OF MICHIGAN AVENUE NE,5.0,4.0,Cluster 21,38.9287990063,-77.0044931979,22.0,27.0,6,Thursday,Night,1,ASSAULT W/DANGEROUS WEAPON,2024-06-27 22:54:08+00:00,22,2024,Night,Cluster 21,High
24099645,2024-06-30 08:22:37+00:00,2024-06-30 03:17:00+00:00,2024-06-30 06:41:00+00:00,MIDNIGHT,ASSAULT W/DANGEROUS WEAPON,2800 - 2899 BLOCK OF POMEROY ROAD SE,8.0,7.0,Cluster 37,38.8558466728,-76.9955287309,3.0,30.0,6,Sunday,Night,1,ASSAULT W/DANGEROUS WEAPON,2024-06-30 08:22:37+00:00,8,2024,Day,Cluster 37,High
24114226,2024-07-26 04:59:33+00:00,2024-07-26 02:44:00+00:00,2024-07-26 05:00:00+00:00,MIDNIGHT,ASSAULT W/DANGEROUS WEAPON,2300 - 2320 BLOCK OF WAGNER STREET SE,8.0,7.0,Cluster 36,38.8607052331,-76.9727041417,2.0,26.0,7,Friday,Night,1,ASSAULT W/DANGEROUS WEAPON,2024-07-26 04:59:33+00:00,4,2024,Night,Cluster 36,High
24058362,2024-04-19 02:54:26+00:00,2024-04-19 00:26:00+00:00,,EVENING,ASSAULT W/DANGEROUS WEAPON,2300 - 2399 BLOCK OF GOOD HOPE ROAD SE,8.0,6.0,Cluster 34,38.8635345572,-76.9739720394,0.0,19.0,4,Friday,Night,1,ASSAULT W/DANGEROUS WEAPON,2024-04-19 02:54:26+00:00,2,2024,Night,Cluster 34,High
24055224,2024-04-13 08:41:28+00:00,2024-04-13 07:00:00+00:00,2024-04-13 08:35:00+00:00,MIDNIGHT,ASSAULT W/DANGEROUS WEAPON,2300 - 3699 BLOCK OF NEW YORK AVENUE NE,5.0,5.0,Cluster 24,38.9171372142,-76.9651340569,7.0,13.0,4,Saturday,Morning,1,ASSAULT W/DANGEROUS WEAPON,2024-04-13 08:41:28+00:00,8,2024,Day,Cluster 24,Low
24061035,2024-04-24 09:01:37+00:00,2024-04-24 07:54:00+00:00,,MIDNIGHT,ASSAULT W/DANGEROUS WEAPON,3100 - 3118 BLOCK OF MARTIN LUTHER KING JR AVENUE SE,8.0,7.0,Cluster 39,38.8436500827,-76.9989987604,7.0,24.0,4,Wednesday,Morning,1,ASSAULT W/DANGEROUS WEAPON,2024-04-24 09:01:37+00:00,9,2024,Day,Cluster 39,High
24062696,2024-04-27 07:03:24+00:00,2024-04-27 02:27:00+00:00,2024-04-27 04:12:00+00:00,MIDNIGHT,ASSAULT W/DANGEROUS WEAPON,2700 - 2899 BLOCK OF LANGSTON PLACE SE,8.0,7.0,Cluster 36,38.8561277862,-76.9725864468,2.0,27.0,4,Saturday,Night,1,ASSAULT W/DANGEROUS WEAPON,2024-04-27 07:03:24+00:00,7,2024,Day,Cluster 36,High
24063808,2024-04-29 07:04:18+00:00,2024-04-29 05:22:00+00:00,2024-04-29 07:00:00+00:00,MIDNIGHT,ASSAULT W/DANGEROUS WEAPON,1500 - 1599 BLOCK OF BENNING ROAD NE,7.0,5.0,Cluster 23,38.8999764193,-76.9824602061,5.0,29.0,4,Monday,Night,1,ASSAULT W/DANGEROUS WEAPON,2024-04-29 07:04:18+00:00,7,2024,Day,Cluster 23,High
24063848,2024-04-29 10:09:15+00:00,2024-04-29 08:31:00+00:00,2024-04-29 10:09:00+00:00,MIDNIGHT,ASSAULT W/DANGEROUS WEAPON,3500 - 3599 BLOCK OF A STREET SE,7.0,6.0,Cluster 32,38.8887848833,-76.9549446976,8.0,29.0,4,Monday,Morning,1,ASSAULT W/DANGEROUS WEAPON,2024-04-29 10:09:15+00:00,10,2024,Day,Cluster 32,High
24064340,2024-04-30 07:07:48+00:00,2024-04-30 02:54:00+00:00,,MIDNIGHT,ASSAULT W/DANGEROUS WEAPON,1500 - 1599 BLOCK OF 10TH STREET NW,2.0,3.0,Cluster 7,38.9102765245,-77.025989098,2.0,30.0,4,Tuesday,Night,1,ASSAULT W/DANGEROUS WEAPON,2024-04-30 07:07:48+00:00,7,2024,Day,Cluster 7,Medium
24138898,2024-09-09 06:27:47+00:00,2024-09-09 04:33:00+00:00,2024-09-09 05:00:00+00:00,MIDNIGHT,ASSAULT W/DANGEROUS WEAPON,JUST STREET NE AND DIVISION AVENUE NE,7.0,6.0,Cluster 31,38.9028851637,-76.924027511,4.0,9.0,9,Monday,Night,1,ASSAULT W/DANGEROUS WEAPON,2024-09-09 06:27:47+00:00,6,2024,Day,Cluster 31,High
24145841,2024-09-21 07:13:15+00:00,2024-09-21 04:44:00+00:00,,MIDNIGHT,ASSAULT W/DANGEROUS WEAPON,12TH STREET NW AND NEW YORK AVENUE NW,2.0,2.0,Cluster 8,38.900744221,-77.028072197,4.0,21.0,9,Saturday,Night,1,ASSAULT W/DANGEROUS WEAPON,2024-09-21 07:13:15+00:00,7,2024,Day,Cluster 8,Medium
24000084,2024-01-01 07:47:54+00:00,2024-01-01 06:14:00+00:00,2024-01-08 06:20:00+00:00,MIDNIGHT,ASSAULT W/DANGEROUS WEAPON,3600 - 3699 BLOCK OF BROTHERS PLACE SE,8.0,7.0,Cluster 39,38.8395147958,-77.006290959,6.0,1.0,1,Monday,Morning,1,ASSAULT W/DANGEROUS WEAPON,2024-01-01 07:47:54+00:00,7,2024,Day,Cluster 39,High
24000635,2024-01-02 06:56:55+00:00,2024-01-02 05:33:00+00:00,,MIDNIGHT,ASSAULT W/DANGEROUS WEAPON,2100 - 2298 BLOCK OF MISSISSIPPI AVENUE SE,8.0,7.0,Cluster 38,38.8438709459,-76.9731366993,5.0,2.0,1,Tuesday,Night,1,ASSAULT W/DANGEROUS WEAPON,2024-01-02 06:56:55+00:00,6,2024,Day,Cluster 38,High
24169367,2024-10-31 22:16:25+00:00,2024-10-31 20:50:00+00:00,2024-10-31 21:05:00+00:00,EVENING,ASSAULT W/DANGEROUS WEAPON,500 - 599 BLOCK OF MORSE STREET NE,5.0,5.0,Cluster 23,38.9071829657,-76.9983926928,20.0,31.0,10,Thursday,Night,1,ASSAULT W/DANGEROUS WEAPON,2024-10-31 22:16:25+00:00,22,2024,Night,Cluster 23,High
24201718,2024-12-31 02:53:38+00:00,2024-12-31 00:19:00+00:00,2024-12-31 01:30:00+00:00,EVENING,ASSAULT W/DANGEROUS WEAPON,2627 - 2699 BLOCK OF STANTON ROAD SE,8.0,7.0,Cluster 37,38.8584648442,-76.9900561524,0.0,31.0,12,Tuesday,Night,1,ASSAULT W/DANGEROUS WEAPON,2024-12-31 02:53:38+00:00,2,2024,Night,Cluster 37,High
24107163,2024-07-13 12:32:50+00:00,2024-07-13 08:59:00+00:00,,DAY,ASSAULT W/DANGEROUS WEAPON,1600 - 1699 BLOCK OF MORRIS ROAD SE,8.0,7.0,Cluster 37,38.8571298381,-76.9815226497,8.0,13.0,7,Saturday,Morning,1,ASSAULT W/DANGEROUS WEAPON,2024-07-13 12:32:50+00:00,12,2024,Day,Cluster 37,High
24107798,2024-07-14 16:14:58+00:00,2024-07-14 14:47:00+00:00,2024-07-14 14:50:00+00:00,DAY,ASSAULT W/DANGEROUS WEAPON,GALES STREET NE AND 17TH STREET NE,7.0,5.0,Cluster 25,38.8981117771,-76.9796702239,14.0,14.0,7,Sunday,Afternoon,1,ASSAULT W/DANGEROUS WEAPON,2024-07-14 16:14:58+00:00,16,2024,Day,Cluster 25,High
24146650,2024-09-22 19:30:26+00:00,2024-09-22 17:20:00+00:00,2024-09-22 19:00:00+00:00,EVENING,ASSAULT W/DANGEROUS WEAPON,1516 - 1699 BLOCK OF BENNING ROAD NE,7.0,5.0,Cluster 25,38.8996151246,-76.9803866148,17.0,22.0,9,Sunday,Evening,1,ASSAULT W/DANGEROUS WEAPON,2024-09-22 19:30:26+00:00,19,2024,Night,Cluster 25,High
24159678,2024-10-15 08:36:15+00:00,2024-10-15 04:17:00+00:00,2024-10-15 06:37:00+00:00,MIDNIGHT,ASSAULT W/DANGEROUS WEAPON,2900 - 3049 BLOCK OF VAN NESS STREET NW,3.0,2.0,Cluster 12,38.9431541919,-77.0617125934,4.0,15.0,10,Tuesday,Night,1,ASSAULT W/DANGEROUS WEAPON,2024-10-15 08:36:15+00:00,8,2024,Day,Cluster 12,Low
24064260,2024-04-30 01:37:12+00:00,2024-04-29 23:54:00+00:00,,EVENING,ASSAULT W/DANGEROUS WEAPON,1610 - 1638 BLOCK OF COLUMBIA ROAD NW,1.0,3.0,Cluster 1,38.9259430478,-77.037431938,23.0,29.0,4,Monday,Night,1,ASSAULT W/DANGEROUS WEAPON,2024-04-30 01:37:12+00:00,1,2024,Night,Cluster 1,Medium
24102501,2024-07-05 09:27:05+00:00,2024-07-05 05:34:00+00:00,,MIDNIGHT,ASSAULT W/DANGEROUS WEAPON,3400 - 3499 BLOCK OF 13TH PLACE SE,8.0,7.0,Cluster 38,38.8416472905,-76.9872813232,5.0,5.0,7,Friday,Night,1,ASSAULT W/DANGEROUS WEAPON,2024-07-05 09:27:05+00:00,9,2024,Day,Cluster 38,High
24188985,2024-12-06 20:15:52+00:00,2024-12-06 18:55:00+00:00,2024-12-06 20:15:00+00:00,EVENING,ASSAULT W/DANGEROUS WEAPON,16TH STREET NE AND LEVIS STREET NE,5.0,5.0,Cluster 23,38.9043185118,-76.9817105675,18.0,6.0,12,Friday,Evening,1,ASSAULT W/DANGEROUS WEAPON,2024-12-06 20:15:52+00:00,20,2024,Night,Cluster 23,High
24190594,2024-12-09 17:49:53+00:00,2024-12-09 15:59:00+00:00,2024-12-09 17:30:00+00:00,DAY,ASSAULT W/DANGEROUS WEAPON,4100 - 4530 BLOCK OF LIVINGSTON ROAD SE,8.0,7.0,Cluster 39,38.826457661,-77.003590328,15.0,9.0,12,Monday,Afternoon,1,ASSAULT W/DANGEROUS WEAPON,2024-12-09 17:49:53+00:00,17,2024,Day,Cluster 39,High
24135282,2024-09-02 19:37:10+00:00,2024-09-02 17:30:00+00:00,2024-09-02 19:37:00+00:00,EVENING,ASSAULT W/DANGEROUS WEAPON,2100 - 2199 BLOCK OF I STREET NE,5.0,5.0,Cluster 23,38.9032551968,-76.9730337496,17.0,2.0,9,Monday,Evening,1,ASSAULT W/DANGEROUS WEAPON,2024-09-02 19:37:10+00:00,19,2024,Night,Cluster 23,High
24070422,2024-05-11 08:28:05+00:00,2024-05-11 02:06:00+00:00,2024-05-11 08:06:00+00:00,MIDNIGHT,ASSAULT W/DANGEROUS WEAPON,MINNESOTA AVENUE SE AND B STREET SE,7.0,6.0,Cluster 32,38.8875827939,-76.954670273,2.0,11.0,5,Saturday,Night,1,ASSAULT W/DANGEROUS WEAPON,2024-05-11 08:28:05+00:00,8,2024,Day,Cluster 32,High
24177949,2024-11-16 05:02:10+00:00,2024-11-16 04:03:00+00:00,2024-11-16 05:00:00+00:00,MIDNIGHT,ASSAULT W/DANGEROUS WEAPON,2421 - 2499 BLOCK OF WAGNER STREET SE,8.0,7.0,Cluster 36,38.8593868557,-76.9707373554,4.0,16.0,11,Saturday,Night,1,ASSAULT W/DANGEROUS WEAPON,2024-11-16 05:02:10+00:00,5,2024,Night,Cluster 36,High
24179082,2024-11-18 09:26:10+00:00,2024-11-18 05:28:00+00:00,2024-11-18 08:55:00+00:00,MIDNIGHT,ASSAULT W/DANGEROUS WEAPON,3400 - 3499 BLOCK OF 13TH PLACE SE,8.0,7.0,Cluster 38,38.8416472905,-76.9872813232,5.0,18.0,11,Monday,Night,1,ASSAULT W/DANGEROUS WEAPON,2024-11-18 09:26:10+00:00,9,2024,Day,Cluster 38,High
24151764,2024-10-01 07:07:45+00:00,2024-10-01 05:38:00+00:00,2024-10-01 08:00:00+00:00,MIDNIGHT,ASSAULT W/DANGEROUS WEAPON,800 - 899 BLOCK OF CHESAPEAKE STREET SE,8.0,7.0,Cluster 39,38.8292031593,-76.9923943297,5.0,1.0,10,Tuesday,Night,1,ASSAULT W/DANGEROUS WEAPON,2024-10-01 07:07:45+00:00,7,2024,Day,Cluster 39,High
24079731,2024-05-27 15:21:05+00:00,2024-05-27 11:50:00+00:00,2024-05-27 15:00:00+00:00,DAY,ASSAULT W/DANGEROUS WEAPON,4000 - 4121 BLOCK OF MINNESOTA AVENUE NE,7.0,6.0,Cluster 30,38.8966558827,-76.9476475094,11.0,27.0,5,Monday,Morning,1,ASSAULT W/DANGEROUS WEAPON,2024-05-27 15:21:05+00:00,15,2024,Day,Cluster 30,High
24163149,2024-10-21 04:54:06+00:00,2024-10-21 02:36:00+00:00,,MIDNIGHT,ASSAULT W/DANGEROUS WEAPON,3200 - 3299 BLOCK OF E STREET SE,7.0,6.0,Cluster 32,38.8828380712,-76.9606318788,2.0,21.0,10,Monday,Night,1,ASSAULT W/DANGEROUS WEAPON,2024-10-21 04:54:06+00:00,4,2024,Night,Cluster 32,High
24120324,2024-08-06 12:51:31+00:00,2024-08-06 11:27:00+00:00,2024-08-06 11:35:00+00:00,DAY,ASSAULT W/DANGEROUS WEAPON,3011 - 3024 BLOCK OF MARTIN LUTHER KING JR AVENUE SE,8.0,7.0,Cluster 39,38.8444784836,-76.9978437159,11.0,6.0,8,Tuesday,Morning,1,ASSAULT W/DANGEROUS WEAPON,2024-08-06 12:51:31+00:00,12,2024,Day,Cluster 39,High
24200283,2024-12-28 05:48:08+00:00,2024-12-28 05:22:00+00:00,2024-12-28 06:59:00+00:00,MIDNIGHT,ASSAULT W/DANGEROUS WEAPON,1500 - 1599 BLOCK OF 9TH STREET NW,2.0,3.0,Cluster 7,38.910385597,-77.0239692195,5.0,28.0,12,Saturday,Night,1,ASSAULT W/DANGEROUS WEAPON,2024-12-28 05:48:08+00:00,5,2024,Night,Cluster 7,Medium
24200924,2024-12-29 17:04:35+00:00,2024-12-29 15:40:00+00:00,,DAY,ASSAULT W/DANGEROUS WEAPON,2001 - 2248 BLOCK OF ALABAMA AVENUE SE,8.0,7.0,Cluster 38,38.8508479239,-76.9746959826,15.0,29.0,12,Sunday,Afternoon,1,ASSAULT W/DANGEROUS WEAPON,2024-12-29 17:04:35+00:00,17,2024,Day,Cluster 38,High
24201025,2024-12-29 20:43:49+00:00,2024-12-29 19:17:00+00:00,2024-12-29 20:15:00+00:00,EVENING,ASSAULT W/DANGEROUS WEAPON,900 - 1199 BLOCK OF MAINE AVENUE SW,6.0,1.0,Cluster 9,38.8809864129,-77.02576752,19.0,29.0,12,Sunday,Evening,1,ASSAULT W/DANGEROUS WEAPON,2024-12-29 20:43:49+00:00,20,2024,Night,Cluster 9,Medium
24155179,2024-10-07 07:22:27+00:00,2024-10-07 05:54:00+00:00,2024-10-07 05:56:00+00:00,MIDNIGHT,ASSAULT W/DANGEROUS WEAPON,1700 - 1799 BLOCK OF 7TH STREET NW,2.0,,Cluster 7,38.9133483927,-77.0219150455,5.0,7.0,10,Monday,Night,1,ASSAULT W/DANGEROUS WEAPON,2024-10-07 07:22:27+00:00,7,2024,Day,Cluster 7,Medium
24089953,2024-06-13 18:25:59+00:00,2024-06-13 16:30:00+00:00,2024-06-13 18:30:00+00:00,DAY,ASSAULT W/DANGEROUS WEAPON,1500 - 1599 BLOCK OF BENNING ROAD NE,5.0,5.0,Cluster 23,38.8999764193,-76.9824602061,16.0,13.0,6,Thursday,Afternoon,1,ASSAULT W/DANGEROUS WEAPON,2024-06-13 18:25:59+00:00,18,2024,Night,Cluster 23,High
24091311,2024-06-16 02:16:08+00:00,2024-06-15 23:49:00+00:00,2024-06-16 02:08:00+00:00,EVENING,ASSAULT W/DANGEROUS WEAPON,6TH STREET NW AND M STREET NW,2.0,3.0,Cluster 8,38.9056431063,-77.0199011009,23.0,15.0,6,Saturday,Night,1,ASSAULT W/DANGEROUS WEAPON,2024-06-16 02:16:08+00:00,2,2024,Night,Cluster 8,Medium
24128157,2024-08-20 23:43:01+00:00,2024-08-20 21:17:00+00:00,2024-08-20 22:30:00+00:00,EVENING,ASSAULT W/DANGEROUS WEAPON,1500 - 1599 BLOCK OF BENNING ROAD NE,5.0,5.0,Cluster 23,38.8999764193,-76.9824602061,21.0,20.0,8,Tuesday,Night,1,ASSAULT W/DANGEROUS WEAPON,2024-08-20 23:43:01+00:00,23,2024,Night,Cluster 23,High
24066124,2024-05-03 06:20:51+00:00,2024-05-03 03:59:00+00:00,2024-05-03 07:00:00+00:00,MIDNIGHT,ASSAULT W/DANGEROUS WEAPON,1600 - 1699 BLOCK OF SAVANNAH STREET SE,8.0,7.0,Cluster 38,38.8455814192,-76.9801178505,3.0,3.0,5,Friday,Night,1,ASSAULT W/DANGEROUS WEAPON,2024-05-03 06:20:51+00:00,6,2024,Day,Cluster 38,High
24162059,2024-10-19 08:02:00+00:00,2024-10-19 05:20:00+00:00,2024-10-19 06:30:00+00:00,MIDNIGHT,ASSAULT W/DANGEROUS WEAPON,1300 - 1399 BLOCK OF H STREET NE,6.0,1.0,Cluster 25,38.9001986979,-76.9869062421,5.0,19.0,10,Saturday,Night,1,ASSAULT W/DANGEROUS WEAPON,2024-10-19 08:02:00+00:00,8,2024,Day,Cluster 25,High
24165995,2024-10-25 23:27:00+00:00,2024-10-25 21:17:00+00:00,2024-10-25 22:38:00+00:00,EVENING,ASSAULT W/DANGEROUS WEAPON,DIX STREET NE AND 44TH STREET NE,7.0,6.0,Cluster 30,38.8948302076,-76.9391961822,21.0,25.0,10,Friday,Night,1,ASSAULT W/DANGEROUS WEAPON,2024-10-25 23:27:00+00:00,23,2024,Night,Cluster 30,High
24169627,2024-11-01 06:52:25+00:00,2024-11-01 04:00:00+00:00,2024-11-01 05:00:00+00:00,MIDNIGHT,ASSAULT W/DANGEROUS WEAPON,2100 - 2199 BLOCK OF P STREET NW,2.0,2.0,Cluster 6,38.9096368356,-77.0477159896,4.0,1.0,11,Friday,Night,1,ASSAULT W/DANGEROUS WEAPON,2024-11-01 06:52:25+00:00,6,2024,Day,Cluster 6,Medium
24094835,2024-06-22 04:35:20+00:00,2024-06-22 02:52:00+00:00,2024-06-22 04:00:00+00:00,MIDNIGHT,ASSAULT W/DANGEROUS WEAPON,1 - 69 BLOCK OF I STREET SE,6.0,1.0,Cluster 27,38.8792863775,-77.0082611251,2.0,22.0,6,Saturday,Night,1,ASSAULT W/DANGEROUS WEAPON,2024-06-22 04:35:20+00:00,4,2024,Night,Cluster 27,Medium
24132575,2024-08-28 21:21:23+00:00,2024-08-28 16:28:00+00:00,2024-08-28 18:24:00+00:00,EVENING,ASSAULT W/DANGEROUS WEAPON,EAST CAPITOL STREET AND TEXAS AVENUE SE,7.0,6.0,Cluster 33,38.8897762867,-76.9382263128,16.0,28.0,8,Wednesday,Afternoon,1,ASSAULT W/DANGEROUS WEAPON,2024-08-28 21:21:23+00:00,21,2024,Night,Cluster 33,High
24200937,2024-12-29 18:48:15+00:00,2024-12-29 14:32:00+00:00,2024-12-29 14:34:00+00:00,DAY,ASSAULT W/DANGEROUS WEAPON,1400 - 1499 BLOCK OF NEW YORK AVENUE NE,5.0,5.0,Cluster 23,38.9158439235,-76.9845431396,14.0,29.0,12,Sunday,Afternoon,1,ASSAULT W/DANGEROUS WEAPON,2024-12-29 18:48:15+00:00,18,2024,Night,Cluster 23,High
24080664,2024-05-29 00:13:23+00:00,2024-05-28 22:21:00+00:00,,EVENING,ASSAULT W/DANGEROUS WEAPON,1200 - 1299 BLOCK OF KENNEDY STREET NW,4.0,4.0,Cluster 18,38.9562150452,-77.0288619029,22.0,28.0,5,Tuesday,Night,1,ASSAULT W/DANGEROUS WEAPON,2024-05-29 00:13:23+00:00,0,2024,Night,Cluster 18,High
24174001,2024-11-09 07:36:44+00:00,2024-11-09 00:30:00+00:00,2024-11-16 00:42:00+00:00,MIDNIGHT,ASSAULT W/DANGEROUS WEAPON,1200 - 1233 BLOCK OF TALBERT STREET SE,8.0,7.0,Cluster 37,38.8624144572,-76.991793607,0.0,9.0,11,Saturday,Night,1,ASSAULT W/DANGEROUS WEAPON,2024-11-09 07:36:44+00:00,7,2024,Day,Cluster 37,High
24190705,2024-12-09 22:41:15+00:00,2024-12-09 18:15:00+00:00,,EVENING,ASSAULT W/DANGEROUS WEAPON,1700 - 1799 BLOCK OF MINNESOTA AVENUE SE,8.0,6.0,Cluster 34,38.8689016764,-76.9798874601,18.0,9.0,12,Monday,Evening,1,ASSAULT W/DANGEROUS WEAPON,2024-12-09 22:41:15+00:00,22,2024,Night,Cluster 34,High
24156661,2024-10-09 22:05:24+00:00,2024-10-09 19:22:00+00:00,2024-10-09 19:23:00+00:00,EVENING,ASSAULT W/DANGEROUS WEAPON,2841 - 2999 BLOCK OF GAINESVILLE STREET SE,8.0,7.0,Cluster 36,38.8550272402,-76.9664342102,19.0,9.0,10,Wednesday,Evening,1,ASSAULT W/DANGEROUS WEAPON,2024-10-09 22:05:24+00:00,22,2024,Night,Cluster 36,High
24078713,2024-05-25 19:59:23+00:00,2024-05-25 12:20:00+00:00,2024-05-25 19:45:00+00:00,EVENING,ASSAULT W/DANGEROUS WEAPON,600 - 699 BLOCK OF GIRARD STREET NE,5.0,5.0,Cluster 21,38.9265021221,-76.9973093577,12.0,25.0,5,Saturday,Afternoon,1,ASSAULT W/DANGEROUS WEAPON,2024-05-25 19:59:23+00:00,19,2024,Night,Cluster 21,High
24138738,2024-09-08 23:23:13+00:00,2024-09-08 19:53:00+00:00,,EVENING,ASSAULT W/DANGEROUS WEAPON,3300 - 3699 BLOCK OF 6TH STREET SE,8.0,7.0,Cluster 39,38.8397158173,-76.9984503066,19.0,8.0,9,Sunday,Evening,1,ASSAULT W/DANGEROUS WEAPON,2024-09-08 23:23:13+00:00,23,2024,Night,Cluster 39,High
24094136,2024-06-21 02:02:03+00:00,2024-06-21 00:37:00+00:00,2024-06-21 01:00:00+00:00,EVENING,ASSAULT W/DANGEROUS WEAPON,1900 - 1925 BLOCK OF 18TH STREET SE,8.0,6.0,Cluster 34,38.8668927797,-76.9790073376,0.0,21.0,6,Friday,Night,1,ASSAULT W/DANGEROUS WEAPON,2024-06-21 02:02:03+00:00,2,2024,Night,Cluster 34,High
24100787,2024-07-02 03:34:29+00:00,2024-07-02 02:12:00+00:00,2024-07-02 03:34:00+00:00,MIDNIGHT,ASSAULT W/DANGEROUS WEAPON,100 - 199 BLOCK OF 36TH STREET NE,7.0,6.0,Cluster 32,38.8916446159,-76.9529060902,2.0,2.0,7,Tuesday,Night,1,ASSAULT W/DANGEROUS WEAPON,2024-07-02 03:34:29+00:00,3,2024,Night,Cluster 32,High
24138850,2024-09-09 05:27:29+00:00,2024-09-09 02:13:00+00:00,2024-09-09 05:15:00+00:00,MIDNIGHT,ASSAULT W/DANGEROUS WEAPON,4400 - 4438 BLOCK OF E STREET SE,7.0,6.0,Cluster 33,38.8831748921,-76.9379860275,2.0,9.0,9,Monday,Night,1,ASSAULT W/DANGEROUS WEAPON,2024-09-09 05:27:29+00:00,5,2024,Night,Cluster 33,High
24158689,2024-10-13 08:24:51+00:00,2024-10-13 05:10:00+00:00,2024-10-13 07:45:00+00:00,MIDNIGHT,ASSAULT W/DANGEROUS WEAPON,812 - 899 BLOCK OF BARNABY STREET SE,8.0,7.0,Cluster 39,38.8316298213,-76.9918312279,5.0,13.0,10,Sunday,Night,1,ASSAULT W/DANGEROUS WEAPON,2024-10-13 08:24:51+00:00,8,2024,Day,Cluster 39,High
24013357,2024-01-27 14:32:34+00:00,2024-01-27 11:38:00+00:00,2024-01-27 14:32:00+00:00,DAY,ASSAULT W/DANGEROUS WEAPON,1106 - 1199 BLOCK OF MASSACHUSETTS AVENUE NW,2.0,3.0,Cluster 8,38.9042091652,-77.0278036073,11.0,27.0,1,Saturday,Morning,1,ASSAULT W/DANGEROUS WEAPON,2024-01-27 14:32:34+00:00,14,2024,Day,Cluster 8,Medium
24014476,2024-01-29 18:31:50+00:00,2024-01-29 17:45:00+00:00,2024-01-29 18:25:00+00:00,DAY,ASSAULT W/DANGEROUS WEAPON,1400 - 1499 BLOCK OF L STREET SE,6.0,1.0,Cluster 26,38.8775161271,-76.9845951078,17.0,29.0,1,Monday,Evening,1,ASSAULT W/DANGEROUS WEAPON,2024-01-29 18:31:50+00:00,18,2024,Night,Cluster 26,Medium
24005746,2024-01-12 05:15:15+00:00,2024-01-12 04:00:00+00:00,2024-01-12 05:15:00+00:00,MIDNIGHT,ASSAULT W/DANGEROUS WEAPON,1300 - 1399 BLOCK OF 4TH STREET NE,5.0,5.0,Cluster 23,38.9098515103,-76.9986005147,4.0,12.0,1,Friday,Night,1,ASSAULT W/DANGEROUS WEAPON,2024-01-12 05:15:15+00:00,5,2024,Night,Cluster 23,High
24073786,2024-05-17 08:52:32+00:00,2024-05-17 05:57:00+00:00,2024-05-17 08:52:00+00:00,MIDNIGHT,ASSAULT W/DANGEROUS WEAPON,2ND STREET NW AND D STREET NW,6.0,1.0,Cluster 8,38.8947758966,-77.0136694449,5.0,17.0,5,Friday,Night,1,ASSAULT W/DANGEROUS WEAPON,2024-05-17 08:52:32+00:00,8,2024,Day,Cluster 8,Medium
24191745,2024-12-11 15:06:15+00:00,2024-12-11 13:45:00+00:00,2024-12-11 13:55:00+00:00,DAY,ASSAULT W/DANGEROUS WEAPON,400 - 499 BLOCK OF 8TH STREET SE,6.0,1.0,Cluster 26,38.8832309303,-76.9949741689,13.0,11.0,12,Wednesday,Afternoon,1,ASSAULT W/DANGEROUS WEAPON,2024-12-11 15:06:15+00:00,15,2024,Day,Cluster 26,Medium
24173335,2024-11-07 23:21:10+00:00,2024-11-07 22:00:00+00:00,2024-11-07 22:03:00+00:00,EVENING,ASSAULT W/DANGEROUS WEAPON,1 - 99 BLOCK OF M STREET NE,6.0,5.0,Cluster 25,38.9056424003,-77.007474088,22.0,7.0,11,Thursday,Night,1,ASSAULT W/DANGEROUS WEAPON,2024-11-07 23:21:10+00:00,23,2024,Night,Cluster 25,High
24183525,2024-11-26 03:17:20+00:00,2024-11-25 23:55:00+00:00,2024-11-26 02:00:00+00:00,EVENING,ASSAULT W/DANGEROUS WEAPON,4510 - 4549 BLOCK OF BENNING ROAD SE,7.0,6.0,Cluster 33,38.889093908,-76.9372513747,23.0,25.0,11,Monday,Night,1,ASSAULT W/DANGEROUS WEAPON,2024-11-26 03:17:20+00:00,3,2024,Night,Cluster 33,High
24128845,2024-08-22 06:25:31+00:00,2024-08-22 03:07:00+00:00,2024-08-23 03:30:00+00:00,MIDNIGHT,ASSAULT W/DANGEROUS WEAPON,1000 - 1099 BLOCK OF G STREET NW,2.0,2.0,Cluster 8,38.8983152971,-77.026514333,3.0,22.0,8,Thursday,Night,1,ASSAULT W/DANGEROUS WEAPON,2024-08-22 06:25:31+00:00,6,2024,Day,Cluster 8,Medium
24083756,2024-06-03 08:57:29+00:00,2024-06-03 06:34:00+00:00,2024-06-03 06:35:00+00:00,MIDNIGHT,ASSAULT W/DANGEROUS WEAPON,1200 - 1219 BLOCK OF CONNECTICUT AVENUE NW,2.0,2.0,Cluster 6,38.9060618647,-77.0413573339,6.0,3.0,6,Monday,Morning,1,ASSAULT W/DANGEROUS WEAPON,2024-06-03 08:57:29+00:00,8,2024,Day,Cluster 6,Medium
24089570,2024-06-13 01:06:25+00:00,2024-06-12 22:46:00+00:00,,EVENING,ASSAULT W/DANGEROUS WEAPON,1 - 99 BLOCK OF R STREET NW,5.0,3.0,Cluster 21,38.9126023648,-77.0106031994,22.0,12.0,6,Wednesday,Night,1,ASSAULT W/DANGEROUS WEAPON,2024-06-13 01:06:25+00:00,1,2024,Night,Cluster 21,High
24090901,2024-06-15 08:06:00+00:00,2024-06-15 06:08:00+00:00,,MIDNIGHT,ASSAULT W/DANGEROUS WEAPON,2700 - 2899 BLOCK OF LANGSTON PLACE SE,8.0,7.0,Cluster 36,38.8561277862,-76.9725864468,6.0,15.0,6,Saturday,Morning,1,ASSAULT W/DANGEROUS WEAPON,2024-06-15 08:06:00+00:00,8,2024,Day,Cluster 36,High
24191053,2024-12-10 07:51:54+00:00,2024-12-10 06:06:00+00:00,,MIDNIGHT,ASSAULT W/DANGEROUS WEAPON,2600 - 2657 BLOCK OF DOUGLASS PLACE SE,8.0,7.0,Cluster 37,38.8564184415,-76.9903381194,6.0,10.0,12,Tuesday,Morning,1,ASSAULT W/DANGEROUS WEAPON,2024-12-10 07:51:54+00:00,7,2024,Day,Cluster 37,High
24158651,2024-10-13 08:12:22+00:00,2024-10-13 05:52:00+00:00,2024-10-13 06:50:00+00:00,MIDNIGHT,ASSAULT W/DANGEROUS WEAPON,1953 - 2099 BLOCK OF 19TH PLACE SE,8.0,7.0,Cluster 28,38.8646640502,-76.9775289645,5.0,13.0,10,Sunday,Night,1,ASSAULT W/DANGEROUS WEAPON,2024-10-13 08:12:22+00:00,8,2024,Day,Cluster 28,Medium
24160579,2024-10-16 22:18:21+00:00,2024-10-16 19:15:00+00:00,2024-10-16 20:00:00+00:00,EVENING,ASSAULT W/DANGEROUS WEAPON,1700 - 1799 BLOCK OF GALES STREET NE,7.0,5.0,Cluster 25,38.8979579372,-76.9787864266,19.0,16.0,10,Wednesday,Evening,1,ASSAULT W/DANGEROUS WEAPON,2024-10-16 22:18:21+00:00,22,2024,Night,Cluster 25,High
24161368,2024-10-18 03:58:13+00:00,2024-10-18 00:20:00+00:00,2024-10-18 03:50:00+00:00,MIDNIGHT,ASSAULT W/DANGEROUS WEAPON,1 - 99 BLOCK OF MASSACHUSETTS AVENUE NE,6.0,1.0,Cluster 25,38.8972039407,-77.0083879302,0.0,18.0,10,Friday,Night,1,ASSAULT W/DANGEROUS WEAPON,2024-10-18 03:58:13+00:00,3,2024,Night,Cluster 25,High
24194557,2024-12-16 22:34:14+00:00,2024-12-16 18:59:00+00:00,2024-12-16 22:30:00+00:00,EVENING,ASSAULT W/DANGEROUS WEAPON,1500 - 1599 BLOCK OF BENNING ROAD NE,7.0,5.0,Cluster 25,38.8999764193,-76.9824602061,18.0,16.0,12,Monday,Evening,1,ASSAULT W/DANGEROUS WEAPON,2024-12-16 22:34:14+00:00,22,2024,Night,Cluster 25,High
24161923,2024-10-19 02:54:28+00:00,2024-10-19 01:29:00+00:00,2024-10-19 02:27:00+00:00,EVENING,ASSAULT W/DANGEROUS WEAPON,2400 - 2499 BLOCK OF SOUTHERN AVENUE SE,8.0,7.0,Cluster 38,38.8456725224,-76.9699476028,1.0,19.0,10,Saturday,Night,1,ASSAULT W/DANGEROUS WEAPON,2024-10-19 02:54:28+00:00,2,2024,Night,Cluster 38,High
24170930,2024-11-03 19:01:33+00:00,2024-11-03 13:38:00+00:00,2024-11-04 00:22:00+00:00,DAY,ASSAULT W/DANGEROUS WEAPON,4000 - 4121 BLOCK OF MINNESOTA AVENUE NE,7.0,6.0,Cluster 30,38.8966558827,-76.9476475094,13.0,3.0,11,Sunday,Afternoon,1,ASSAULT W/DANGEROUS WEAPON,2024-11-03 19:01:33+00:00,19,2024,Night,Cluster 30,High
24171260,2024-11-04 03:31:06+00:00,2024-11-04 00:55:00+00:00,2024-11-04 00:57:00+00:00,EVENING,ASSAULT W/DANGEROUS WEAPON,3900 - 3999 BLOCK OF GEORGIA AVENUE NW,4.0,4.0,Cluster 18,38.9392138366,-77.0248272764,0.0,4.0,11,Monday,Night,1,ASSAULT W/DANGEROUS WEAPON,2024-11-04 03:31:06+00:00,3,2024,Night,Cluster 18,High
24167227,2024-10-28 04:20:33+00:00,2024-10-28 01:28:00+00:00,2024-10-28 03:30:00+00:00,MIDNIGHT,ASSAULT W/DANGEROUS WEAPON,3400 - 3799 BLOCK OF 22ND STREET SE,8.0,7.0,Cluster 38,38.8456595779,-76.9727714366,1.0,28.0,10,Monday,Night,1,ASSAULT W/DANGEROUS WEAPON,2024-10-28 04:20:33+00:00,4,2024,Night,Cluster 38,High
24194783,2024-12-17 04:12:56+00:00,2024-12-17 02:20:00+00:00,,MIDNIGHT,ASSAULT W/DANGEROUS WEAPON,2600 - 2699 BLOCK OF DOUGLASS ROAD SE,8.0,7.0,Cluster 37,38.8574629154,-76.9905119003,2.0,17.0,12,Tuesday,Night,1,ASSAULT W/DANGEROUS WEAPON,2024-12-17 04:12:56+00:00,4,2024,Night,Cluster 37,High
24175559,2024-11-12 05:57:35+00:00,2024-11-11 23:33:00+00:00,2024-11-12 03:39:00+00:00,MIDNIGHT,ASSAULT W/DANGEROUS WEAPON,5400 - 5439 BLOCK OF 4TH STREET NW,4.0,4.0,Cluster 18,38.9559712393,-77.0177844331,23.0,11.0,11,Monday,Night,1,ASSAULT W/DANGEROUS WEAPON,2024-11-12 05:57:35+00:00,5,2024,Night,Cluster 18,High
24194838,2024-12-17 07:25:22+00:00,2024-12-17 05:08:00+00:00,2024-12-17 05:44:00+00:00,MIDNIGHT,ASSAULT W/DANGEROUS WEAPON,2400 - 2499 BLOCK OF 18TH STREET NW,1.0,3.0,Cluster 1,38.921623045,-77.0423654641,5.0,17.0,12,Tuesday,Night,1,ASSAULT W/DANGEROUS WEAPON,2024-12-17 07:25:22+00:00,7,2024,Day,Cluster 1,Medium
24150625,2024-09-29 05:37:20+00:00,2024-09-29 04:16:00+00:00,2024-09-29 04:45:00+00:00,MIDNIGHT,ASSAULT W/DANGEROUS WEAPON,2300 - 3699 BLOCK OF NEW YORK AVENUE NE,5.0,5.0,Cluster 24,38.9171372142,-76.9651340569,4.0,29.0,9,Sunday,Night,1,ASSAULT W/DANGEROUS WEAPON,2024-09-29 05:37:20+00:00,5,2024,Night,Cluster 24,Low
24154680,2024-10-06 07:28:41+00:00,2024-10-06 05:41:00+00:00,,MIDNIGHT,ASSAULT W/DANGEROUS WEAPON,300 - 319 BLOCK OF L STREET NE,6.0,5.0,Cluster 25,38.9037276321,-77.00167156,5.0,6.0,10,Sunday,Night,1,ASSAULT W/DANGEROUS WEAPON,2024-10-06 07:28:41+00:00,7,2024,Day,Cluster 25,High
24113499,2024-07-24 21:31:32+00:00,2024-07-24 19:51:00+00:00,2024-07-24 20:00:00+00:00,EVENING,ASSAULT W/DANGEROUS WEAPON,2001 - 2248 BLOCK OF ALABAMA AVENUE SE,8.0,7.0,Cluster 38,38.8508479239,-76.9746959826,19.0,24.0,7,Wednesday,Evening,1,ASSAULT W/DANGEROUS WEAPON,2024-07-24 21:31:32+00:00,21,2024,Night,Cluster 38,High
24114125,2024-07-26 00:39:53+00:00,2024-07-25 22:41:00+00:00,2024-07-26 00:39:00+00:00,EVENING,ASSAULT W/DANGEROUS WEAPON,4400 - 4499 BLOCK OF G STREET SE,7.0,6.0,Cluster 33,38.8801982898,-76.9377602407,22.0,25.0,7,Thursday,Night,1,ASSAULT W/DANGEROUS WEAPON,2024-07-26 00:39:53+00:00,0,2024,Night,Cluster 33,High
24182879,2024-11-25 01:31:15+00:00,2024-11-25 00:09:00+00:00,2024-11-25 00:10:00+00:00,EVENING,ASSAULT W/DANGEROUS WEAPON,1700 - 1799 BLOCK OF 7TH STREET NW,2.0,3.0,Cluster 7,38.9133483927,-77.0219150455,0.0,25.0,11,Monday,Night,1,ASSAULT W/DANGEROUS WEAPON,2024-11-25 01:31:15+00:00,1,2024,Night,Cluster 7,Medium
24098384,2024-06-28 00:49:44+00:00,2024-06-27 22:36:00+00:00,2024-06-27 23:36:00+00:00,EVENING,ASSAULT W/DANGEROUS WEAPON,4000 - 4121 BLOCK OF MINNESOTA AVENUE NE,7.0,6.0,Cluster 30,38.8966558827,-76.9476475094,22.0,27.0,6,Thursday,Night,1,ASSAULT W/DANGEROUS WEAPON,2024-06-28 00:49:44+00:00,0,2024,Night,Cluster 30,High
24192832,2024-12-13 16:26:28+00:00,2024-12-13 14:41:00+00:00,,DAY,ASSAULT W/DANGEROUS WEAPON,5100 - 5298 BLOCK OF FITCH STREET SE,7.0,6.0,Cluster 33,38.8808134633,-76.9281368887,14.0,13.0,12,Friday,Afternoon,1,ASSAULT W/DANGEROUS WEAPON,2024-12-13 16:26:28+00:00,16,2024,Day,Cluster 33,High
24198409,2024-12-24 02:58:14+00:00,2024-12-23 19:49:00+00:00,2024-12-23 21:35:00+00:00,EVENING,ASSAULT W/DANGEROUS WEAPON,EAST CAPITOL STREET NE AND KENILWORTH AVENUE NE,7.0,6.0,Cluster 32,38.8900807456,-76.958645226,19.0,23.0,12,Monday,Evening,1,ASSAULT W/DANGEROUS WEAPON,2024-12-24 02:58:14+00:00,2,2024,Night,Cluster 32,High
24088881,2024-06-11 21:37:48+00:00,2024-06-11 20:09:00+00:00,2024-06-11 21:00:00+00:00,EVENING,ASSAULT W/DANGEROUS WEAPON,2400 - 2500 BLOCK OF MARTIN LUTHER KING JR AVENUE SE,8.0,7.0,Cluster 37,38.8622527489,-76.9931812237,20.0,11.0,6,Tuesday,Night,1,ASSAULT W/DANGEROUS WEAPON,2024-06-11 21:37:48+00:00,21,2024,Night,Cluster 37,High
24080102,2024-05-28 03:10:14+00:00,2024-05-28 01:17:00+00:00,2024-05-28 01:30:00+00:00,MIDNIGHT,ASSAULT W/DANGEROUS WEAPON,1600 - 1899 BLOCK OF W STREET SE,8.0,7.0,Cluster 28,38.8630278199,-76.9802681957,1.0,28.0,5,Tuesday,Night,1,ASSAULT W/DANGEROUS WEAPON,2024-05-28 03:10:14+00:00,3,2024,Night,Cluster 28,Medium
24090324,2024-06-14 09:30:08+00:00,2024-06-14 07:14:00+00:00,2024-06-14 11:00:00+00:00,MIDNIGHT,ASSAULT W/DANGEROUS WEAPON,3301 - 3399 BLOCK OF GEORGIA AVENUE NW,1.0,4.0,Cluster 2,38.93161622,-77.02360187,7.0,14.0,6,Friday,Morning,1,ASSAULT W/DANGEROUS WEAPON,2024-06-14 09:30:08+00:00,9,2024,Day,Cluster 2,High
24140626,2024-09-12 06:52:24+00:00,2024-09-12 03:01:00+00:00,2024-09-12 04:52:00+00:00,MIDNIGHT,ASSAULT W/DANGEROUS WEAPON,1240 - 1399 BLOCK OF NEW YORK AVENUE NE,5.0,5.0,Cluster 23,38.915145306,-76.9865571175,3.0,12.0,9,Thursday,Night,1,ASSAULT W/DANGEROUS WEAPON,2024-09-12 06:52:24+00:00,6,2024,Day,Cluster 23,High
24148150,2024-09-25 04:26:09+00:00,2024-09-25 00:46:00+00:00,2024-09-25 03:16:00+00:00,MIDNIGHT,ASSAULT W/DANGEROUS WEAPON,1700 - 1721 BLOCK OF 1ST STREET NW,5.0,3.0,Cluster 21,38.9129746181,-77.0121578837,0.0,25.0,9,Wednesday,Night,1,ASSAULT W/DANGEROUS WEAPON,2024-09-25 04:26:09+00:00,4,2024,Night,Cluster 21,High
24181251,2024-11-22 00:22:37+00:00,2024-11-22 00:09:00+00:00,2024-11-22 03:30:00+00:00,EVENING,ASSAULT W/DANGEROUS WEAPON,4555 - 4612 BLOCK OF BENNING ROAD SE,7.0,6.0,Cluster 33,38.8870628574,-76.936379367,0.0,22.0,11,Friday,Night,1,ASSAULT W/DANGEROUS WEAPON,2024-11-22 00:22:37+00:00,0,2024,Night,Cluster 33,High
24055115,2024-04-13 05:52:36+00:00,2024-04-13 03:14:00+00:00,,MIDNIGHT,ASSAULT W/DANGEROUS WEAPON,4100 - 4199 BLOCK OF HUNT PLACE NE,7.0,6.0,Cluster 30,38.9005209103,-76.9434529605,3.0,13.0,4,Saturday,Night,1,ASSAULT W/DANGEROUS WEAPON,2024-04-13 05:52:36+00:00,5,2024,Night,Cluster 30,High
24195393,2024-12-18 04:32:32+00:00,2024-12-18 02:30:00+00:00,2024-12-18 02:35:00+00:00,MIDNIGHT,ASSAULT W/DANGEROUS WEAPON,4016 - 4199 BLOCK OF 6TH STREET SE,8.0,7.0,Cluster 39,38.829643555,-76.9984984149,2.0,18.0,12,Wednesday,Night,1,ASSAULT W/DANGEROUS WEAPON,2024-12-18 04:32:32+00:00,4,2024,Night,Cluster 39,High
24082506,2024-06-01 00:19:25+00:00,2024-05-31 22:38:00+00:00,2024-05-31 23:30:00+00:00,EVENING,ASSAULT W/DANGEROUS WEAPON,2106 - 2199 BLOCK OF MARYLAND AVENUE NE,5.0,5.0,Cluster 23,38.9044340732,-76.972832355,22.0,31.0,6,Friday,Night,1,ASSAULT W/DANGEROUS WEAPON,2024-06-01 00:19:25+00:00,0,2024,Night,Cluster 23,High
24200371,2024-12-28 21:22:53+00:00,2024-12-28 13:19:00+00:00,2024-12-28 15:58:00+00:00,EVENING,ASSAULT W/DANGEROUS WEAPON,893 - 1099 BLOCK OF BELLEVUE STREET SE,8.0,7.0,Cluster 39,38.8321776432,-76.9891862883,13.0,28.0,12,Saturday,Afternoon,1,ASSAULT W/DANGEROUS WEAPON,2024-12-28 21:22:53+00:00,21,2024,Night,Cluster 39,High
24018996,2024-02-06 23:59:31+00:00,2024-02-05 07:00:00+00:00,2024-02-06 23:59:00+00:00,EVENING,ASSAULT W/DANGEROUS WEAPON,332 - 599 BLOCK OF 51ST STREET NE,7.0,6.0,Cluster 31,38.8958051161,-76.927694116,7.0,5.0,2,Monday,Morning,1,ASSAULT W/DANGEROUS WEAPON,2024-02-06 23:59:31+00:00,23,2024,Night,Cluster 31,High
24059464,2024-04-21 05:34:24+00:00,2024-04-21 03:24:00+00:00,,MIDNIGHT,ASSAULT W/DANGEROUS WEAPON,3033 - 3098 BLOCK OF STANTON ROAD SE,8.0,7.0,Cluster 38,38.8524031478,-76.9823129126,3.0,21.0,4,Sunday,Night,1,ASSAULT W/DANGEROUS WEAPON,2024-04-21 05:34:24+00:00,5,2024,Night,Cluster 38,High
24165070,2024-10-24 07:50:19+00:00,2024-10-24 06:15:00+00:00,2024-10-24 07:00:00+00:00,MIDNIGHT,ASSAULT W/DANGEROUS WEAPON,5300 - 5399 BLOCK OF DIX STREET NE,7.0,6.0,Cluster 31,38.8949328103,-76.9237272065,6.0,24.0,10,Thursday,Morning,1,ASSAULT W/DANGEROUS WEAPON,2024-10-24 07:50:19+00:00,7,2024,Day,Cluster 31,High
24118089,2024-08-02 06:00:40+00:00,2024-08-02 01:26:00+00:00,2024-08-02 03:00:00+00:00,MIDNIGHT,ASSAULT W/DANGEROUS WEAPON,3300 - 3399 BLOCK OF D STREET SE,7.0,6.0,Cluster 32,38.8844263221,-76.9586591571,1.0,2.0,8,Friday,Night,1,ASSAULT W/DANGEROUS WEAPON,2024-08-02 06:00:40+00:00,6,2024,Day,Cluster 32,High
24098539,2024-06-28 08:24:43+00:00,2024-06-28 07:11:00+00:00,2024-06-28 07:20:00+00:00,MIDNIGHT,ASSAULT W/DANGEROUS WEAPON,2400 - 2699 BLOCK OF POMEROY ROAD SE,8.0,7.0,Cluster 37,38.8552029073,-76.9897309123,7.0,28.0,6,Friday,Morning,1,ASSAULT W/DANGEROUS WEAPON,2024-06-28 08:24:43+00:00,8,2024,Day,Cluster 37,High
24174677,2024-11-10 07:12:23+00:00,2024-11-10 06:02:00+00:00,2024-11-10 06:31:00+00:00,MIDNIGHT,ASSAULT W/DANGEROUS WEAPON,1800 - 1899 BLOCK OF 7TH STREET NW,1.0,,Cluster 3,38.9148300832,-77.0219181528,6.0,10.0,11,Sunday,Morning,1,ASSAULT W/DANGEROUS WEAPON,2024-11-10 07:12:23+00:00,7,2024,Day,Cluster 3,Medium
24173496,2024-11-08 06:01:41+00:00,2024-11-08 04:24:00+00:00,2024-11-08 05:30:00+00:00,MIDNIGHT,ASSAULT W/DANGEROUS WEAPON,259 - 339 BLOCK OF 55TH STREET NE,7.0,6.0,Cluster 31,38.8935573676,-76.9219848038,4.0,8.0,11,Friday,Night,1,ASSAULT W/DANGEROUS WEAPON,2024-11-08 06:01:41+00:00,6,2024,Day,Cluster 31,High
24023690,2024-02-15 11:43:17+00:00,2024-02-15 11:18:00+00:00,2024-02-15 11:20:00+00:00,MIDNIGHT,ASSAULT W/DANGEROUS WEAPON,200 - 299 BLOCK OF K STREET NW,6.0,1.0,Cluster 8,38.9025169286,-77.0144499468,11.0,15.0,2,Thursday,Morning,1,ASSAULT W/DANGEROUS WEAPON,2024-02-15 11:43:17+00:00,11,2024,Day,Cluster 8,Medium
24160070,2024-10-15 22:13:30+00:00,2024-10-15 20:52:00+00:00,2024-10-15 22:00:00+00:00,EVENING,ASSAULT W/DANGEROUS WEAPON,2600 - 2799 BLOCK OF JASPER STREET SE,8.0,7.0,Cluster 36,38.8517469483,-76.9692371871,20.0,15.0,10,Tuesday,Night,1,ASSAULT W/DANGEROUS WEAPON,2024-10-15 22:13:30+00:00,22,2024,Night,Cluster 36,High
24194171,2024-12-16 01:43:03+00:00,2024-12-15 23:16:00+00:00,2024-12-15 23:45:00+00:00,EVENING,ASSAULT W/DANGEROUS WEAPON,1800 - 1899 BLOCK OF KENDALL STREET NE,5.0,5.0,Cluster 23,38.9120477704,-76.9863912061,23.0,15.0,12,Sunday,Night,1,ASSAULT W/DANGEROUS WEAPON,2024-12-16 01:43:03+00:00,1,2024,Night,Cluster 23,High
24146305,2024-09-22 02:07:43+00:00,2024-09-22 00:35:00+00:00,2024-09-22 01:53:00+00:00,EVENING,ASSAULT W/DANGEROUS WEAPON,700 - 860 BLOCK OF SOUTHERN AVENUE SE,8.0,7.0,Cluster 39,38.8266163993,-76.9943596393,0.0,22.0,9,Sunday,Night,1,ASSAULT W/DANGEROUS WEAPON,2024-09-22 02:07:43+00:00,2,2024,Night,Cluster 39,High
24046300,2024-03-28 05:13:48+00:00,2024-03-28 02:20:00+00:00,,MIDNIGHT,ASSAULT W/DANGEROUS WEAPON,4200 - 4351 BLOCK OF 4TH STREET SE,8.0,7.0,Cluster 39,38.8280298728,-77.0005658093,2.0,28.0,3,Thursday,Night,1,ASSAULT W/DANGEROUS WEAPON,2024-03-28 05:13:48+00:00,5,2024,Night,Cluster 39,High
24006360,2024-01-13 09:02:22+00:00,2024-01-13 07:53:00+00:00,2024-01-13 07:55:00+00:00,MIDNIGHT,ASSAULT W/DANGEROUS WEAPON,1800 - 1824 BLOCK OF 10TH STREET NW,1.0,3.0,Cluster 3,38.9144544119,-77.0259887755,7.0,13.0,1,Saturday,Morning,1,ASSAULT W/DANGEROUS WEAPON,2024-01-13 09:02:22+00:00,9,2024,Day,Cluster 3,Medium
24155028,2024-10-07 00:58:29+00:00,2024-10-06 20:50:00+00:00,2024-10-07 01:45:00+00:00,EVENING,ASSAULT W/DANGEROUS WEAPON,1500 - 1599 BLOCK OF BENNING ROAD NE,7.0,5.0,Cluster 25,38.8999764193,-76.9824602061,20.0,6.0,10,Sunday,Night,1,ASSAULT W/DANGEROUS WEAPON,2024-10-07 00:58:29+00:00,0,2024,Night,Cluster 25,High
24009491,2024-01-20 03:01:16+00:00,2024-01-19 23:04:00+00:00,,EVENING,ASSAULT W/DANGEROUS WEAPON,400 - 1229 BLOCK OF NEW YORK AVENUE NE,5.0,5.0,Cluster 23,38.91265961,-76.9937231684,23.0,19.0,1,Friday,Night,1,ASSAULT W/DANGEROUS WEAPON,2024-01-20 03:01:16+00:00,3,2024,Night,Cluster 23,High
24030331,2024-02-27 20:25:02+00:00,2024-02-27 18:00:00+00:00,2024-02-27 18:40:00+00:00,EVENING,ASSAULT W/DANGEROUS WEAPON,4100 - 4530 BLOCK OF LIVINGSTON ROAD SE,8.0,7.0,Cluster 39,38.826457661,-77.003590328,18.0,27.0,2,Tuesday,Evening,1,ASSAULT W/DANGEROUS WEAPON,2024-02-27 20:25:02+00:00,20,2024,Night,Cluster 39,High
24121837,2024-08-09 07:27:30+00:00,2024-08-09 04:37:00+00:00,2024-08-09 07:00:00+00:00,MIDNIGHT,ASSAULT W/DANGEROUS WEAPON,1220 - 1299 BLOCK OF PERRY STREET NE,5.0,5.0,Cluster 20,38.9361678444,-76.9892776096,4.0,9.0,8,Friday,Night,1,ASSAULT W/DANGEROUS WEAPON,2024-08-09 07:27:30+00:00,7,2024,Day,Cluster 20,Low
24194252,2024-12-16 05:26:06+00:00,2024-12-16 03:27:00+00:00,2024-12-16 05:21:00+00:00,MIDNIGHT,ASSAULT W/DANGEROUS WEAPON,3029 - 3299 BLOCK OF BUENA VISTA TERRACE SE,8.0,7.0,Cluster 36,38.8512617456,-76.9656042352,3.0,16.0,12,Monday,Night,1,ASSAULT W/DANGEROUS WEAPON,2024-12-16 05:26:06+00:00,5,2024,Night,Cluster 36,High
24144108,2024-09-18 13:10:25+00:00,2024-09-18 09:35:00+00:00,2024-09-18 13:00:00+00:00,DAY,ASSAULT W/DANGEROUS WEAPON,900 - 1080 BLOCK OF MOUNT OLIVET ROAD NE,5.0,5.0,Cluster 23,38.9122707025,-76.9896725364,9.0,18.0,9,Wednesday,Morning,1,ASSAULT W/DANGEROUS WEAPON,2024-09-18 13:10:25+00:00,13,2024,Day,Cluster 23,High
24199074,2024-12-25 12:18:48+00:00,2024-12-25 11:27:00+00:00,2024-12-25 12:23:00+00:00,DAY,ASSAULT W/DANGEROUS WEAPON,500 - 699 BLOCK OF MELLON STREET SE,8.0,7.0,Cluster 39,38.846336534,-76.9984629656,11.0,25.0,12,Wednesday,Morning,1,ASSAULT W/DANGEROUS WEAPON,2024-12-25 12:18:48+00:00,12,2024,Day,Cluster 39,High
24183932,2024-11-26 21:25:35+00:00,2024-11-26 19:18:00+00:00,2024-11-26 19:38:00+00:00,EVENING,ASSAULT W/DANGEROUS WEAPON,4500 - 4639 BLOCK OF MARTIN LUTHER KING JR AVENUE SW,8.0,7.0,Cluster 44,38.8248078759,-77.0124073967,19.0,26.0,11,Tuesday,Evening,1,ASSAULT W/DANGEROUS WEAPON,2024-11-26 21:25:35+00:00,21,2024,Night,Cluster 44,Low
24112338,2024-07-22 19:02:47+00:00,2024-07-22 16:56:00+00:00,,EVENING,ASSAULT W/DANGEROUS WEAPON,3400 - 3799 BLOCK OF 22ND STREET SE,8.0,7.0,Cluster 38,38.8456595779,-76.9727714366,16.0,22.0,7,Monday,Afternoon,1,ASSAULT W/DANGEROUS WEAPON,2024-07-22 19:02:47+00:00,19,2024,Night,Cluster 38,High
24129899,2024-08-23 23:49:33+00:00,2024-08-23 22:06:00+00:00,,EVENING,ASSAULT W/DANGEROUS WEAPON,4900 - 4915 BLOCK OF JAY STREET NE,7.0,6.0,Cluster 31,38.9014788142,-76.9312090338,22.0,23.0,8,Friday,Night,1,ASSAULT W/DANGEROUS WEAPON,2024-08-23 23:49:33+00:00,23,2024,Night,Cluster 31,High
24011143,2024-01-23 15:34:24+00:00,2024-01-23 14:00:00+00:00,2024-01-23 14:05:00+00:00,DAY,ASSAULT W/DANGEROUS WEAPON,2800 - 2824 BLOCK OF BRANDYWINE STREET NW,3.0,2.0,Cluster 12,38.9496737994,-77.0564582942,14.0,23.0,1,Tuesday,Afternoon,1,ASSAULT W/DANGEROUS WEAPON,2024-01-23 15:34:24+00:00,15,2024,Day,Cluster 12,Low
24010117,2024-01-21 11:56:57+00:00,2024-01-21 09:20:00+00:00,2024-01-21 09:30:00+00:00,MIDNIGHT,ASSAULT W/DANGEROUS WEAPON,200 - 397 BLOCK OF MISSISSIPPI AVENUE SE,8.0,7.0,Cluster 39,38.8356178655,-77.0019611354,9.0,21.0,1,Sunday,Morning,1,ASSAULT W/DANGEROUS WEAPON,2024-01-21 11:56:57+00:00,11,2024,Day,Cluster 39,High
24127128,2024-08-19 05:11:51+00:00,2024-08-19 02:05:00+00:00,2024-08-19 04:45:00+00:00,MIDNIGHT,ASSAULT W/DANGEROUS WEAPON,1800 - 1999 BLOCK OF LAWRENCE STREET NE,5.0,5.0,Cluster 22,38.932125299,-76.9778798864,2.0,19.0,8,Monday,Night,1,ASSAULT W/DANGEROUS WEAPON,2024-08-19 05:11:51+00:00,5,2024,Night,Cluster 22,Medium
24075718,2024-05-20 23:41:35+00:00,2024-05-20 19:50:00+00:00,2024-05-20 23:00:00+00:00,EVENING,ASSAULT W/DANGEROUS WEAPON,800 - 899 BLOCK OF YUMA STREET SE,8.0,7.0,Cluster 39,38.8320376834,-76.9928783337,19.0,20.0,5,Monday,Evening,1,ASSAULT W/DANGEROUS WEAPON,2024-05-20 23:41:35+00:00,23,2024,Night,Cluster 39,High
24013292,2024-01-27 09:05:56+00:00,2024-01-27 07:17:00+00:00,2024-01-27 09:06:00+00:00,MIDNIGHT,ASSAULT W/DANGEROUS WEAPON,1600 - 1699 BLOCK OF L STREET NW,2.0,2.0,Cluster 6,38.9037389142,-77.0375236993,7.0,27.0,1,Saturday,Morning,1,ASSAULT W/DANGEROUS WEAPON,2024-01-27 09:05:56+00:00,9,2024,Day,Cluster 6,Medium
24083714,2024-06-03 05:50:19+00:00,2024-06-03 05:21:00+00:00,2024-06-03 05:23:00+00:00,MIDNIGHT,ASSAULT W/DANGEROUS WEAPON,1734 - 1769 BLOCK OF EUCLID STREET NW,1.0,3.0,Cluster 1,38.9230963711,-77.0408048011,5.0,3.0,6,Monday,Night,1,ASSAULT W/DANGEROUS WEAPON,2024-06-03 05:50:19+00:00,5,2024,Night,Cluster 1,Medium
24086196,2024-06-07 09:54:02+00:00,2024-06-07 05:27:00+00:00,2024-06-07 09:11:00+00:00,MIDNIGHT,ASSAULT W/DANGEROUS WEAPON,1600 - 1699 BLOCK OF SAVANNAH STREET SE,8.0,7.0,Cluster 38,38.8455814192,-76.9801178505,5.0,7.0,6,Friday,Night,1,ASSAULT W/DANGEROUS WEAPON,2024-06-07 09:54:02+00:00,9,2024,Day,Cluster 38,High
24110986,2024-07-20 07:29:43+00:00,2024-07-20 04:20:00+00:00,2024-07-20 04:40:00+00:00,MIDNIGHT,ASSAULT W/DANGEROUS WEAPON,1900 - 1917 BLOCK OF 13TH STREET NW,1.0,3.0,Cluster 3,38.9159293823,-77.0296236959,4.0,20.0,7,Saturday,Night,1,ASSAULT W/DANGEROUS WEAPON,2024-07-20 07:29:43+00:00,7,2024,Day,Cluster 3,Medium
24134624,2024-09-01 11:47:29+00:00,2024-09-01 09:15:00+00:00,,DAY,ASSAULT W/DANGEROUS WEAPON,100 - 199 BLOCK OF JOLIET STREET SW,8.0,7.0,Cluster 39,38.819387345,-77.0089097554,9.0,1.0,9,Sunday,Morning,1,ASSAULT W/DANGEROUS WEAPON,2024-09-01 11:47:29+00:00,11,2024,Day,Cluster 39,High
24018071,2024-02-05 08:46:32+00:00,2024-02-05 04:59:00+00:00,2024-02-05 06:34:00+00:00,MIDNIGHT,ASSAULT W/DANGEROUS WEAPON,3101 - 3199 BLOCK OF 16TH STREET NW,1.0,3.0,Cluster 2,38.9298079189,-77.036468077,4.0,5.0,2,Monday,Night,1,ASSAULT W/DANGEROUS WEAPON,2024-02-05 08:46:32+00:00,8,2024,Day,Cluster 2,High
24016459,2024-02-02 01:38:56+00:00,2024-02-02 00:45:00+00:00,,EVENING,ASSAULT W/DANGEROUS WEAPON,16TH STREET NW AND UPSHUR STREET NW,4.0,4.0,Cluster 18,38.9418739504,-77.0364413183,0.0,2.0,2,Friday,Night,1,ASSAULT W/DANGEROUS WEAPON,2024-02-02 01:38:56+00:00,1,2024,Night,Cluster 18,High
24025519,2024-02-18 22:07:43+00:00,2024-02-18 20:17:00+00:00,2024-02-18 22:07:00+00:00,EVENING,ASSAULT W/DANGEROUS WEAPON,1600 - 1699 BLOCK OF SAVANNAH STREET SE,8.0,7.0,Cluster 38,38.8455814192,-76.9801178505,20.0,18.0,2,Sunday,Night,1,ASSAULT W/DANGEROUS WEAPON,2024-02-18 22:07:43+00:00,22,2024,Night,Cluster 38,High
24108077,2024-07-15 04:27:13+00:00,2024-07-15 00:09:00+00:00,2024-07-15 04:27:00+00:00,MIDNIGHT,ASSAULT W/DANGEROUS WEAPON,400 - 499 BLOCK OF MITCH SNYDER PLACE NW,6.0,1.0,Cluster 8,38.895449605,-77.0136577317,0.0,15.0,7,Monday,Night,1,ASSAULT W/DANGEROUS WEAPON,2024-07-15 04:27:13+00:00,4,2024,Night,Cluster 8,Medium
24079094,2024-05-26 07:26:55+00:00,2024-05-26 05:20:00+00:00,2024-05-26 05:30:00+00:00,MIDNIGHT,ASSAULT W/DANGEROUS WEAPON,1 - 45 BLOCK OF ELMIRA STREET SW,8.0,7.0,Cluster 39,38.8260569295,-77.0080178276,5.0,26.0,5,Sunday,Night,1,ASSAULT W/DANGEROUS WEAPON,2024-05-26 07:26:55+00:00,7,2024,Day,Cluster 39,High
24049956,2024-04-04 04:34:35+00:00,2024-04-04 00:45:00+00:00,2024-04-04 03:59:00+00:00,MIDNIGHT,ASSAULT W/DANGEROUS WEAPON,1500 - 1599 BLOCK OF INDEPENDENCE AVENUE SE,7.0,1.0,Cluster 26,38.887593115,-76.9829334372,0.0,4.0,4,Thursday,Night,1,ASSAULT W/DANGEROUS WEAPON,2024-04-04 04:34:35+00:00,4,2024,Night,Cluster 26,Medium
24051927,2024-04-07 21:30:20+00:00,2024-04-07 19:49:00+00:00,2024-04-07 20:56:00+00:00,EVENING,ASSAULT W/DANGEROUS WEAPON,4000 - 4121 BLOCK OF MINNESOTA AVENUE NE,7.0,6.0,Cluster 30,38.8966558827,-76.9476475094,19.0,7.0,4,Sunday,Evening,1,ASSAULT W/DANGEROUS WEAPON,2024-04-07 21:30:20+00:00,21,2024,Night,Cluster 30,High
24006134,2024-01-12 23:35:52+00:00,2024-01-12 21:12:00+00:00,2024-01-12 23:36:00+00:00,EVENING,ASSAULT W/DANGEROUS WEAPON,400 - 499 BLOCK OF 23RD PLACE NE,7.0,5.0,Cluster 25,38.8955437391,-76.9738563053,21.0,12.0,1,Friday,Night,1,ASSAULT W/DANGEROUS WEAPON,2024-01-12 23:35:52+00:00,23,2024,Night,Cluster 25,High
24104772,2024-07-09 01:48:27+00:00,2024-07-09 00:02:00+00:00,2024-07-09 01:00:00+00:00,EVENING,ASSAULT W/DANGEROUS WEAPON,1200 - 1299 BLOCK OF POTOMAC AVENUE SE,6.0,1.0,Cluster 26,38.8787918344,-76.9892779473,0.0,9.0,7,Tuesday,Night,1,ASSAULT W/DANGEROUS WEAPON,2024-07-09 01:48:27+00:00,1,2024,Night,Cluster 26,Medium
24052711,2024-04-09 04:48:58+00:00,2024-04-08 22:00:00+00:00,2024-04-08 22:30:00+00:00,MIDNIGHT,ASSAULT W/DANGEROUS WEAPON,2700 - 2799 BLOCK OF BRUCE PLACE SE,8.0,7.0,Cluster 36,38.8573044495,-76.9743792954,22.0,8.0,4,Monday,Night,1,ASSAULT W/DANGEROUS WEAPON,2024-04-09 04:48:58+00:00,4,2024,Night,Cluster 36,High
24013313,2024-01-27 10:38:34+00:00,2024-01-27 08:52:00+00:00,2024-01-27 08:54:00+00:00,MIDNIGHT,ASSAULT W/DANGEROUS WEAPON,1326 - 1354 BLOCK OF DOWNING STREET NE,5.0,5.0,Cluster 22,38.9205737271,-76.9858104662,8.0,27.0,1,Saturday,Morning,1,ASSAULT W/DANGEROUS WEAPON,2024-01-27 10:38:34+00:00,10,2024,Day,Cluster 22,Medium
24001694,2024-01-04 08:29:33+00:00,2024-01-04 06:40:00+00:00,2024-01-04 07:00:00+00:00,MIDNIGHT,ASSAULT W/DANGEROUS WEAPON,5600 - 5776 BLOCK OF 2ND STREET NE,4.0,4.0,Cluster 19,38.9588795897,-77.0036920692,6.0,4.0,1,Thursday,Morning,1,ASSAULT W/DANGEROUS WEAPON,2024-01-04 08:29:33+00:00,8,2024,Day,Cluster 19,Medium
24042237,2024-03-20 16:24:06+00:00,2024-03-20 15:49:00+00:00,,DAY,ASSAULT W/DANGEROUS WEAPON,3900 - 3928 BLOCK OF MINNESOTA AVENUE NE,7.0,6.0,Cluster 32,38.8935443043,-76.95033389,15.0,20.0,3,Wednesday,Afternoon,1,ASSAULT W/DANGEROUS WEAPON,2024-03-20 16:24:06+00:00,16,2024,Day,Cluster 32,High
24041920,2024-03-20 01:11:46+00:00,2024-03-19 22:05:00+00:00,,EVENING,ASSAULT W/DANGEROUS WEAPON,1300 - 1369 BLOCK OF SAVANNAH STREET SE,8.0,7.0,Cluster 38,38.8436833988,-76.9868549803,22.0,19.0,3,Tuesday,Night,1,ASSAULT W/DANGEROUS WEAPON,2024-03-20 01:11:46+00:00,1,2024,Night,Cluster 38,High
24062492,2024-04-26 23:47:32+00:00,2024-04-26 20:46:00+00:00,2024-04-26 21:00:00+00:00,EVENING,ASSAULT W/DANGEROUS WEAPON,1200 - 1253 BLOCK OF 1ST STREET SE,8.0,1.0,Cluster 27,38.8759392734,-77.0058665631,20.0,26.0,4,Friday,Night,1,ASSAULT W/DANGEROUS WEAPON,2024-04-26 23:47:32+00:00,23,2024,Night,Cluster 27,Medium
24096671,2024-06-25 06:00:30+00:00,2024-06-25 03:23:00+00:00,2024-06-25 06:00:00+00:00,MIDNIGHT,ASSAULT W/DANGEROUS WEAPON,600 - 699 BLOCK OF MORTON STREET NW,1.0,4.0,Cluster 2,38.9321408898,-77.0225578105,3.0,25.0,6,Tuesday,Night,1,ASSAULT W/DANGEROUS WEAPON,2024-06-25 06:00:30+00:00,6,2024,Day,Cluster 2,High
24000729,2024-01-02 14:50:08+00:00,2024-01-02 13:25:00+00:00,2024-01-02 13:25:00+00:00,DAY,ASSAULT W/DANGEROUS WEAPON,5300 - 5399 BLOCK OF 8TH STREET NW,4.0,4.0,Cluster 18,38.9547220416,-77.023960593,13.0,2.0,1,Tuesday,Afternoon,1,ASSAULT W/DANGEROUS WEAPON,2024-01-02 14:50:08+00:00,14,2024,Day,Cluster 18,High
24079296,2024-05-26 20:00:30+00:00,2024-05-26 18:00:00+00:00,2024-05-26 20:00:00+00:00,EVENING,ASSAULT W/DANGEROUS WEAPON,1 - 99 BLOCK OF MACDILL BOULEVARD SW,8.0,7.0,Cluster 44,38.8450928956,-77.0100684672,18.0,26.0,5,Sunday,Evening,1,ASSAULT W/DANGEROUS WEAPON,2024-05-26 20:00:30+00:00,20,2024,Night,Cluster 44,Low
24031990,2024-03-01 21:38:46+00:00,2024-03-01 19:53:00+00:00,2024-03-01 22:50:00+00:00,EVENING,ASSAULT W/DANGEROUS WEAPON,1424 - 1499 BLOCK OF G STREET NE,6.0,1.0,Cluster 25,38.8989060115,-76.9841080534,19.0,1.0,3,Friday,Evening,1,ASSAULT W/DANGEROUS WEAPON,2024-03-01 21:38:46+00:00,21,2024,Night,Cluster 25,High
24077346,2024-05-23 10:43:17+00:00,2024-05-23 08:35:00+00:00,2024-05-23 10:28:00+00:00,MIDNIGHT,ASSAULT W/DANGEROUS WEAPON,2966 - 3031 BLOCK OF 30TH STREET SE,8.0,7.0,Cluster 36,38.8529978798,-76.965687488,8.0,23.0,5,Thursday,Morning,1,ASSAULT W/DANGEROUS WEAPON,2024-05-23 10:43:17+00:00,10,2024,Day,Cluster 36,High
24056196,2024-04-15 04:18:24+00:00,2024-04-15 01:46:00+00:00,2024-04-15 04:00:00+00:00,MIDNIGHT,ASSAULT W/DANGEROUS WEAPON,1240 - 1399 BLOCK OF NEW YORK AVENUE NE,5.0,5.0,Cluster 23,38.915145306,-76.9865571175,1.0,15.0,4,Monday,Night,1,ASSAULT W/DANGEROUS WEAPON,2024-04-15 04:18:24+00:00,4,2024,Night,Cluster 23,High
24060469,2024-04-23 04:46:52+00:00,2024-04-23 03:25:00+00:00,,MIDNIGHT,ASSAULT W/DANGEROUS WEAPON,300 - 399 BLOCK OF LIVINGSTON TERRACE SE,8.0,7.0,Cluster 39,38.8266053045,-77.001267895,3.0,23.0,4,Tuesday,Night,1,ASSAULT W/DANGEROUS WEAPON,2024-04-23 04:46:52+00:00,4,2024,Night,Cluster 39,High
24051662,2024-04-07 07:05:29+00:00,2024-04-07 05:30:00+00:00,2024-04-07 07:00:00+00:00,MIDNIGHT,ASSAULT W/DANGEROUS WEAPON,1200 - 1219 BLOCK OF EASTERN AVENUE NE,7.0,6.0,Cluster 31,38.9066462305,-76.9269770737,5.0,7.0,4,Sunday,Night,1,ASSAULT W/DANGEROUS WEAPON,2024-04-07 07:05:29+00:00,7,2024,Day,Cluster 31,High
24053306,2024-04-10 03:27:03+00:00,2024-04-10 00:21:00+00:00,2024-04-10 03:30:00+00:00,MIDNIGHT,ASSAULT W/DANGEROUS WEAPON,300 - 599 BLOCK OF PARKLAND PLACE SE,8.0,7.0,Cluster 39,38.8446773677,-76.9998727268,0.0,10.0,4,Wednesday,Night,1,ASSAULT W/DANGEROUS WEAPON,2024-04-10 03:27:03+00:00,3,2024,Night,Cluster 39,High
24053412,2024-04-10 09:55:21+00:00,2024-04-10 07:34:00+00:00,2024-04-10 09:54:00+00:00,MIDNIGHT,ASSAULT W/DANGEROUS WEAPON,2700 - 2798 BLOCK OF 30TH STREET SE,7.0,6.0,Cluster 35,38.8561491861,-76.9650194879,7.0,10.0,4,Wednesday,Morning,1,ASSAULT W/DANGEROUS WEAPON,2024-04-10 09:55:21+00:00,9,2024,Day,Cluster 35,Medium
24062463,2024-04-26 23:13:18+00:00,2024-04-26 19:33:00+00:00,2024-04-26 22:30:00+00:00,EVENING,ASSAULT W/DANGEROUS WEAPON,1500 - 1699 BLOCK OF ALABAMA AVENUE SE,8.0,7.0,Cluster 38,38.8465377272,-76.9815533837,19.0,26.0,4,Friday,Evening,1,ASSAULT W/DANGEROUS WEAPON,2024-04-26 23:13:18+00:00,23,2024,Night,Cluster 38,High
24067007,2024-05-04 20:59:30+00:00,2024-05-04 19:24:00+00:00,,EVENING,ASSAULT W/DANGEROUS WEAPON,1400 - 1413 BLOCK OF SPRING ROAD NW,1.0,4.0,Cluster 2,38.9372183962,-77.0332227954,19.0,4.0,5,Saturday,Evening,1,ASSAULT W/DANGEROUS WEAPON,2024-05-04 20:59:30+00:00,20,2024,Night,Cluster 2,High
24087721,2024-06-10 00:00:23+00:00,2024-06-09 22:12:00+00:00,,EVENING,ASSAULT W/DANGEROUS WEAPON,2200 - 2299 BLOCK OF MINNESOTA AVENUE SE,8.0,6.0,Cluster 34,38.8717915923,-76.9740898528,22.0,9.0,6,Sunday,Night,1,ASSAULT W/DANGEROUS WEAPON,2024-06-10 00:00:23+00:00,0,2024,Night,Cluster 34,High
24026863,2024-02-21 11:21:27+00:00,2024-02-21 09:15:00+00:00,2024-02-21 09:20:00+00:00,MIDNIGHT,ASSAULT W/DANGEROUS WEAPON,2500 - 2599 BLOCK OF 14TH STREET NE,5.0,5.0,Cluster 22,38.9232612515,-76.9864125913,9.0,21.0,2,Wednesday,Morning,1,ASSAULT W/DANGEROUS WEAPON,2024-02-21 11:21:27+00:00,11,2024,Day,Cluster 22,Medium
24031602,2024-03-01 03:07:10+00:00,2024-03-01 01:00:00+00:00,2024-03-01 04:30:00+00:00,EVENING,ASSAULT W/DANGEROUS WEAPON,1600 - 1699 BLOCK OF INDEPENDENCE AVENUE SE,7.0,1.0,Cluster 26,38.8875893496,-76.9814909016,1.0,1.0,3,Friday,Night,1,ASSAULT W/DANGEROUS WEAPON,2024-03-01 03:07:10+00:00,3,2024,Night,Cluster 26,Medium
24097438,2024-06-26 17:38:05+00:00,2024-06-25 01:33:00+00:00,2024-06-26 15:35:00+00:00,DAY,ASSAULT W/DANGEROUS WEAPON,3029 - 3299 BLOCK OF BUENA VISTA TERRACE SE,8.0,7.0,Cluster 36,38.8512617456,-76.9656042352,1.0,25.0,6,Tuesday,Night,1,ASSAULT W/DANGEROUS WEAPON,2024-06-26 17:38:05+00:00,17,2024,Day,Cluster 36,High
24099842,2024-06-30 20:26:51+00:00,2024-06-30 12:19:00+00:00,2024-06-30 17:06:00+00:00,EVENING,ASSAULT W/DANGEROUS WEAPON,3100 - 3199 BLOCK OF BRUCE PLACE SE,8.0,,Cluster 38,38.8517078145,-76.9837440154,12.0,30.0,6,Sunday,Afternoon,1,ASSAULT W/DANGEROUS WEAPON,2024-06-30 20:26:51+00:00,20,2024,Night,Cluster 38,High
24074602,2024-05-18 19:24:29+00:00,2024-05-18 17:43:00+00:00,2024-05-18 19:05:00+00:00,EVENING,ASSAULT W/DANGEROUS WEAPON,812 - 899 BLOCK OF BLADENSBURG ROAD NE,5.0,5.0,Cluster 23,38.9012753565,-76.9826084878,17.0,18.0,5,Saturday,Evening,1,ASSAULT W/DANGEROUS WEAPON,2024-05-18 19:24:29+00:00,19,2024,Night,Cluster 23,High
24055183,2024-04-13 06:37:49+00:00,2024-04-13 05:14:00+00:00,2024-04-13 05:20:00+00:00,MIDNIGHT,ASSAULT W/DANGEROUS WEAPON,1200 - 1299 BLOCK OF RAUM STREET NE,5.0,5.0,Cluster 23,38.9083741066,-76.9844507926,5.0,13.0,4,Saturday,Night,1,ASSAULT W/DANGEROUS WEAPON,2024-04-13 06:37:49+00:00,6,2024,Day,Cluster 23,High
24168908,2024-10-31 02:18:52+00:00,2024-10-31 00:45:00+00:00,2024-10-31 00:50:00+00:00,EVENING,ASSAULT W/DANGEROUS WEAPON,3100 - 3115 BLOCK OF W STREET SE,7.0,6.0,Cluster 35,38.8628855159,-76.9627284537,0.0,31.0,10,Thursday,Night,1,ASSAULT W/DANGEROUS WEAPON,2024-10-31 02:18:52+00:00,2,2024,Night,Cluster 35,Medium
24184496,2024-11-28 02:36:00+00:00,2024-11-27 20:06:00+00:00,2024-11-27 22:46:00+00:00,EVENING,ASSAULT W/DANGEROUS WEAPON,3800 - 3899 BLOCK OF 12TH STREET NE,5.0,5.0,Cluster 20,38.9367075708,-76.9907956504,20.0,27.0,11,Wednesday,Night,1,ASSAULT W/DANGEROUS WEAPON,2024-11-28 02:36:00+00:00,2,2024,Night,Cluster 20,Low
24024510,2024-02-17 00:33:36+00:00,2024-02-16 21:47:00+00:00,,EVENING,ASSAULT W/DANGEROUS WEAPON,2820 - 2908 BLOCK OF Q STREET SE,7.0,6.0,Cluster 34,38.8707431644,-76.9662725295,21.0,16.0,2,Friday,Night,1,ASSAULT W/DANGEROUS WEAPON,2024-02-17 00:33:36+00:00,0,2024,Night,Cluster 34,High
24058358,2024-04-19 02:14:38+00:00,2024-04-19 00:40:00+00:00,2024-04-19 01:00:00+00:00,EVENING,ASSAULT W/DANGEROUS WEAPON,1 - 99 BLOCK OF MACDILL BOULEVARD SW,8.0,7.0,Cluster 44,38.8450928956,-77.0100684672,0.0,19.0,4,Friday,Night,1,ASSAULT W/DANGEROUS WEAPON,2024-04-19 02:14:38+00:00,2,2024,Night,Cluster 44,Low
24197159,2024-12-21 07:24:45+00:00,2024-12-21 06:21:00+00:00,,MIDNIGHT,ASSAULT W/DANGEROUS WEAPON,1200 - 1299 BLOCK OF MADISON STREET NW,4.0,4.0,Cluster 18,38.9583499777,-77.0289654523,6.0,21.0,12,Saturday,Morning,1,ASSAULT W/DANGEROUS WEAPON,2024-12-21 07:24:45+00:00,7,2024,Day,Cluster 18,High
24002103,2024-01-05 02:09:00+00:00,2024-01-05 00:55:00+00:00,,EVENING,ASSAULT W/DANGEROUS WEAPON,4200 - 4399 BLOCK OF HUNT PLACE NE,7.0,6.0,Cluster 30,38.9005176156,-76.9408899925,0.0,5.0,1,Friday,Night,1,ASSAULT W/DANGEROUS WEAPON,2024-01-05 02:09:00+00:00,2,2024,Night,Cluster 30,High
24087219,2024-06-09 03:03:22+00:00,2024-06-08 23:33:00+00:00,2024-06-09 03:00:00+00:00,MIDNIGHT,ASSAULT W/DANGEROUS WEAPON,1200 - 1299 BLOCK OF 18TH PLACE NE,5.0,5.0,Cluster 23,38.9061360493,-76.9771759037,23.0,8.0,6,Saturday,Night,1,ASSAULT W/DANGEROUS WEAPON,2024-06-09 03:03:22+00:00,3,2024,Night,Cluster 23,High
24038288,2024-03-13 19:10:19+00:00,2024-03-13 17:56:00+00:00,,EVENING,ASSAULT W/DANGEROUS WEAPON,1700 - 1799 BLOCK OF LAMONT STREET NW,1.0,3.0,Cluster 2,38.9314458935,-77.0400637222,17.0,13.0,3,Wednesday,Evening,1,ASSAULT W/DANGEROUS WEAPON,2024-03-13 19:10:19+00:00,19,2024,Night,Cluster 2,High
24113236,2024-07-24 12:52:47+00:00,2024-07-24 10:46:00+00:00,2024-07-24 12:50:00+00:00,DAY,ASSAULT W/DANGEROUS WEAPON,1700 - 1799 BLOCK OF T STREET SE,8.0,6.0,Cluster 34,38.8672665384,-76.9798915511,10.0,24.0,7,Wednesday,Morning,1,ASSAULT W/DANGEROUS WEAPON,2024-07-24 12:52:47+00:00,12,2024,Day,Cluster 34,High
24092562,2024-06-18 07:08:09+00:00,2024-06-18 04:30:00+00:00,,MIDNIGHT,ASSAULT W/DANGEROUS WEAPON,2400 - 2599 BLOCK OF ELVANS ROAD SE,8.0,7.0,Cluster 37,38.8541724053,-76.9884242906,4.0,18.0,6,Tuesday,Night,1,ASSAULT W/DANGEROUS WEAPON,2024-06-18 07:08:09+00:00,7,2024,Day,Cluster 37,High
24127708,2024-08-20 04:20:29+00:00,2024-08-20 01:35:00+00:00,2024-08-20 02:40:00+00:00,MIDNIGHT,ASSAULT W/DANGEROUS WEAPON,STANTON ROAD SE AND SUITLAND PARKWAY SE,8.0,7.0,Cluster 37,38.8532973447,-76.9833026307,1.0,20.0,8,Tuesday,Night,1,ASSAULT W/DANGEROUS WEAPON,2024-08-20 04:20:29+00:00,4,2024,Night,Cluster 37,High
24149029,2024-09-26 17:31:10+00:00,2024-09-26 14:26:00+00:00,2024-09-26 15:40:00+00:00,DAY,ASSAULT W/DANGEROUS WEAPON,5300 - 5312 BLOCK OF CONNECTICUT AVENUE NW,3.0,2.0,Cluster 10,38.9593564142,-77.0723447407,14.0,26.0,9,Thursday,Afternoon,1,ASSAULT W/DANGEROUS WEAPON,2024-09-26 17:31:10+00:00,17,2024,Day,Cluster 10,Low
24127792,2024-08-20 12:00:37+00:00,2024-08-20 09:35:00+00:00,2024-08-20 10:35:00+00:00,DAY,ASSAULT W/DANGEROUS WEAPON,2200 - 2299 BLOCK OF SAVANNAH TERRACE SE,8.0,7.0,Cluster 38,38.8497355122,-76.9726676989,9.0,20.0,8,Tuesday,Morning,1,ASSAULT W/DANGEROUS WEAPON,2024-08-20 12:00:37+00:00,12,2024,Day,Cluster 38,High
24065500,2024-05-02 08:12:42+00:00,2024-05-02 03:39:00+00:00,2024-05-02 04:11:00+00:00,MIDNIGHT,ASSAULT W/DANGEROUS WEAPON,200 - 399 BLOCK OF V STREET NW,1.0,3.0,Cluster 3,38.9185168643,-77.0162030462,3.0,2.0,5,Thursday,Night,1,ASSAULT W/DANGEROUS WEAPON,2024-05-02 08:12:42+00:00,8,2024,Day,Cluster 3,Medium
24070062,2024-05-10 19:18:31+00:00,2024-05-10 14:30:00+00:00,2024-05-10 14:37:00+00:00,EVENING,ASSAULT W/DANGEROUS WEAPON,6400 - 6407 BLOCK OF KANSAS AVENUE NE,4.0,4.0,Cluster 19,38.9675827705,-77.0068240078,14.0,10.0,5,Friday,Afternoon,1,ASSAULT W/DANGEROUS WEAPON,2024-05-10 19:18:31+00:00,19,2024,Night,Cluster 19,Medium
24074514,2024-05-18 15:54:08+00:00,2024-05-18 13:55:00+00:00,2024-05-18 14:45:00+00:00,DAY,ASSAULT W/DANGEROUS WEAPON,4700 - 4799 BLOCK OF 1ST STREET SW,8.0,7.0,Cluster 39,38.8227449648,-77.0055142574,13.0,18.0,5,Saturday,Afternoon,1,ASSAULT W/DANGEROUS WEAPON,2024-05-18 15:54:08+00:00,15,2024,Day,Cluster 39,High
24175084,2024-11-11 03:51:45+00:00,2024-11-11 00:32:00+00:00,2024-11-11 03:45:00+00:00,EVENING,ASSAULT W/DANGEROUS WEAPON,6920 - 6999 BLOCK OF 4TH STREET NW,4.0,,Cluster 17,38.9746127853,-77.0179881551,0.0,11.0,11,Monday,Night,1,ASSAULT W/DANGEROUS WEAPON,2024-11-11 03:51:45+00:00,3,2024,Night,Cluster 17,Medium
24121480,2024-08-08 16:04:00+00:00,2024-08-08 14:55:00+00:00,2024-08-08 15:00:00+00:00,DAY,ASSAULT W/DANGEROUS WEAPON,1200 - 1299 BLOCK OF E STREET NE,6.0,1.0,Cluster 25,38.89611626,-76.9892765977,14.0,8.0,8,Thursday,Afternoon,1,ASSAULT W/DANGEROUS WEAPON,2024-08-08 16:04:00+00:00,16,2024,Day,Cluster 25,High
24128836,2024-08-22 05:56:57+00:00,2024-08-22 03:19:00+00:00,2024-08-22 06:00:00+00:00,MIDNIGHT,ASSAULT W/DANGEROUS WEAPON,3500 - 3599 BLOCK OF A STREET SE,7.0,6.0,Cluster 32,38.8887848833,-76.9549446976,3.0,22.0,8,Thursday,Night,1,ASSAULT W/DANGEROUS WEAPON,2024-08-22 05:56:57+00:00,5,2024,Night,Cluster 32,High
24107160,2024-07-13 12:12:59+00:00,2024-07-13 08:46:00+00:00,2024-07-13 08:52:00+00:00,DAY,ASSAULT W/DANGEROUS WEAPON,1921 - 1999 BLOCK OF 14TH STREET NW,2.0,3.0,Cluster 3,38.9166434001,-77.0319509248,8.0,13.0,7,Saturday,Morning,1,ASSAULT W/DANGEROUS WEAPON,2024-07-13 12:12:59+00:00,12,2024,Day,Cluster 3,Medium
24199063,2024-12-25 10:37:41+00:00,2024-12-25 08:43:00+00:00,2024-12-25 10:12:00+00:00,MIDNIGHT,ASSAULT W/DANGEROUS WEAPON,1400 - 1499 BLOCK OF QUINCY STREET NW,4.0,4.0,Cluster 18,38.9378965782,-77.0334076605,8.0,25.0,12,Wednesday,Morning,1,ASSAULT W/DANGEROUS WEAPON,2024-12-25 10:37:41+00:00,10,2024,Day,Cluster 18,High
24058082,2024-04-18 17:48:34+00:00,2024-04-18 15:35:00+00:00,2024-04-18 15:45:00+00:00,DAY,ASSAULT W/DANGEROUS WEAPON,4000 - 4099 BLOCK OF WAHLER COURT SE,8.0,7.0,Cluster 39,38.8356600245,-76.9885913843,15.0,18.0,4,Thursday,Afternoon,1,ASSAULT W/DANGEROUS WEAPON,2024-04-18 17:48:34+00:00,17,2024,Day,Cluster 39,High
24160367,2024-10-16 15:45:58+00:00,2024-10-16 13:11:00+00:00,2024-10-16 15:00:00+00:00,DAY,ASSAULT W/DANGEROUS WEAPON,4621 - 4799 BLOCK OF NANNIE HELEN BURROUGHS AVENUE NE,7.0,6.0,Cluster 30,38.8990832564,-76.9344031145,13.0,16.0,10,Wednesday,Afternoon,1,ASSAULT W/DANGEROUS WEAPON,2024-10-16 15:45:58+00:00,15,2024,Day,Cluster 30,High
24044996,2024-03-25 20:49:45+00:00,2024-03-25 18:47:00+00:00,2024-03-25 20:51:00+00:00,EVENING,ASSAULT W/DANGEROUS WEAPON,1303 - 1358 BLOCK OF CONGRESS STREET SE,8.0,7.0,Cluster 38,38.8424084336,-76.986465355,18.0,25.0,3,Monday,Evening,1,ASSAULT W/DANGEROUS WEAPON,2024-03-25 20:49:45+00:00,20,2024,Night,Cluster 38,High
24080623,2024-05-29 00:15:52+00:00,2024-05-28 21:47:00+00:00,2024-05-29 00:00:00+00:00,EVENING,ASSAULT W/DANGEROUS WEAPON,1300 - 1399 BLOCK OF 7TH STREET NW,2.0,3.0,Cluster 7,38.9079053723,-77.0219167167,21.0,28.0,5,Tuesday,Night,1,ASSAULT W/DANGEROUS WEAPON,2024-05-29 00:15:52+00:00,0,2024,Night,Cluster 7,Medium
24077281,2024-05-23 05:29:47+00:00,2024-05-23 04:22:00+00:00,,MIDNIGHT,ASSAULT W/DANGEROUS WEAPON,1500 - 1599 BLOCK OF MARYLAND AVENUE NE,5.0,5.0,Cluster 23,38.9007430378,-76.9819168035,4.0,23.0,5,Thursday,Night,1,ASSAULT W/DANGEROUS WEAPON,2024-05-23 05:29:47+00:00,5,2024,Night,Cluster 23,High
24143839,2024-09-17 22:35:10+00:00,2024-09-17 18:52:00+00:00,2024-09-17 21:50:00+00:00,EVENING,ASSAULT W/DANGEROUS WEAPON,1700 - 1722 BLOCK OF D STREET NE,7.0,5.0,Cluster 25,38.894780054,-76.9803164745,18.0,17.0,9,Tuesday,Evening,1,ASSAULT W/DANGEROUS WEAPON,2024-09-17 22:35:10+00:00,22,2024,Night,Cluster 25,High
24120729,2024-08-07 02:20:44+00:00,2024-08-07 00:03:00+00:00,2024-08-07 01:30:00+00:00,EVENING,ASSAULT W/DANGEROUS WEAPON,4660 - 4699 BLOCK OF MARTIN LUTHER KING JR AVENUE SW,8.0,7.0,Cluster 39,38.8216256757,-77.0110811748,0.0,7.0,8,Wednesday,Night,1,ASSAULT W/DANGEROUS WEAPON,2024-08-07 02:20:44+00:00,2,2024,Night,Cluster 39,High
24112391,2024-07-22 22:16:07+00:00,2024-07-22 17:00:00+00:00,2024-07-22 17:10:00+00:00,EVENING,ASSAULT W/DANGEROUS WEAPON,785 - 4375 BLOCK OF BARNABY ROAD SE,8.0,7.0,Cluster 39,38.8278593865,-76.9959666162,17.0,22.0,7,Monday,Evening,1,ASSAULT W/DANGEROUS WEAPON,2024-07-22 22:16:07+00:00,22,2024,Night,Cluster 39,High
24021578,2024-02-11 08:32:28+00:00,2024-02-11 05:43:00+00:00,2024-02-11 08:00:00+00:00,MIDNIGHT,ASSAULT W/DANGEROUS WEAPON,4000 - 4121 BLOCK OF MINNESOTA AVENUE NE,7.0,6.0,Cluster 30,38.8966558827,-76.9476475094,5.0,11.0,2,Sunday,Night,1,ASSAULT W/DANGEROUS WEAPON,2024-02-11 08:32:28+00:00,8,2024,Day,Cluster 30,High
24110963,2024-07-20 06:30:43+00:00,2024-07-20 05:07:00+00:00,,MIDNIGHT,ASSAULT W/DANGEROUS WEAPON,3110 - 3169 BLOCK OF FORT LINCOLN DRIVE NE,5.0,5.0,Cluster 24,38.9262270372,-76.9594686867,5.0,20.0,7,Saturday,Night,1,ASSAULT W/DANGEROUS WEAPON,2024-07-20 06:30:43+00:00,6,2024,Day,Cluster 24,Low
24020880,2024-02-10 02:17:54+00:00,2024-02-09 23:32:00+00:00,2024-02-10 00:55:00+00:00,EVENING,ASSAULT W/DANGEROUS WEAPON,15 - 99 BLOCK OF DANBURY STREET SE,8.0,7.0,Cluster 39,38.8277913399,-77.0063031149,23.0,9.0,2,Friday,Night,1,ASSAULT W/DANGEROUS WEAPON,2024-02-10 02:17:54+00:00,2,2024,Night,Cluster 39,High
24141833,2024-09-14 08:40:09+00:00,2024-09-14 06:30:00+00:00,2024-09-14 08:00:00+00:00,MIDNIGHT,ASSAULT W/DANGEROUS WEAPON,3600 - 3699 BLOCK OF 14TH STREET NW,1.0,4.0,Cluster 2,38.9366709208,-77.0327302639,6.0,14.0,9,Saturday,Morning,1,ASSAULT W/DANGEROUS WEAPON,2024-09-14 08:40:09+00:00,8,2024,Day,Cluster 2,High
24097804,2024-06-27 02:35:31+00:00,2024-06-26 23:07:00+00:00,2024-06-27 02:06:00+00:00,EVENING,ASSAULT W/DANGEROUS WEAPON,5200 - 5299 BLOCK OF 3RD STREET NW,4.0,4.0,Cluster 18,38.9538368132,-77.0159648775,23.0,26.0,6,Wednesday,Night,1,ASSAULT W/DANGEROUS WEAPON,2024-06-27 02:35:31+00:00,2,2024,Night,Cluster 18,High
24097954,2024-06-27 13:25:08+00:00,2024-06-27 10:42:00+00:00,,DAY,ASSAULT W/DANGEROUS WEAPON,2500 - 2598 BLOCK OF BENNING ROAD NE,7.0,5.0,Cluster 25,38.8979140626,-76.9708314119,10.0,27.0,6,Thursday,Morning,1,ASSAULT W/DANGEROUS WEAPON,2024-06-27 13:25:08+00:00,13,2024,Day,Cluster 25,High
24016507,2024-02-02 03:52:44+00:00,2024-02-02 02:52:00+00:00,,EVENING,ASSAULT W/DANGEROUS WEAPON,1900 - 2099 BLOCK OF BENNETT PLACE NE,5.0,5.0,Cluster 23,38.8994918941,-76.9751947333,2.0,2.0,2,Friday,Night,1,ASSAULT W/DANGEROUS WEAPON,2024-02-02 03:52:44+00:00,3,2024,Night,Cluster 23,High
24067779,2024-05-06 14:12:58+00:00,2024-05-06 12:06:00+00:00,,DAY,ASSAULT W/DANGEROUS WEAPON,2000 - 2099 BLOCK OF RHODE ISLAND AVENUE NE,5.0,5.0,Cluster 22,38.9293725227,-76.9755318261,12.0,6.0,5,Monday,Afternoon,1,ASSAULT W/DANGEROUS WEAPON,2024-05-06 14:12:58+00:00,14,2024,Day,Cluster 22,Medium
24200336,2024-12-28 10:16:24+00:00,2024-12-28 08:47:00+00:00,,MIDNIGHT,ASSAULT W/DANGEROUS WEAPON,2400 - 2599 BLOCK OF ELVANS ROAD SE,8.0,7.0,Cluster 37,38.8541724053,-76.9884242906,8.0,28.0,12,Saturday,Morning,1,ASSAULT W/DANGEROUS WEAPON,2024-12-28 10:16:24+00:00,10,2024,Day,Cluster 37,High
24145870,2024-09-21 06:53:34+00:00,2024-09-21 04:37:00+00:00,2024-09-21 06:35:00+00:00,MIDNIGHT,ASSAULT W/DANGEROUS WEAPON,BARNABY ROAD SE AND SOUTHERN AVENUE SE,8.0,7.0,Cluster 39,38.8237966492,-76.998038916,4.0,21.0,9,Saturday,Night,1,ASSAULT W/DANGEROUS WEAPON,2024-09-21 06:53:34+00:00,6,2024,Day,Cluster 39,High
24107522,2024-07-14 02:13:57+00:00,2024-07-14 00:44:00+00:00,2024-07-14 01:50:00+00:00,EVENING,ASSAULT W/DANGEROUS WEAPON,201 - 299 BLOCK OF 35TH STREET NE,7.0,6.0,Cluster 32,38.8932825379,-76.9525411678,0.0,14.0,7,Sunday,Night,1,ASSAULT W/DANGEROUS WEAPON,2024-07-14 02:13:57+00:00,2,2024,Night,Cluster 32,High
24061552,2024-04-25 04:07:07+00:00,2024-04-25 02:40:00+00:00,2024-04-25 04:00:00+00:00,MIDNIGHT,ASSAULT W/DANGEROUS WEAPON,4400 - 4499 BLOCK OF 14TH STREET NW,4.0,4.0,Cluster 18,38.9445285841,-77.0327263735,2.0,25.0,4,Thursday,Night,1,ASSAULT W/DANGEROUS WEAPON,2024-04-25 04:07:07+00:00,4,2024,Night,Cluster 18,High
24047351,2024-03-30 02:23:07+00:00,2024-03-30 00:58:00+00:00,2024-03-30 01:54:00+00:00,EVENING,ASSAULT W/DANGEROUS WEAPON,2700 - 2799 BLOCK OF WISCONSIN AVENUE NW,3.0,2.0,Cluster 14,38.9254391356,-77.0731882853,0.0,30.0,3,Saturday,Night,1,ASSAULT W/DANGEROUS WEAPON,2024-03-30 02:23:07+00:00,2,2024,Night,Cluster 14,Medium
24123802,2024-08-13 06:42:08+00:00,2024-08-13 03:55:00+00:00,2024-08-13 06:00:00+00:00,MIDNIGHT,ASSAULT W/DANGEROUS WEAPON,1900 - 1937 BLOCK OF CAPITOL AVENUE NE,5.0,5.0,Cluster 23,38.9120238736,-76.9847336382,3.0,13.0,8,Tuesday,Night,1,ASSAULT W/DANGEROUS WEAPON,2024-08-13 06:42:08+00:00,6,2024,Day,Cluster 23,High
24124348,2024-08-14 05:30:10+00:00,2024-08-14 03:37:00+00:00,2024-08-15 03:40:00+00:00,MIDNIGHT,ASSAULT W/DANGEROUS WEAPON,3700 - 3761 BLOCK OF MINNESOTA AVENUE NE,7.0,6.0,Cluster 32,38.8913294679,-76.9519658968,3.0,14.0,8,Wednesday,Night,1,ASSAULT W/DANGEROUS WEAPON,2024-08-14 05:30:10+00:00,5,2024,Night,Cluster 32,High
24145813,2024-09-21 04:33:45+00:00,2024-09-21 02:18:00+00:00,2024-09-21 04:00:00+00:00,MIDNIGHT,ASSAULT W/DANGEROUS WEAPON,1400 - 1499 BLOCK OF FAIRMONT STREET NW,1.0,3.0,Cluster 2,38.9244818313,-77.033182611,2.0,21.0,9,Saturday,Night,1,ASSAULT W/DANGEROUS WEAPON,2024-09-21 04:33:45+00:00,4,2024,Night,Cluster 2,High
24001477,2024-01-04 01:06:17+00:00,2024-01-03 20:47:00+00:00,2024-01-03 20:55:00+00:00,EVENING,ASSAULT W/DANGEROUS WEAPON,1900 - 1999 BLOCK OF LAMONT STREET NW,1.0,3.0,Cluster 2,38.9314591789,-77.0451353744,20.0,3.0,1,Wednesday,Night,1,ASSAULT W/DANGEROUS WEAPON,2024-01-04 01:06:17+00:00,1,2024,Night,Cluster 2,High
24007250,2024-01-15 05:26:17+00:00,2024-01-15 03:28:00+00:00,,MIDNIGHT,ASSAULT W/DANGEROUS WEAPON,3011 - 3024 BLOCK OF MARTIN LUTHER KING JR AVENUE SE,8.0,7.0,Cluster 39,38.8444784836,-76.9978437159,3.0,15.0,1,Monday,Night,1,ASSAULT W/DANGEROUS WEAPON,2024-01-15 05:26:17+00:00,5,2024,Night,Cluster 39,High
24158894,2024-10-13 19:28:59+00:00,2024-10-13 18:11:00+00:00,2024-10-13 18:50:00+00:00,EVENING,ASSAULT W/DANGEROUS WEAPON,3101 - 3199 BLOCK OF 16TH STREET NW,1.0,3.0,Cluster 2,38.9298079189,-77.036468077,18.0,13.0,10,Sunday,Evening,1,ASSAULT W/DANGEROUS WEAPON,2024-10-13 19:28:59+00:00,19,2024,Night,Cluster 2,High
24048440,2024-04-01 07:56:01+00:00,2024-04-01 05:34:00+00:00,2024-04-01 07:56:00+00:00,MIDNIGHT,ASSAULT W/DANGEROUS WEAPON,3101 - 3199 BLOCK OF 16TH STREET NW,1.0,3.0,Cluster 2,38.9298079189,-77.036468077,5.0,1.0,4,Monday,Night,1,ASSAULT W/DANGEROUS WEAPON,2024-04-01 07:56:01+00:00,7,2024,Day,Cluster 2,High
24173114,2024-11-07 17:36:17+00:00,2024-11-07 15:50:00+00:00,,DAY,ASSAULT W/DANGEROUS WEAPON,5300 - 5329 BLOCK OF CENTRAL AVENUE SE,7.0,,Cluster 33,38.8870805917,-76.9249283598,15.0,7.0,11,Thursday,Afternoon,1,ASSAULT W/DANGEROUS WEAPON,2024-11-07 17:36:17+00:00,17,2024,Day,Cluster 33,High
24052665,2024-04-09 02:29:50+00:00,2024-04-09 00:31:00+00:00,2024-04-09 01:00:00+00:00,EVENING,ASSAULT W/DANGEROUS WEAPON,2400 - 2599 BLOCK OF ELVANS ROAD SE,8.0,7.0,Cluster 37,38.8541724053,-76.9884242906,0.0,9.0,4,Tuesday,Night,1,ASSAULT W/DANGEROUS WEAPON,2024-04-09 02:29:50+00:00,2,2024,Night,Cluster 37,High
24099595,2024-06-30 06:35:13+00:00,2024-06-30 02:18:00+00:00,2024-06-30 04:13:00+00:00,MIDNIGHT,ASSAULT W/DANGEROUS WEAPON,1600 - 1699 BLOCK OF 28TH STREET SE,7.0,6.0,Cluster 34,38.870109251,-76.9677801491,2.0,30.0,6,Sunday,Night,1,ASSAULT W/DANGEROUS WEAPON,2024-06-30 06:35:13+00:00,6,2024,Day,Cluster 34,High
24113750,2024-07-25 08:44:00+00:00,2024-07-25 05:54:00+00:00,2024-07-25 08:00:00+00:00,MIDNIGHT,ASSAULT W/DANGEROUS WEAPON,1400 - 1499 BLOCK OF PARK ROAD NW,1.0,3.0,Cluster 2,38.930634149,-77.0338114933,5.0,25.0,7,Thursday,Night,1,ASSAULT W/DANGEROUS WEAPON,2024-07-25 08:44:00+00:00,8,2024,Day,Cluster 2,High
24077964,2024-05-24 09:03:44+00:00,2024-05-24 07:38:00+00:00,2024-05-24 07:40:00+00:00,MIDNIGHT,ASSAULT W/DANGEROUS WEAPON,1700 - 1799 BLOCK OF MINNESOTA AVENUE SE,8.0,6.0,Cluster 34,38.8689016764,-76.9798874601,7.0,24.0,5,Friday,Morning,1,ASSAULT W/DANGEROUS WEAPON,2024-05-24 09:03:44+00:00,9,2024,Day,Cluster 34,High
24053309,2024-04-10 02:11:14+00:00,2024-04-10 00:53:00+00:00,2024-04-10 00:55:00+00:00,EVENING,ASSAULT W/DANGEROUS WEAPON,701 - 709 BLOCK OF EDGEWOOD STREET NE,5.0,5.0,Cluster 21,38.9244647584,-76.9958461203,0.0,10.0,4,Wednesday,Night,1,ASSAULT W/DANGEROUS WEAPON,2024-04-10 02:11:14+00:00,2,2024,Night,Cluster 21,High
24107596,2024-07-14 09:34:48+00:00,2024-07-14 02:23:00+00:00,2024-07-15 03:23:00+00:00,MIDNIGHT,ASSAULT W/DANGEROUS WEAPON,1660 - 1699 BLOCK OF LAMONT STREET NW,1.0,3.0,Cluster 2,38.9312574862,-77.0385870146,2.0,14.0,7,Sunday,Night,1,ASSAULT W/DANGEROUS WEAPON,2024-07-14 09:34:48+00:00,9,2024,Day,Cluster 2,High
24090885,2024-06-15 07:38:09+00:00,2024-06-15 05:44:00+00:00,,MIDNIGHT,ASSAULT W/DANGEROUS WEAPON,100 - 199 BLOCK OF JOLIET STREET SW,8.0,7.0,Cluster 39,38.819387345,-77.0089097554,5.0,15.0,6,Saturday,Night,1,ASSAULT W/DANGEROUS WEAPON,2024-06-15 07:38:09+00:00,7,2024,Day,Cluster 39,High
24093240,2024-06-19 16:14:21+00:00,2024-06-19 13:50:00+00:00,2024-06-19 14:05:00+00:00,DAY,ASSAULT W/DANGEROUS WEAPON,3900 - 3928 BLOCK OF MINNESOTA AVENUE NE,7.0,6.0,Cluster 32,38.8935443043,-76.95033389,13.0,19.0,6,Wednesday,Afternoon,1,ASSAULT W/DANGEROUS WEAPON,2024-06-19 16:14:21+00:00,16,2024,Day,Cluster 32,High
24113419,2024-07-25 00:35:17+00:00,2024-07-24 16:23:00+00:00,2024-07-24 17:30:00+00:00,EVENING,ASSAULT W/DANGEROUS WEAPON,100 - 199 BLOCK OF JOLIET STREET SW,8.0,7.0,Cluster 39,38.819387345,-77.0089097554,16.0,24.0,7,Wednesday,Afternoon,1,ASSAULT W/DANGEROUS WEAPON,2024-07-25 00:35:17+00:00,0,2024,Night,Cluster 39,High
24056806,2024-04-16 07:41:45+00:00,2024-04-16 03:28:00+00:00,2024-04-16 05:24:00+00:00,MIDNIGHT,ASSAULT W/DANGEROUS WEAPON,2600 - 2657 BLOCK OF DOUGLASS PLACE SE,8.0,7.0,Cluster 37,38.8564184415,-76.9903381194,3.0,16.0,4,Tuesday,Night,1,ASSAULT W/DANGEROUS WEAPON,2024-04-16 07:41:45+00:00,7,2024,Day,Cluster 37,High
24114585,2024-07-26 21:22:41+00:00,2024-07-26 20:35:00+00:00,2024-07-26 20:40:00+00:00,EVENING,ASSAULT W/DANGEROUS WEAPON,5000 - 5099 BLOCK OF CALL PLACE SE,7.0,6.0,Cluster 33,38.8844820467,-76.9296745959,20.0,26.0,7,Friday,Night,1,ASSAULT W/DANGEROUS WEAPON,2024-07-26 21:22:41+00:00,21,2024,Night,Cluster 33,High
24185201,2024-11-29 18:16:55+00:00,2024-11-29 17:41:00+00:00,2024-11-29 18:15:00+00:00,DAY,ASSAULT W/DANGEROUS WEAPON,1400 - 1499 BLOCK OF STAPLES STREET NE,5.0,5.0,Cluster 23,38.9040689262,-76.9837838647,17.0,29.0,11,Friday,Evening,1,ASSAULT W/DANGEROUS WEAPON,2024-11-29 18:16:55+00:00,18,2024,Night,Cluster 23,High
24040079,2024-03-16 22:12:40+00:00,2024-03-16 21:19:00+00:00,2024-03-16 21:45:00+00:00,EVENING,ASSAULT W/DANGEROUS WEAPON,5900 - 5999 BLOCK OF GEORGIA AVENUE NW,4.0,4.0,Cluster 17,38.9619795615,-77.0279498335,21.0,16.0,3,Saturday,Night,1,ASSAULT W/DANGEROUS WEAPON,2024-03-16 22:12:40+00:00,22,2024,Night,Cluster 17,Medium
24019820,2024-02-08 02:35:00+00:00,2024-02-08 01:01:00+00:00,2024-02-08 01:10:00+00:00,EVENING,ASSAULT W/DANGEROUS WEAPON,1300 - 1399 BLOCK OF I STREET NW,2.0,2.0,Cluster 8,38.9013315074,-77.0307930701,1.0,8.0,2,Thursday,Night,1,ASSAULT W/DANGEROUS WEAPON,2024-02-08 02:35:00+00:00,2,2024,Night,Cluster 8,Medium
24131756,2024-08-27 04:43:47+00:00,2024-08-27 02:00:00+00:00,,MIDNIGHT,ASSAULT W/DANGEROUS WEAPON,4700 - 4949 BLOCK OF NORTH CAPITOL STREET,5.0,4.0,Cluster 19,38.9493337981,-77.008779603,2.0,27.0,8,Tuesday,Night,1,ASSAULT W/DANGEROUS WEAPON,2024-08-27 04:43:47+00:00,4,2024,Night,Cluster 19,Medium
24118690,2024-08-03 07:11:16+00:00,2024-08-03 05:20:00+00:00,,MIDNIGHT,ASSAULT W/DANGEROUS WEAPON,1600 - 1626 BLOCK OF ECKINGTON PLACE NE,5.0,5.0,Cluster 21,38.9114883305,-77.0046838521,5.0,3.0,8,Saturday,Night,1,ASSAULT W/DANGEROUS WEAPON,2024-08-03 07:11:16+00:00,7,2024,Day,Cluster 21,High
24136003,2024-09-03 22:45:33+00:00,2024-09-03 20:59:00+00:00,2024-09-03 22:30:00+00:00,EVENING,ASSAULT W/DANGEROUS WEAPON,1200 - 1299 BLOCK OF 11TH STREET NW,2.0,3.0,Cluster 7,38.9064435961,-77.0270374383,20.0,3.0,9,Tuesday,Night,1,ASSAULT W/DANGEROUS WEAPON,2024-09-03 22:45:33+00:00,22,2024,Night,Cluster 7,Medium
24025178,2024-02-18 04:18:49+00:00,2024-02-18 01:22:00+00:00,2024-02-18 04:19:00+00:00,MIDNIGHT,ASSAULT W/DANGEROUS WEAPON,3400 - 3432 BLOCK OF 13TH STREET SE,8.0,7.0,Cluster 38,38.8413409714,-76.9885025712,1.0,18.0,2,Sunday,Night,1,ASSAULT W/DANGEROUS WEAPON,2024-02-18 04:18:49+00:00,4,2024,Night,Cluster 38,High
24060942,2024-04-24 03:57:17+00:00,2024-04-24 01:24:00+00:00,2024-04-24 01:26:00+00:00,MIDNIGHT,ASSAULT W/DANGEROUS WEAPON,3300 - 3398 BLOCK OF 14TH STREET NW,1.0,3.0,Cluster 2,38.9307075161,-77.0327233746,1.0,24.0,4,Wednesday,Night,1,ASSAULT W/DANGEROUS WEAPON,2024-04-24 03:57:17+00:00,3,2024,Night,Cluster 2,High
24066726,2024-05-04 08:13:45+00:00,2024-05-04 03:48:00+00:00,,MIDNIGHT,ASSAULT W/DANGEROUS WEAPON,4200 - 4399 BLOCK OF 7TH STREET SE,8.0,7.0,Cluster 39,38.8277905047,-76.9970990497,3.0,4.0,5,Saturday,Night,1,ASSAULT W/DANGEROUS WEAPON,2024-05-04 08:13:45+00:00,8,2024,Day,Cluster 39,High
24005891,2024-01-12 17:00:24+00:00,2024-01-12 15:16:00+00:00,,DAY,ASSAULT W/DANGEROUS WEAPON,4200 - 4299 BLOCK OF MARTIN LUTHER KING JR AVENUE SW,8.0,7.0,Cluster 44,38.8282266711,-77.0125877556,15.0,12.0,1,Friday,Afternoon,1,ASSAULT W/DANGEROUS WEAPON,2024-01-12 17:00:24+00:00,17,2024,Day,Cluster 44,Low
24189723,2024-12-08 01:20:03+00:00,2024-12-07 23:39:00+00:00,2024-12-07 23:41:00+00:00,EVENING,ASSAULT W/DANGEROUS WEAPON,400 - 499 BLOCK OF KENNEDY STREET NW,4.0,4.0,Cluster 18,38.9564773368,-77.0188499162,23.0,7.0,12,Saturday,Night,1,ASSAULT W/DANGEROUS WEAPON,2024-12-08 01:20:03+00:00,1,2024,Night,Cluster 18,High
24171710,2024-11-04 23:08:25+00:00,2024-11-04 20:39:00+00:00,2024-11-04 22:30:00+00:00,EVENING,ASSAULT W/DANGEROUS WEAPON,1400 - 1499 BLOCK OF COLUMBIA ROAD NW,1.0,,Cluster 2,38.9274255811,-77.0340792587,20.0,4.0,11,Monday,Night,1,ASSAULT W/DANGEROUS WEAPON,2024-11-04 23:08:25+00:00,23,2024,Night,Cluster 2,High
24083689,2024-06-03 06:02:32+00:00,2024-06-03 03:45:00+00:00,2024-06-04 03:55:00+00:00,MIDNIGHT,ASSAULT W/DANGEROUS WEAPON,1500 - 1599 BLOCK OF BENNING ROAD NE,7.0,5.0,Cluster 25,38.8999764193,-76.9824602061,3.0,3.0,6,Monday,Night,1,ASSAULT W/DANGEROUS WEAPON,2024-06-03 06:02:32+00:00,6,2024,Day,Cluster 25,High
24037615,2024-03-12 18:47:21+00:00,2024-03-12 16:18:00+00:00,2024-03-12 16:28:00+00:00,DAY,ASSAULT W/DANGEROUS WEAPON,230 - 499 BLOCK OF 37TH STREET SE,7.0,6.0,Cluster 32,38.885085368,-76.9527702205,16.0,12.0,3,Tuesday,Afternoon,1,ASSAULT W/DANGEROUS WEAPON,2024-03-12 18:47:21+00:00,18,2024,Night,Cluster 32,High
24036549,2024-03-10 16:23:34+00:00,2024-03-10 14:13:00+00:00,2024-03-10 15:50:00+00:00,DAY,ASSAULT W/DANGEROUS WEAPON,800 - 899 BLOCK OF XENIA STREET SE,8.0,7.0,Cluster 39,38.8330199372,-76.9932224259,14.0,10.0,3,Sunday,Afternoon,1,ASSAULT W/DANGEROUS WEAPON,2024-03-10 16:23:34+00:00,16,2024,Day,Cluster 39,High
24142064,2024-09-14 22:06:50+00:00,2024-09-14 19:42:00+00:00,,EVENING,ASSAULT W/DANGEROUS WEAPON,3130 - 3199 BLOCK OF MARTIN LUTHER KING JR AVENUE SE,8.0,7.0,Cluster 39,38.8429749032,-77.0004365695,19.0,14.0,9,Saturday,Evening,1,ASSAULT W/DANGEROUS WEAPON,2024-09-14 22:06:50+00:00,22,2024,Night,Cluster 39,High
24044352,2024-03-24 18:15:53+00:00,2024-03-24 16:18:00+00:00,2024-03-24 17:01:00+00:00,DAY,ASSAULT W/DANGEROUS WEAPON,3200 - 3299 BLOCK OF E STREET SE,7.0,6.0,Cluster 32,38.8828380712,-76.9606318788,16.0,24.0,3,Sunday,Afternoon,1,ASSAULT W/DANGEROUS WEAPON,2024-03-24 18:15:53+00:00,18,2024,Night,Cluster 32,High
24046359,2024-03-28 10:55:19+00:00,2024-03-28 10:10:00+00:00,2024-03-28 10:10:00+00:00,MIDNIGHT,ASSAULT W/DANGEROUS WEAPON,MONTANA AVENUE NE AND NEW YORK AVENUE NE,5.0,5.0,Cluster 23,38.9172169445,-76.9785279342,10.0,28.0,3,Thursday,Morning,1,ASSAULT W/DANGEROUS WEAPON,2024-03-28 10:55:19+00:00,10,2024,Day,Cluster 23,High
24039137,2024-03-15 06:08:25+00:00,2024-03-15 03:40:00+00:00,,MIDNIGHT,ASSAULT W/DANGEROUS WEAPON,5200 - 5299 BLOCK OF CLOUD PLACE NE,7.0,6.0,Cluster 31,38.8943578252,-76.9260144539,3.0,15.0,3,Friday,Night,1,ASSAULT W/DANGEROUS WEAPON,2024-03-15 06:08:25+00:00,6,2024,Day,Cluster 31,High
24017511,2024-02-04 02:35:18+00:00,2024-02-03 23:49:00+00:00,,EVENING,ASSAULT W/DANGEROUS WEAPON,500 - 599 BLOCK OF NEWCOMB STREET SE,8.0,7.0,Cluster 39,38.8458328906,-76.9992974347,23.0,3.0,2,Saturday,Night,1,ASSAULT W/DANGEROUS WEAPON,2024-02-04 02:35:18+00:00,2,2024,Night,Cluster 39,High
24194093,2024-12-15 22:44:32+00:00,2024-12-15 19:56:00+00:00,2024-12-15 20:50:00+00:00,EVENING,ASSAULT W/DANGEROUS WEAPON,1851 - 2008 BLOCK OF WISCONSIN AVENUE NW,2.0,2.0,Cluster 4,38.9162259346,-77.0681648844,19.0,15.0,12,Sunday,Evening,1,ASSAULT W/DANGEROUS WEAPON,2024-12-15 22:44:32+00:00,22,2024,Night,Cluster 4,Low
24119989,2024-08-05 21:47:57+00:00,2024-08-05 17:37:00+00:00,2024-08-05 21:30:00+00:00,EVENING,ASSAULT W/DANGEROUS WEAPON,1300 - 1399 BLOCK OF U STREET SE,8.0,7.0,Cluster 28,38.8660792516,-76.9863469051,17.0,5.0,8,Monday,Evening,1,ASSAULT W/DANGEROUS WEAPON,2024-08-05 21:47:57+00:00,21,2024,Night,Cluster 28,Medium
24175125,2024-11-11 06:36:02+00:00,2024-11-11 02:11:00+00:00,2024-11-11 06:00:00+00:00,MIDNIGHT,ASSAULT W/DANGEROUS WEAPON,3101 - 3199 BLOCK OF 16TH STREET NW,1.0,3.0,Cluster 2,38.9298079189,-77.036468077,2.0,11.0,11,Monday,Night,1,ASSAULT W/DANGEROUS WEAPON,2024-11-11 06:36:02+00:00,6,2024,Day,Cluster 2,High
24045673,2024-03-27 00:07:21+00:00,2024-03-26 21:55:00+00:00,2024-03-26 22:15:00+00:00,EVENING,ASSAULT W/DANGEROUS WEAPON,200 - 299 BLOCK OF T STREET NE,5.0,5.0,Cluster 21,38.9155644836,-77.002767716,21.0,26.0,3,Tuesday,Night,1,ASSAULT W/DANGEROUS WEAPON,2024-03-27 00:07:21+00:00,0,2024,Night,Cluster 21,High
24065798,2024-05-02 19:37:12+00:00,2024-05-02 18:11:00+00:00,,EVENING,ASSAULT W/DANGEROUS WEAPON,3500 - 3899 BLOCK OF JAY STREET NE,7.0,6.0,Cluster 30,38.9039688291,-76.9472062055,18.0,2.0,5,Thursday,Evening,1,ASSAULT W/DANGEROUS WEAPON,2024-05-02 19:37:12+00:00,19,2024,Night,Cluster 30,High
24068297,2024-05-07 07:21:41+00:00,2024-05-07 05:48:00+00:00,2024-05-07 07:00:00+00:00,MIDNIGHT,ASSAULT W/DANGEROUS WEAPON,3517 - 3546 BLOCK OF 14TH STREET NW,1.0,4.0,Cluster 2,38.9354440798,-77.0327328149,5.0,7.0,5,Tuesday,Night,1,ASSAULT W/DANGEROUS WEAPON,2024-05-07 07:21:41+00:00,7,2024,Day,Cluster 2,High
24021001,2024-02-10 07:51:29+00:00,,,MIDNIGHT,ASSAULT W/DANGEROUS WEAPON,1600 - 1699 BLOCK OF V STREET SE,8.0,7.0,Cluster 28,38.8642534441,-76.9812422284,,,2,,Evening,1,ASSAULT W/DANGEROUS WEAPON,2024-02-10 07:51:29+00:00,7,2024,Day,Cluster 28,Medium
24003650,2024-01-08 08:55:38+00:00,2024-01-08 06:10:00+00:00,2024-01-08 06:15:00+00:00,MIDNIGHT,ASSAULT W/DANGEROUS WEAPON,1300 - 1399 BLOCK OF 5TH STREET NE,5.0,5.0,Cluster 23,38.9094049494,-76.9975459006,6.0,8.0,1,Monday,Morning,1,ASSAULT W/DANGEROUS WEAPON,2024-01-08 08:55:38+00:00,8,2024,Day,Cluster 23,High
24052084,2024-04-08 05:14:39+00:00,2024-04-08 00:43:00+00:00,2024-04-09 01:13:00+00:00,MIDNIGHT,ASSAULT W/DANGEROUS WEAPON,4400 - 4499 BLOCK OF MARTIN LUTHER KING JR AVENUE SW,8.0,7.0,Cluster 39,38.8256456454,-77.0125791335,0.0,8.0,4,Monday,Night,1,ASSAULT W/DANGEROUS WEAPON,2024-04-08 05:14:39+00:00,5,2024,Night,Cluster 39,High
24058938,2024-04-20 08:01:47+00:00,2024-04-20 04:01:00+00:00,2024-04-20 05:46:00+00:00,MIDNIGHT,ASSAULT W/DANGEROUS WEAPON,1501 - 1598 BLOCK OF MARION BARRY AVENUE SE,8.0,7.0,Cluster 28,38.8663336502,-76.9827065344,4.0,20.0,4,Saturday,Night,1,ASSAULT W/DANGEROUS WEAPON,2024-04-20 08:01:47+00:00,8,2024,Day,Cluster 28,Medium
24108672,2024-07-16 04:39:19+00:00,2024-07-16 02:16:00+00:00,2024-07-16 02:17:00+00:00,MIDNIGHT,ASSAULT W/DANGEROUS WEAPON,1400 - 1499 BLOCK OF 4TH STREET SW,6.0,1.0,Cluster 9,38.8725159905,-77.0175559768,2.0,16.0,7,Tuesday,Night,1,ASSAULT W/DANGEROUS WEAPON,2024-07-16 04:39:19+00:00,4,2024,Night,Cluster 9,Medium
24057321,2024-04-17 05:12:17+00:00,2024-04-17 02:30:00+00:00,2024-04-18 02:35:00+00:00,MIDNIGHT,ASSAULT W/DANGEROUS WEAPON,700 - 799 BLOCK OF 16TH STREET NE,7.0,5.0,Cluster 25,38.899150231,-76.9816673943,2.0,17.0,4,Wednesday,Night,1,ASSAULT W/DANGEROUS WEAPON,2024-04-17 05:12:17+00:00,5,2024,Night,Cluster 25,High
24127768,2024-08-20 07:57:05+00:00,2024-08-20 06:19:00+00:00,2024-08-20 07:50:00+00:00,MIDNIGHT,ASSAULT W/DANGEROUS WEAPON,1800 - 1899 BLOCK OF Q STREET SE,8.0,,Cluster 34,38.870743237,-76.9781838881,6.0,20.0,8,Tuesday,Morning,1,ASSAULT W/DANGEROUS WEAPON,2024-08-20 07:57:05+00:00,7,2024,Day,Cluster 34,High
24144067,2024-09-18 09:07:03+00:00,2024-09-18 06:32:00+00:00,2024-09-18 06:40:00+00:00,MIDNIGHT,ASSAULT W/DANGEROUS WEAPON,500 - 699 BLOCK OF PARK ROAD NW,1.0,4.0,Cluster 2,38.93298246,-77.0220096576,6.0,18.0,9,Wednesday,Morning,1,ASSAULT W/DANGEROUS WEAPON,2024-09-18 09:07:03+00:00,9,2024,Day,Cluster 2,High
24065110,2024-05-01 15:47:02+00:00,2024-05-01 13:16:00+00:00,,DAY,ASSAULT W/DANGEROUS WEAPON,3700 - 3799 BLOCK OF 4TH STREET SE,8.0,7.0,Cluster 39,38.8377527943,-77.0005724517,13.0,1.0,5,Wednesday,Afternoon,1,ASSAULT W/DANGEROUS WEAPON,2024-05-01 15:47:02+00:00,15,2024,Day,Cluster 39,High
24081019,2024-05-29 19:11:42+00:00,2024-05-29 14:57:00+00:00,,EVENING,ASSAULT W/DANGEROUS WEAPON,1500 - 1599 BLOCK OF SAVANNAH STREET SE,8.0,7.0,Cluster 38,38.8446942023,-76.9830503964,14.0,29.0,5,Wednesday,Afternoon,1,ASSAULT W/DANGEROUS WEAPON,2024-05-29 19:11:42+00:00,19,2024,Night,Cluster 38,High
24184118,2024-11-27 02:38:01+00:00,2024-11-27 00:28:00+00:00,2024-11-27 02:38:00+00:00,EVENING,ASSAULT W/DANGEROUS WEAPON,2705 - 2724 BLOCK OF MARTIN LUTHER KING JR AVENUE SE,8.0,7.0,Cluster 43,38.8524499071,-76.995868859,0.0,27.0,11,Wednesday,Night,1,ASSAULT W/DANGEROUS WEAPON,2024-11-27 02:38:01+00:00,2,2024,Night,Cluster 43,Low
24186098,2024-12-01 16:59:42+00:00,2024-12-01 15:18:00+00:00,2024-12-01 16:35:00+00:00,DAY,ASSAULT W/DANGEROUS WEAPON,2400 - 2499 BLOCK OF 15TH PLACE SE,8.0,7.0,Cluster 37,38.8545034814,-76.9828420501,15.0,1.0,12,Sunday,Afternoon,1,ASSAULT W/DANGEROUS WEAPON,2024-12-01 16:59:42+00:00,16,2024,Day,Cluster 37,High
24094273,2024-06-21 06:21:44+00:00,2024-06-21 05:12:00+00:00,2024-06-21 05:13:00+00:00,MIDNIGHT,ASSAULT W/DANGEROUS WEAPON,1300 - 1399 BLOCK OF 13TH STREET NW,2.0,3.0,Cluster 7,38.9079076361,-77.0296239384,5.0,21.0,6,Friday,Night,1,ASSAULT W/DANGEROUS WEAPON,2024-06-21 06:21:44+00:00,6,2024,Day,Cluster 7,Medium
24184782,2024-11-28 10:43:00+00:00,2024-11-28 09:23:00+00:00,2024-11-28 10:43:00+00:00,MIDNIGHT,ASSAULT W/DANGEROUS WEAPON,1 - 99 BLOCK OF ANACOSTIA ROAD SE,7.0,6.0,Cluster 32,38.8891297537,-76.9518550965,9.0,28.0,11,Thursday,Morning,1,ASSAULT W/DANGEROUS WEAPON,2024-11-28 10:43:00+00:00,10,2024,Day,Cluster 32,High
24001616,2024-01-04 03:26:12+00:00,2024-01-04 01:09:00+00:00,,EVENING,ASSAULT W/DANGEROUS WEAPON,500 - 699 BLOCK OF ROXBORO PLACE NW,4.0,4.0,Cluster 17,38.9655428472,-77.0211729964,1.0,4.0,1,Thursday,Night,1,ASSAULT W/DANGEROUS WEAPON,2024-01-04 03:26:12+00:00,3,2024,Night,Cluster 17,Medium
24163474,2024-10-21 20:08:28+00:00,2024-10-21 17:21:00+00:00,2024-10-21 19:00:00+00:00,EVENING,ASSAULT W/DANGEROUS WEAPON,1400 - 1599 BLOCK OF WHITTIER PLACE NW,4.0,4.0,Cluster 17,38.971505176,-77.0348939279,17.0,21.0,10,Monday,Evening,1,ASSAULT W/DANGEROUS WEAPON,2024-10-21 20:08:28+00:00,20,2024,Night,Cluster 17,Medium
24120246,2024-08-06 08:21:20+00:00,2024-08-06 03:00:00+00:00,2024-08-06 08:20:00+00:00,MIDNIGHT,ASSAULT W/DANGEROUS WEAPON,1900 - 1999 BLOCK OF FREDERICK DOUGLASS COURT SE,8.0,7.0,Cluster 38,38.8521487001,-76.9773348675,3.0,6.0,8,Tuesday,Night,1,ASSAULT W/DANGEROUS WEAPON,2024-08-06 08:21:20+00:00,8,2024,Day,Cluster 38,High
24008523,2024-01-18 02:33:29+00:00,2024-01-17 23:04:00+00:00,2024-01-18 00:10:00+00:00,EVENING,ASSAULT W/DANGEROUS WEAPON,400 - 499 BLOCK OF MITCH SNYDER PLACE NW,6.0,1.0,Cluster 8,38.895449605,-77.0136577317,23.0,17.0,1,Wednesday,Night,1,ASSAULT W/DANGEROUS WEAPON,2024-01-18 02:33:29+00:00,2,2024,Night,Cluster 8,Medium
24099686,2024-06-30 07:34:25+00:00,2024-06-30 04:12:00+00:00,,MIDNIGHT,ASSAULT W/DANGEROUS WEAPON,2700 - 2799 BLOCK OF R STREET SE,7.0,6.0,Cluster 34,38.8694739198,-76.9683740631,4.0,30.0,6,Sunday,Night,1,ASSAULT W/DANGEROUS WEAPON,2024-06-30 07:34:25+00:00,7,2024,Day,Cluster 34,High
24155083,2024-10-07 07:45:32+00:00,2024-10-07 01:40:00+00:00,2024-10-07 02:21:00+00:00,MIDNIGHT,ASSAULT W/DANGEROUS WEAPON,1400 - 1499 BLOCK OF Q STREET NW,2.0,3.0,Cluster 7,38.9111266917,-77.0332539945,1.0,7.0,10,Monday,Night,1,ASSAULT W/DANGEROUS WEAPON,2024-10-07 07:45:32+00:00,7,2024,Day,Cluster 7,Medium
24138346,2024-09-08 08:58:36+00:00,2024-09-08 02:34:00+00:00,2024-09-08 06:26:00+00:00,MIDNIGHT,ASSAULT W/DANGEROUS WEAPON,4660 - 4699 BLOCK OF MARTIN LUTHER KING JR AVENUE SW,8.0,7.0,Cluster 39,38.8216256757,-77.0110811748,2.0,8.0,9,Sunday,Night,1,ASSAULT W/DANGEROUS WEAPON,2024-09-08 08:58:36+00:00,8,2024,Day,Cluster 39,High
24148212,2024-09-25 05:14:01+00:00,2024-09-25 03:40:00+00:00,2024-09-25 04:34:00+00:00,MIDNIGHT,ASSAULT W/DANGEROUS WEAPON,944 - 967 BLOCK OF FLORIDA AVENUE NW,1.0,3.0,Cluster 3,38.9195553057,-77.0250892284,3.0,25.0,9,Wednesday,Night,1,ASSAULT W/DANGEROUS WEAPON,2024-09-25 05:14:01+00:00,5,2024,Night,Cluster 3,Medium
24051997,2024-04-08 02:32:32+00:00,2024-04-07 22:10:00+00:00,2024-04-08 00:00:00+00:00,EVENING,ASSAULT W/DANGEROUS WEAPON,1400 - 1499 BLOCK OF L STREET SE,6.0,1.0,Cluster 26,38.8775161271,-76.9845951078,22.0,7.0,4,Sunday,Night,1,ASSAULT W/DANGEROUS WEAPON,2024-04-08 02:32:32+00:00,2,2024,Night,Cluster 26,Medium
24033483,2024-03-04 20:15:08+00:00,2024-03-04 17:29:00+00:00,2024-03-04 20:23:00+00:00,EVENING,ASSAULT W/DANGEROUS WEAPON,2696 - 2699 BLOCK OF MARTIN LUTHER KING JR AVENUE SE,8.0,7.0,Cluster 43,38.8524499224,-76.9958687737,17.0,4.0,3,Monday,Evening,1,ASSAULT W/DANGEROUS WEAPON,2024-03-04 20:15:08+00:00,20,2024,Night,Cluster 43,Low
24005341,2024-01-11 18:21:16+00:00,2024-01-11 15:40:00+00:00,,DAY,ASSAULT W/DANGEROUS WEAPON,2501 - 2600 BLOCK OF NAYLOR ROAD SE,7.0,6.0,Cluster 34,38.867776133,-76.9704192228,15.0,11.0,1,Thursday,Afternoon,1,ASSAULT W/DANGEROUS WEAPON,2024-01-11 18:21:16+00:00,18,2024,Night,Cluster 34,High
24190790,2024-12-10 03:05:52+00:00,2024-12-09 20:58:00+00:00,2024-12-09 21:34:00+00:00,EVENING,ASSAULT W/DANGEROUS WEAPON,TALBERT STREET SE AND MARTIN LUTHER KING JR AVENUE SE,8.0,7.0,Cluster 37,38.8627650893,-76.9922448825,20.0,9.0,12,Monday,Night,1,ASSAULT W/DANGEROUS WEAPON,2024-12-10 03:05:52+00:00,3,2024,Night,Cluster 37,High
24174826,2024-11-10 17:23:49+00:00,2024-11-10 14:58:00+00:00,2024-11-10 16:00:00+00:00,DAY,ASSAULT W/DANGEROUS WEAPON,300 - 399 BLOCK OF DELAFIELD PLACE NW,4.0,,Cluster 18,38.9492986263,-77.0166094249,14.0,10.0,11,Sunday,Afternoon,1,ASSAULT W/DANGEROUS WEAPON,2024-11-10 17:23:49+00:00,17,2024,Day,Cluster 18,High
24180838,2024-11-21 10:13:46+00:00,2024-11-21 07:38:00+00:00,2024-11-21 10:00:00+00:00,MIDNIGHT,ASSAULT W/DANGEROUS WEAPON,2 - 199 BLOCK OF GALVESTON STREET SW,8.0,7.0,Cluster 39,38.8236013165,-77.0088899643,7.0,21.0,11,Thursday,Morning,1,ASSAULT W/DANGEROUS WEAPON,2024-11-21 10:13:46+00:00,10,2024,Day,Cluster 39,High
24071808,2024-05-13 20:54:36+00:00,2024-05-13 19:50:00+00:00,,EVENING,ASSAULT W/DANGEROUS WEAPON,600 - 699 BLOCK OF SAVANNAH STREET SE,8.0,7.0,Cluster 39,38.8418770374,-76.9980134676,19.0,13.0,5,Monday,Evening,1,ASSAULT W/DANGEROUS WEAPON,2024-05-13 20:54:36+00:00,20,2024,Night,Cluster 39,High
24035789,2024-03-09 01:34:27+00:00,2024-03-08 20:45:00+00:00,2024-03-08 21:30:00+00:00,EVENING,ASSAULT W/DANGEROUS WEAPON,3800 - 3899 BLOCK OF HALLEY TERRACE SE,8.0,7.0,Cluster 39,38.8336855005,-77.0071342356,20.0,8.0,3,Friday,Night,1,ASSAULT W/DANGEROUS WEAPON,2024-03-09 01:34:27+00:00,1,2024,Night,Cluster 39,High
24063556,2024-04-28 21:16:02+00:00,2024-04-28 18:31:00+00:00,2024-04-28 19:55:00+00:00,EVENING,ASSAULT W/DANGEROUS WEAPON,CORCORAN STREET NE AND WEST VIRGINIA AVENUE NE,5.0,5.0,Cluster 23,38.9089856853,-76.987468198,18.0,28.0,4,Sunday,Evening,1,ASSAULT W/DANGEROUS WEAPON,2024-04-28 21:16:02+00:00,21,2024,Night,Cluster 23,High
24202286,2025-01-01 04:34:58+00:00,2025-01-01 02:53:00+00:00,,MIDNIGHT,ASSAULT W/DANGEROUS WEAPON,56 - 99 BLOCK OF M STREET SE,8.0,1.0,Cluster 27,38.8764820976,-77.0062852889,2.0,1.0,1,Wednesday,Night,1,ASSAULT W/DANGEROUS WEAPON,2025-01-01 04:34:58+00:00,4,2025,Night,Cluster 27,Medium
24025078,2024-02-17 23:46:03+00:00,2024-02-17 21:31:00+00:00,2024-02-17 21:35:00+00:00,EVENING,ASSAULT W/DANGEROUS WEAPON,2 - 199 BLOCK OF GALVESTON STREET SW,8.0,7.0,Cluster 39,38.8236013165,-77.0088899643,21.0,17.0,2,Saturday,Night,1,ASSAULT W/DANGEROUS WEAPON,2024-02-17 23:46:03+00:00,23,2024,Night,Cluster 39,High
24151178,2024-09-30 07:25:14+00:00,2024-09-30 05:38:00+00:00,2024-09-30 07:03:00+00:00,MIDNIGHT,ASSAULT W/DANGEROUS WEAPON,500 - 599 BLOCK OF FLORIDA AVENUE NE,5.0,5.0,Cluster 23,38.9064678888,-76.9988836239,5.0,30.0,9,Monday,Night,1,ASSAULT W/DANGEROUS WEAPON,2024-09-30 07:25:14+00:00,7,2024,Day,Cluster 23,High
24120916,2024-08-07 14:44:58+00:00,2024-08-07 13:34:00+00:00,2024-08-07 14:45:00+00:00,DAY,ASSAULT W/DANGEROUS WEAPON,20 - 199 BLOCK OF FORRESTER STREET SW,8.0,,Cluster 39,38.8251994209,-77.0101641251,13.0,7.0,8,Wednesday,Afternoon,1,ASSAULT W/DANGEROUS WEAPON,2024-08-07 14:44:58+00:00,14,2024,Day,Cluster 39,High
24011513,2024-01-24 02:45:19+00:00,2024-01-24 01:31:00+00:00,2024-01-24 01:40:00+00:00,EVENING,ASSAULT W/DANGEROUS WEAPON,2300 - 2351 BLOCK OF 16TH STREET SE,8.0,7.0,Cluster 28,38.8620759492,-76.9827717617,1.0,24.0,1,Wednesday,Night,1,ASSAULT W/DANGEROUS WEAPON,2024-01-24 02:45:19+00:00,2,2024,Night,Cluster 28,Medium
24152851,2024-10-03 01:48:57+00:00,2024-09-27 23:00:00+00:00,2024-09-28 05:30:00+00:00,EVENING,ASSAULT W/DANGEROUS WEAPON,601 - 899 BLOCK OF 6TH STREET SW,6.0,1.0,Cluster 9,38.8807981271,-77.0199060071,23.0,27.0,10,Friday,Night,1,ASSAULT W/DANGEROUS WEAPON,2024-10-03 01:48:57+00:00,1,2024,Night,Cluster 9,Medium
24042384,2024-03-21 00:33:16+00:00,2024-03-20 19:22:00+00:00,,EVENING,ASSAULT W/DANGEROUS WEAPON,1436 - 1498 BLOCK OF HOWARD ROAD SE,8.0,7.0,Cluster 37,38.8582298795,-76.9870451703,19.0,20.0,3,Wednesday,Evening,1,ASSAULT W/DANGEROUS WEAPON,2024-03-21 00:33:16+00:00,0,2024,Night,Cluster 37,High
24164891,2024-10-23 23:57:27+00:00,2024-10-23 22:21:00+00:00,2024-10-23 23:00:00+00:00,EVENING,ASSAULT W/DANGEROUS WEAPON,2300 - 2399 BLOCK OF BENNING ROAD NE,7.0,5.0,Cluster 25,38.898230689,-76.9726198373,22.0,23.0,10,Wednesday,Night,1,ASSAULT W/DANGEROUS WEAPON,2024-10-23 23:57:27+00:00,23,2024,Night,Cluster 25,High
24014748,2024-01-30 02:45:13+00:00,2024-01-27 07:16:00+00:00,2024-01-30 02:18:00+00:00,EVENING,ASSAULT W/DANGEROUS WEAPON,500 - 799 BLOCK OF YUMA STREET SE,8.0,7.0,Cluster 39,38.8319880346,-76.9969593009,7.0,27.0,1,Saturday,Morning,1,ASSAULT W/DANGEROUS WEAPON,2024-01-30 02:45:13+00:00,2,2024,Night,Cluster 39,High
24130608,2024-08-25 03:28:03+00:00,2024-08-25 01:16:00+00:00,2024-08-25 03:20:00+00:00,MIDNIGHT,ASSAULT W/DANGEROUS WEAPON,1 - 99 BLOCK OF BATES STREET NW,5.0,3.0,Cluster 21,38.9103802773,-77.0106067892,1.0,25.0,8,Sunday,Night,1,ASSAULT W/DANGEROUS WEAPON,2024-08-25 03:28:03+00:00,3,2024,Night,Cluster 21,High
24103637,2024-07-07 05:32:14+00:00,2024-07-07 01:32:00+00:00,2024-07-07 01:59:00+00:00,MIDNIGHT,ASSAULT W/DANGEROUS WEAPON,2400 - 2699 BLOCK OF POMEROY ROAD SE,8.0,7.0,Cluster 37,38.8552029073,-76.9897309123,1.0,7.0,7,Sunday,Night,1,ASSAULT W/DANGEROUS WEAPON,2024-07-07 05:32:14+00:00,5,2024,Night,Cluster 37,High
24035897,2024-03-09 05:04:48+00:00,2024-03-09 02:28:00+00:00,2024-03-10 04:00:00+00:00,MIDNIGHT,ASSAULT W/DANGEROUS WEAPON,4510 - 4549 BLOCK OF BENNING ROAD SE,7.0,6.0,Cluster 33,38.889093908,-76.9372513747,2.0,9.0,3,Saturday,Night,1,ASSAULT W/DANGEROUS WEAPON,2024-03-09 05:04:48+00:00,5,2024,Night,Cluster 33,High
24079905,2024-05-27 23:33:45+00:00,2024-05-27 20:05:00+00:00,2024-05-27 20:48:00+00:00,EVENING,ASSAULT W/DANGEROUS WEAPON,2730 - 2899 BLOCK OF MARTIN LUTHER KING JR AVENUE SE,8.0,7.0,Cluster 39,38.8468326159,-76.9961396645,20.0,27.0,5,Monday,Night,1,ASSAULT W/DANGEROUS WEAPON,2024-05-27 23:33:45+00:00,23,2024,Night,Cluster 39,High
24048009,2024-03-31 10:08:35+00:00,2024-03-31 06:05:00+00:00,2024-03-31 09:00:00+00:00,MIDNIGHT,ASSAULT W/DANGEROUS WEAPON,3806 - 3843 BLOCK OF MINNESOTA AVENUE NE,7.0,6.0,Cluster 32,38.8926800402,-76.9509711286,6.0,31.0,3,Sunday,Morning,1,ASSAULT W/DANGEROUS WEAPON,2024-03-31 10:08:35+00:00,10,2024,Day,Cluster 32,High
24084021,2024-06-03 19:57:47+00:00,2024-06-03 17:36:00+00:00,2024-06-03 19:34:00+00:00,EVENING,ASSAULT W/DANGEROUS WEAPON,1001- 1299 BLOCK OF KENILWORTH AVENUE NE,7.0,6.0,Cluster 31,38.9047027773,-76.9406696985,17.0,3.0,6,Monday,Evening,1,ASSAULT W/DANGEROUS WEAPON,2024-06-03 19:57:47+00:00,19,2024,Night,Cluster 31,High
24128480,2024-08-21 16:58:49+00:00,2024-08-21 15:10:00+00:00,2024-08-21 15:50:00+00:00,DAY,ASSAULT W/DANGEROUS WEAPON,2100 - 2111 BLOCK OF MARYLAND AVENUE NE,5.0,5.0,Cluster 23,38.9040867267,-76.9736875824,15.0,21.0,8,Wednesday,Afternoon,1,ASSAULT W/DANGEROUS WEAPON,2024-08-21 16:58:49+00:00,16,2024,Day,Cluster 23,High
24101578,2024-07-03 16:19:14+00:00,2024-07-03 15:17:00+00:00,2024-07-03 16:20:00+00:00,DAY,ASSAULT W/DANGEROUS WEAPON,2500 - 2610 BLOCK OF 10TH STREET NE,5.0,5.0,Cluster 22,38.9229728092,-76.9924282654,15.0,3.0,7,Wednesday,Afternoon,1,ASSAULT W/DANGEROUS WEAPON,2024-07-03 16:19:14+00:00,16,2024,Day,Cluster 22,Medium
24069810,2024-05-10 01:50:07+00:00,2024-05-09 23:25:00+00:00,2024-05-09 23:45:00+00:00,EVENING,ASSAULT W/DANGEROUS WEAPON,P STREET SW AND 2ND STREET SW,6.0,1.0,Cluster 9,38.8720357313,-77.0136720341,23.0,9.0,5,Thursday,Night,1,ASSAULT W/DANGEROUS WEAPON,2024-05-10 01:50:07+00:00,1,2024,Night,Cluster 9,Medium
24196064,2024-12-19 16:20:31+00:00,2024-12-19 13:43:00+00:00,,DAY,ASSAULT W/DANGEROUS WEAPON,100 - 151 BLOCK OF M STREET SE,6.0,1.0,Cluster 27,38.8764812582,-77.0050157617,13.0,19.0,12,Thursday,Afternoon,1,ASSAULT W/DANGEROUS WEAPON,2024-12-19 16:20:31+00:00,16,2024,Day,Cluster 27,Medium
24024231,2024-02-16 09:50:45+00:00,2024-02-16 08:17:00+00:00,2024-02-16 09:00:00+00:00,MIDNIGHT,ASSAULT W/DANGEROUS WEAPON,3300 - 3730 BLOCK OF HAYES STREET NE,7.0,6.0,Cluster 30,38.9066615961,-76.9528191142,8.0,16.0,2,Friday,Morning,1,ASSAULT W/DANGEROUS WEAPON,2024-02-16 09:50:45+00:00,9,2024,Day,Cluster 30,High
24085303,2024-06-05 21:16:59+00:00,2024-06-05 18:52:00+00:00,2024-06-05 20:20:00+00:00,EVENING,ASSAULT W/DANGEROUS WEAPON,3100 - 3199 BLOCK OF 11TH STREET NW,1.0,3.0,Cluster 2,38.9291900313,-77.0276258227,18.0,5.0,6,Wednesday,Evening,1,ASSAULT W/DANGEROUS WEAPON,2024-06-05 21:16:59+00:00,21,2024,Night,Cluster 2,High
24120202,2024-08-06 06:13:43+00:00,2024-08-06 01:29:00+00:00,2024-08-06 06:00:00+00:00,MIDNIGHT,ASSAULT W/DANGEROUS WEAPON,3651 - 3799 BLOCK OF MARTIN LUTHER KING JR AVENUE SE,8.0,7.0,Cluster 39,38.8368603507,-77.0069028318,1.0,6.0,8,Tuesday,Night,1,ASSAULT W/DANGEROUS WEAPON,2024-08-06 06:13:43+00:00,6,2024,Day,Cluster 39,High
24148091,2024-09-25 01:54:31+00:00,2024-09-25 00:01:00+00:00,2024-09-25 00:02:00+00:00,EVENING,ASSAULT W/DANGEROUS WEAPON,2700 - 2799 BLOCK OF STANTON ROAD SE,8.0,7.0,Cluster 37,38.8579243739,-76.9875985985,0.0,25.0,9,Wednesday,Night,1,ASSAULT W/DANGEROUS WEAPON,2024-09-25 01:54:31+00:00,1,2024,Night,Cluster 37,High
24161835,2024-10-18 23:38:01+00:00,2024-10-18 22:18:00+00:00,2024-10-18 23:18:00+00:00,EVENING,ASSAULT W/DANGEROUS WEAPON,3900 - 3928 BLOCK OF MINNESOTA AVENUE NE,7.0,6.0,Cluster 32,38.8935443043,-76.95033389,22.0,18.0,10,Friday,Night,1,ASSAULT W/DANGEROUS WEAPON,2024-10-18 23:38:01+00:00,23,2024,Night,Cluster 32,High
24122435,2024-08-10 11:11:45+00:00,2024-08-10 09:46:00+00:00,2024-08-10 11:00:00+00:00,DAY,ASSAULT W/DANGEROUS WEAPON,IRVING STREET NW AND 14TH STREET NW,1.0,3.0,Cluster 2,38.9288066229,-77.0326410883,9.0,10.0,8,Saturday,Morning,1,ASSAULT W/DANGEROUS WEAPON,2024-08-10 11:11:45+00:00,11,2024,Day,Cluster 2,High
24021228,2024-02-10 20:39:18+00:00,2024-02-10 17:31:00+00:00,,EVENING,ASSAULT W/DANGEROUS WEAPON,1803 - 1841 BLOCK OF ALABAMA AVENUE SE,8.0,7.0,Cluster 38,38.8479406366,-76.9785374868,17.0,10.0,2,Saturday,Evening,1,ASSAULT W/DANGEROUS WEAPON,2024-02-10 20:39:18+00:00,20,2024,Night,Cluster 38,High
24049955,2024-04-04 02:30:47+00:00,2024-04-04 00:13:00+00:00,,EVENING,ASSAULT W/DANGEROUS WEAPON,2696 - 2699 BLOCK OF MARTIN LUTHER KING JR AVENUE SE,8.0,7.0,Cluster 43,38.8524499224,-76.9958687737,0.0,4.0,4,Thursday,Night,1,ASSAULT W/DANGEROUS WEAPON,2024-04-04 02:30:47+00:00,2,2024,Night,Cluster 43,Low
24095973,2024-06-24 06:26:16+00:00,2024-06-24 01:45:00+00:00,2024-06-24 05:03:00+00:00,MIDNIGHT,ASSAULT W/DANGEROUS WEAPON,600 - 699 BLOCK OF MARYLAND AVENUE SW,6.0,1.0,Cluster 9,38.8866013919,-77.0209105976,1.0,24.0,6,Monday,Night,1,ASSAULT W/DANGEROUS WEAPON,2024-06-24 06:26:16+00:00,6,2024,Day,Cluster 9,Medium
24023857,2024-02-15 19:23:12+00:00,2024-02-15 17:52:00+00:00,2024-02-15 19:00:00+00:00,DAY,ASSAULT W/DANGEROUS WEAPON,329 - 523 BLOCK OF RALEIGH STREET SE,8.0,7.0,Cluster 39,38.8440194323,-76.9995467213,17.0,15.0,2,Thursday,Evening,1,ASSAULT W/DANGEROUS WEAPON,2024-02-15 19:23:12+00:00,19,2024,Night,Cluster 39,High
24056407,2024-04-15 18:21:52+00:00,2024-04-15 15:07:00+00:00,2024-04-15 18:07:00+00:00,DAY,ASSAULT W/DANGEROUS WEAPON,2500 - 2599 BLOCK OF Q STREET SE,7.0,6.0,Cluster 34,38.870742796,-76.9704756104,15.0,15.0,4,Monday,Afternoon,1,ASSAULT W/DANGEROUS WEAPON,2024-04-15 18:21:52+00:00,18,2024,Night,Cluster 34,High
24184275,2024-11-27 12:12:17+00:00,2024-11-27 10:43:00+00:00,2024-11-27 10:48:00+00:00,DAY,ASSAULT W/DANGEROUS WEAPON,1200 - 1299 BLOCK OF HALF STREET SE,8.0,1.0,Cluster 27,38.8755588474,-77.0074620773,10.0,27.0,11,Wednesday,Morning,1,ASSAULT W/DANGEROUS WEAPON,2024-11-27 12:12:17+00:00,12,2024,Day,Cluster 27,Medium
24184774,2024-11-28 09:34:09+00:00,2024-11-28 08:03:00+00:00,2024-11-28 09:30:00+00:00,MIDNIGHT,ASSAULT W/DANGEROUS WEAPON,3227 - 3299 BLOCK OF 13TH STREET SE,8.0,7.0,Cluster 38,38.8435667334,-76.9885052252,8.0,28.0,11,Thursday,Morning,1,ASSAULT W/DANGEROUS WEAPON,2024-11-28 09:34:09+00:00,9,2024,Day,Cluster 38,High
24166278,2024-10-26 08:55:30+00:00,2024-10-26 06:09:00+00:00,2024-10-26 09:00:00+00:00,MIDNIGHT,ASSAULT W/DANGEROUS WEAPON,1300 - 1399 BLOCK OF H STREET NE,6.0,1.0,Cluster 25,38.9001986979,-76.9869062421,6.0,26.0,10,Saturday,Morning,1,ASSAULT W/DANGEROUS WEAPON,2024-10-26 08:55:30+00:00,8,2024,Day,Cluster 25,High
24193593,2024-12-14 23:30:07+00:00,2024-12-14 20:41:00+00:00,2024-12-14 22:54:00+00:00,EVENING,ASSAULT W/DANGEROUS WEAPON,1500 - 1599 BLOCK OF BENNING ROAD NE,7.0,5.0,Cluster 25,38.8999764193,-76.9824602061,20.0,14.0,12,Saturday,Night,1,ASSAULT W/DANGEROUS WEAPON,2024-12-14 23:30:07+00:00,23,2024,Night,Cluster 25,High
24068232,2024-05-07 04:28:15+00:00,2024-05-07 02:15:00+00:00,2024-05-08 03:45:00+00:00,MIDNIGHT,ASSAULT W/DANGEROUS WEAPON,667 - 798 BLOCK OF NICHOLSON STREET NE,4.0,4.0,Cluster 19,38.9581778248,-76.9956808985,2.0,7.0,5,Tuesday,Night,1,ASSAULT W/DANGEROUS WEAPON,2024-05-07 04:28:15+00:00,4,2024,Night,Cluster 19,Medium
24076495,2024-05-22 02:10:45+00:00,2024-05-21 23:09:00+00:00,2024-05-21 23:30:00+00:00,EVENING,ASSAULT W/DANGEROUS WEAPON,6200 - 6299 BLOCK OF GEORGIA AVENUE NW,4.0,4.0,Cluster 17,38.9655430254,-77.0276542224,23.0,21.0,5,Tuesday,Night,1,ASSAULT W/DANGEROUS WEAPON,2024-05-22 02:10:45+00:00,2,2024,Night,Cluster 17,Medium
24074420,2024-05-18 07:36:34+00:00,2024-05-18 04:36:00+00:00,2024-05-18 04:42:00+00:00,MIDNIGHT,ASSAULT W/DANGEROUS WEAPON,1100 - 1299 BLOCK OF SPRING ROAD NW,4.0,4.0,Cluster 18,38.9361269669,-77.0291085579,4.0,18.0,5,Saturday,Night,1,ASSAULT W/DANGEROUS WEAPON,2024-05-18 07:36:34+00:00,7,2024,Day,Cluster 18,High
24157989,2024-10-12 01:06:38+00:00,2024-10-11 23:35:00+00:00,,EVENING,ASSAULT W/DANGEROUS WEAPON,3200 - 3299 BLOCK OF E STREET SE,7.0,6.0,Cluster 32,38.8828380712,-76.9606318788,23.0,11.0,10,Friday,Night,1,ASSAULT W/DANGEROUS WEAPON,2024-10-12 01:06:38+00:00,1,2024,Night,Cluster 32,High
24126033,2024-08-17 10:11:19+00:00,2024-08-17 03:48:00+00:00,,MIDNIGHT,ASSAULT W/DANGEROUS WEAPON,2966 - 3031 BLOCK OF 30TH STREET SE,8.0,7.0,Cluster 36,38.8529978798,-76.965687488,3.0,17.0,8,Saturday,Night,1,ASSAULT W/DANGEROUS WEAPON,2024-08-17 10:11:19+00:00,10,2024,Day,Cluster 36,High
24196633,2024-12-20 18:15:16+00:00,2024-12-20 13:45:00+00:00,2024-12-20 17:36:00+00:00,DAY,ASSAULT W/DANGEROUS WEAPON,1700 - 1799 BLOCK OF 7TH STREET NW,2.0,3.0,Cluster 7,38.9133483927,-77.0219150455,13.0,20.0,12,Friday,Afternoon,1,ASSAULT W/DANGEROUS WEAPON,2024-12-20 18:15:16+00:00,18,2024,Night,Cluster 7,Medium
24056773,2024-04-16 04:28:49+00:00,2024-04-16 02:32:00+00:00,2024-04-16 04:25:00+00:00,MIDNIGHT,ASSAULT W/DANGEROUS WEAPON,1550 - 1599 BLOCK OF 27TH STREET SE,7.0,6.0,Cluster 34,38.8711344971,-76.9689674668,2.0,16.0,4,Tuesday,Night,1,ASSAULT W/DANGEROUS WEAPON,2024-04-16 04:28:49+00:00,4,2024,Night,Cluster 34,High
24082064,2024-05-31 09:23:09+00:00,2024-05-31 05:15:00+00:00,2024-05-31 08:30:00+00:00,MIDNIGHT,ASSAULT W/DANGEROUS WEAPON,2000 - 2061 BLOCK OF E STREET NE,7.0,5.0,Cluster 25,38.8961128253,-76.9756665177,5.0,31.0,5,Friday,Night,1,ASSAULT W/DANGEROUS WEAPON,2024-05-31 09:23:09+00:00,9,2024,Day,Cluster 25,High
24158134,2024-10-12 09:07:34+00:00,2024-10-12 05:55:00+00:00,2024-10-12 06:20:00+00:00,MIDNIGHT,ASSAULT W/DANGEROUS WEAPON,932 - 999 BLOCK OF U STREET NW,1.0,3.0,Cluster 3,38.9169987999,-77.0256519615,5.0,12.0,10,Saturday,Night,1,ASSAULT W/DANGEROUS WEAPON,2024-10-12 09:07:34+00:00,9,2024,Day,Cluster 3,Medium
24201254,2024-12-30 08:04:48+00:00,2024-12-30 03:24:00+00:00,2024-12-30 06:07:00+00:00,MIDNIGHT,ASSAULT W/DANGEROUS WEAPON,1610 - 1638 BLOCK OF COLUMBIA ROAD NW,1.0,3.0,Cluster 1,38.9259430478,-77.037431938,3.0,30.0,12,Monday,Night,1,ASSAULT W/DANGEROUS WEAPON,2024-12-30 08:04:48+00:00,8,2024,Day,Cluster 1,Medium
24108957,2024-07-16 17:48:17+00:00,2024-07-16 16:59:00+00:00,2024-07-16 17:09:00+00:00,DAY,ASSAULT W/DANGEROUS WEAPON,1300 - 1399 BLOCK OF NEW YORK AVENUE NW,2.0,2.0,Cluster 8,38.8996769403,-77.0311403905,16.0,16.0,7,Tuesday,Afternoon,1,ASSAULT W/DANGEROUS WEAPON,2024-07-16 17:48:17+00:00,17,2024,Day,Cluster 8,Medium
24017151,2024-02-03 09:03:06+00:00,2024-02-03 07:33:00+00:00,2024-02-03 09:00:00+00:00,MIDNIGHT,ASSAULT W/DANGEROUS WEAPON,5100 - 5199 BLOCK OF SHERIFF ROAD NE,7.0,6.0,Cluster 31,38.9036422597,-76.9256198676,7.0,3.0,2,Saturday,Morning,1,ASSAULT W/DANGEROUS WEAPON,2024-02-03 09:03:06+00:00,9,2024,Day,Cluster 31,High
24134554,2024-09-01 07:14:40+00:00,2024-08-12 02:00:00+00:00,2024-08-12 04:30:00+00:00,MIDNIGHT,ASSAULT W/DANGEROUS WEAPON,2700 - 2899 BLOCK OF SHIPLEY TERRACE SE,8.0,7.0,Cluster 36,38.8497737019,-76.9667431363,2.0,12.0,9,Monday,Night,1,ASSAULT W/DANGEROUS WEAPON,2024-09-01 07:14:40+00:00,7,2024,Day,Cluster 36,High
24169348,2024-11-01 01:49:33+00:00,2024-10-31 20:33:00+00:00,2024-10-31 22:30:00+00:00,EVENING,ASSAULT W/DANGEROUS WEAPON,4000 - 4099 BLOCK OF EAST CAPITOL STREET,7.0,6.0,Cluster 32,38.8897815324,-76.9459027782,20.0,31.0,11,Thursday,Night,1,ASSAULT W/DANGEROUS WEAPON,2024-11-01 01:49:33+00:00,1,2024,Night,Cluster 32,High
24059537,2024-04-21 08:27:15+00:00,2024-04-21 07:49:00+00:00,2024-04-21 10:30:00+00:00,MIDNIGHT,ASSAULT W/DANGEROUS WEAPON,140 - 199 BLOCK OF V STREET NE,5.0,5.0,Cluster 21,38.9180951431,-77.0044234521,7.0,21.0,4,Sunday,Morning,1,ASSAULT W/DANGEROUS WEAPON,2024-04-21 08:27:15+00:00,8,2024,Day,Cluster 21,High
24100087,2024-07-01 01:44:21+00:00,2024-06-30 20:40:00+00:00,2024-07-01 01:41:00+00:00,EVENING,ASSAULT W/DANGEROUS WEAPON,4000 - 4098 BLOCK OF SOUTH CAPITOL STREET,8.0,7.0,Cluster 39,38.8308063012,-77.0076745977,20.0,30.0,7,Sunday,Night,1,ASSAULT W/DANGEROUS WEAPON,2024-07-01 01:44:21+00:00,1,2024,Night,Cluster 39,High
24015376,2024-01-31 08:06:03+00:00,2024-01-31 02:29:00+00:00,2024-01-31 02:40:00+00:00,MIDNIGHT,ASSAULT W/DANGEROUS WEAPON,300 - 399 BLOCK OF CEDAR STREET NW,4.0,4.0,Cluster 17,38.9749689173,-77.0171443013,2.0,31.0,1,Wednesday,Night,1,ASSAULT W/DANGEROUS WEAPON,2024-01-31 08:06:03+00:00,8,2024,Day,Cluster 17,Medium
24100694,2024-07-02 02:11:33+00:00,2024-07-01 22:40:00+00:00,2024-07-02 02:00:00+00:00,EVENING,ASSAULT W/DANGEROUS WEAPON,1500 - 1599 BLOCK OF MARYLAND AVENUE NE,5.0,5.0,Cluster 23,38.9007430378,-76.9819168035,22.0,1.0,7,Monday,Night,1,ASSAULT W/DANGEROUS WEAPON,2024-07-02 02:11:33+00:00,2,2024,Night,Cluster 23,High
24126330,2024-08-18 00:10:36+00:00,2024-08-17 19:20:00+00:00,2024-08-17 20:25:00+00:00,EVENING,ASSAULT W/DANGEROUS WEAPON,3400 - 3499 BLOCK OF 13TH PLACE SE,8.0,7.0,Cluster 38,38.8416472905,-76.9872813232,19.0,17.0,8,Saturday,Evening,1,ASSAULT W/DANGEROUS WEAPON,2024-08-18 00:10:36+00:00,0,2024,Night,Cluster 38,High
24056171,2024-04-15 03:07:59+00:00,2024-04-15 01:21:00+00:00,2024-04-15 02:31:00+00:00,MIDNIGHT,ASSAULT W/DANGEROUS WEAPON,2000 - 2016 BLOCK OF P STREET NW,2.0,2.0,Cluster 6,38.9096418424,-77.045322301,1.0,15.0,4,Monday,Night,1,ASSAULT W/DANGEROUS WEAPON,2024-04-15 03:07:59+00:00,3,2024,Night,Cluster 6,Medium
24146453,2024-09-22 10:49:03+00:00,2024-09-22 06:48:00+00:00,2024-09-22 06:50:00+00:00,MIDNIGHT,ASSAULT W/DANGEROUS WEAPON,1100 - 1299 BLOCK OF COLUMBIA ROAD NW,1.0,3.0,Cluster 2,38.9276882281,-77.0284905371,6.0,22.0,9,Sunday,Morning,1,ASSAULT W/DANGEROUS WEAPON,2024-09-22 10:49:03+00:00,10,2024,Day,Cluster 2,High
24189594,2024-12-07 22:32:09+00:00,2024-12-07 19:53:00+00:00,2024-12-07 22:00:00+00:00,EVENING,ASSAULT W/DANGEROUS WEAPON,3033 - 3098 BLOCK OF STANTON ROAD SE,8.0,7.0,Cluster 38,38.8524031478,-76.9823129126,19.0,7.0,12,Saturday,Evening,1,ASSAULT W/DANGEROUS WEAPON,2024-12-07 22:32:09+00:00,22,2024,Night,Cluster 38,High
24176304,2024-11-13 06:53:13+00:00,2024-11-13 04:40:00+00:00,2024-11-14 04:43:00+00:00,MIDNIGHT,ASSAULT W/DANGEROUS WEAPON,GEORGIA AVENUE NW AND UPSHUR STREET NW,4.0,4.0,Cluster 18,38.9418725758,-77.0255143019,4.0,13.0,11,Wednesday,Night,1,ASSAULT W/DANGEROUS WEAPON,2024-11-13 06:53:13+00:00,6,2024,Day,Cluster 18,High
24130490,2024-08-24 23:08:24+00:00,2024-08-24 22:27:00+00:00,2024-08-24 23:00:00+00:00,EVENING,ASSAULT W/DANGEROUS WEAPON,BENNING ROAD NE AND BLADENSBURG ROAD NE,5.0,5.0,Cluster 25,38.9001307518,-76.9834424224,22.0,24.0,8,Saturday,Night,1,ASSAULT W/DANGEROUS WEAPON,2024-08-24 23:08:24+00:00,23,2024,Night,Cluster 25,High
24075449,2024-05-20 11:08:27+00:00,2024-05-20 08:53:00+00:00,2024-05-20 08:53:00+00:00,DAY,ASSAULT W/DANGEROUS WEAPON,STANTON ROAD SE AND SAVANNAH STREET SE,8.0,7.0,Cluster 38,38.8457321454,-76.9796432095,8.0,20.0,5,Monday,Morning,1,ASSAULT W/DANGEROUS WEAPON,2024-05-20 11:08:27+00:00,11,2024,Day,Cluster 38,High
24161417,2024-10-18 07:09:24+00:00,2024-10-18 06:30:00+00:00,2024-10-18 06:56:00+00:00,MIDNIGHT,ASSAULT W/DANGEROUS WEAPON,3900 - 3920 BLOCK OF 1ST STREET SE,8.0,7.0,Cluster 39,38.8325505335,-77.0058848811,6.0,18.0,10,Friday,Morning,1,ASSAULT W/DANGEROUS WEAPON,2024-10-18 07:09:24+00:00,7,2024,Day,Cluster 39,High
24144013,2024-09-18 04:13:13+00:00,2024-09-18 02:20:00+00:00,2024-09-18 04:00:00+00:00,MIDNIGHT,ASSAULT W/DANGEROUS WEAPON,2627 - 2699 BLOCK OF STANTON ROAD SE,8.0,7.0,Cluster 37,38.8584648442,-76.9900561524,2.0,18.0,9,Wednesday,Night,1,ASSAULT W/DANGEROUS WEAPON,2024-09-18 04:13:13+00:00,4,2024,Night,Cluster 37,High
24128657,2024-08-22 01:23:51+00:00,2024-08-21 20:17:00+00:00,,EVENING,ASSAULT W/DANGEROUS WEAPON,3800 - 3899 BLOCK OF 1ST STREET SE,8.0,7.0,Cluster 39,38.8337468568,-77.0058844914,20.0,21.0,8,Wednesday,Night,1,ASSAULT W/DANGEROUS WEAPON,2024-08-22 01:23:51+00:00,1,2024,Night,Cluster 39,High
24100079,2024-06-30 23:13:01+00:00,2024-06-30 21:38:00+00:00,2024-06-30 23:00:00+00:00,EVENING,ASSAULT W/DANGEROUS WEAPON,4914 - 4999 BLOCK OF MEADE STREET NE,7.0,6.0,Cluster 31,38.9060687535,-76.9301500333,21.0,30.0,6,Sunday,Night,1,ASSAULT W/DANGEROUS WEAPON,2024-06-30 23:13:01+00:00,23,2024,Night,Cluster 31,High
24041774,2024-03-19 19:58:47+00:00,2024-03-19 18:00:00+00:00,2024-03-19 18:30:00+00:00,EVENING,ASSAULT W/DANGEROUS WEAPON,1000 - 1249 BLOCK OF BRENTWOOD ROAD NE,5.0,5.0,Cluster 22,38.9201570109,-76.9903059701,18.0,19.0,3,Tuesday,Evening,1,ASSAULT W/DANGEROUS WEAPON,2024-03-19 19:58:47+00:00,19,2024,Night,Cluster 22,Medium
24082946,2024-06-01 20:51:28+00:00,2024-06-01 19:12:00+00:00,2024-06-01 20:51:00+00:00,EVENING,ASSAULT W/DANGEROUS WEAPON,1620 - 1699 BLOCK OF LINCOLN ROAD NE,5.0,5.0,Cluster 21,38.9122244466,-77.0086396707,19.0,1.0,6,Saturday,Evening,1,ASSAULT W/DANGEROUS WEAPON,2024-06-01 20:51:28+00:00,20,2024,Night,Cluster 21,High
24088554,2024-06-11 10:19:24+00:00,2024-06-11 06:30:00+00:00,2024-06-11 08:40:00+00:00,MIDNIGHT,ASSAULT W/DANGEROUS WEAPON,56 - 137 BLOCK OF RHODE ISLAND AVENUE NE,5.0,5.0,Cluster 21,38.9177791383,-77.0062360009,6.0,11.0,6,Tuesday,Morning,1,ASSAULT W/DANGEROUS WEAPON,2024-06-11 10:19:24+00:00,10,2024,Day,Cluster 21,High
24187942,2024-12-04 23:19:04+00:00,2024-12-04 18:18:00+00:00,2024-12-04 18:20:00+00:00,EVENING,ASSAULT W/DANGEROUS WEAPON,1900 BLOCK OF D STREET SE,7.0,1.0,Cluster 26,38.8840770766,-76.9762456966,18.0,4.0,12,Wednesday,Evening,1,ASSAULT W/DANGEROUS WEAPON,2024-12-04 23:19:04+00:00,23,2024,Night,Cluster 26,Medium
24047967,2024-03-31 06:38:14+00:00,2024-03-31 04:10:00+00:00,2024-03-31 06:00:00+00:00,MIDNIGHT,ASSAULT W/DANGEROUS WEAPON,2627 - 2699 BLOCK OF STANTON ROAD SE,8.0,7.0,Cluster 37,38.8584648442,-76.9900561524,4.0,31.0,3,Sunday,Night,1,ASSAULT W/DANGEROUS WEAPON,2024-03-31 06:38:14+00:00,6,2024,Day,Cluster 37,High
24185490,2024-11-30 06:33:21+00:00,2024-11-30 04:25:00+00:00,2024-11-30 04:28:00+00:00,MIDNIGHT,ASSAULT W/DANGEROUS WEAPON,1200 - 1299 BLOCK OF K STREET NW,2.0,2.0,Cluster 8,38.9025239882,-77.0288536671,4.0,30.0,11,Saturday,Night,1,ASSAULT W/DANGEROUS WEAPON,2024-11-30 06:33:21+00:00,6,2024,Day,Cluster 8,Medium
24143869,2024-09-17 22:10:50+00:00,2024-09-17 21:51:00+00:00,2024-09-17 22:10:00+00:00,EVENING,ASSAULT W/DANGEROUS WEAPON,701 - 709 BLOCK OF EDGEWOOD STREET NE,5.0,5.0,Cluster 21,38.9244647584,-76.9958461203,21.0,17.0,9,Tuesday,Night,1,ASSAULT W/DANGEROUS WEAPON,2024-09-17 22:10:50+00:00,22,2024,Night,Cluster 21,High
24115981,2024-07-29 15:10:54+00:00,2024-07-29 13:35:00+00:00,,DAY,ASSAULT W/DANGEROUS WEAPON,1290 - 1408 BLOCK OF ALABAMA AVENUE SE,8.0,7.0,Cluster 43,38.8450769076,-76.9867891787,13.0,29.0,7,Monday,Afternoon,1,ASSAULT W/DANGEROUS WEAPON,2024-07-29 15:10:54+00:00,15,2024,Day,Cluster 43,Low
24151546,2024-10-01 02:16:50+00:00,2024-09-30 20:21:00+00:00,2024-09-30 20:25:00+00:00,EVENING,ASSAULT W/DANGEROUS WEAPON,5900 - 5999 BLOCK OF GEORGIA AVENUE NW,4.0,4.0,Cluster 17,38.9619795615,-77.0279498335,20.0,30.0,10,Monday,Night,1,ASSAULT W/DANGEROUS WEAPON,2024-10-01 02:16:50+00:00,2,2024,Night,Cluster 17,Medium
24105069,2024-07-09 16:38:40+00:00,2024-07-09 14:00:00+00:00,2024-07-09 14:15:00+00:00,DAY,ASSAULT W/DANGEROUS WEAPON,2400 - 2699 BLOCK OF POMEROY ROAD SE,8.0,7.0,Cluster 37,38.8552029073,-76.9897309123,14.0,9.0,7,Tuesday,Afternoon,1,ASSAULT W/DANGEROUS WEAPON,2024-07-09 16:38:40+00:00,16,2024,Day,Cluster 37,High
24175660,2024-11-12 06:29:44+00:00,2024-11-11 05:00:00+00:00,,MIDNIGHT,ASSAULT W/DANGEROUS WEAPON,1953 - 2099 BLOCK OF 19TH PLACE SE,8.0,7.0,Cluster 28,38.8646640502,-76.9775289645,5.0,11.0,11,Monday,Night,1,ASSAULT W/DANGEROUS WEAPON,2024-11-12 06:29:44+00:00,6,2024,Day,Cluster 28,Medium
24055873,2024-04-14 16:28:29+00:00,2024-04-14 13:45:00+00:00,2024-04-15 01:30:00+00:00,DAY,ASSAULT W/DANGEROUS WEAPON,2822 - 2899 BLOCK OF GEORGIA AVENUE NW,1.0,3.0,Cluster 2,38.9269942799,-77.022929722,13.0,14.0,4,Sunday,Afternoon,1,ASSAULT W/DANGEROUS WEAPON,2024-04-14 16:28:29+00:00,16,2024,Day,Cluster 2,High
24146990,2024-09-23 07:37:32+00:00,2024-09-23 05:17:00+00:00,,MIDNIGHT,ASSAULT W/DANGEROUS WEAPON,1900 - 2199 BLOCK OF SAVANNAH TERRACE SE,8.0,7.0,Cluster 38,38.848136645,-76.9761390018,5.0,23.0,9,Monday,Night,1,ASSAULT W/DANGEROUS WEAPON,2024-09-23 07:37:32+00:00,7,2024,Day,Cluster 38,High
24114260,2024-07-26 06:42:41+00:00,2024-07-26 05:07:00+00:00,2024-07-26 06:55:00+00:00,MIDNIGHT,ASSAULT W/DANGEROUS WEAPON,101 - 198 BLOCK OF RIDGE ROAD SE,7.0,6.0,Cluster 32,38.8875763943,-76.9508740121,5.0,26.0,7,Friday,Night,1,ASSAULT W/DANGEROUS WEAPON,2024-07-26 06:42:41+00:00,6,2024,Day,Cluster 32,High
24066841,2024-05-04 14:06:11+00:00,2024-05-04 12:26:00+00:00,,DAY,ASSAULT W/DANGEROUS WEAPON,1200 - 1299 BLOCK OF NEW YORK AVENUE NW,2.0,2.0,Cluster 8,38.9004801723,-77.0288534169,12.0,4.0,5,Saturday,Afternoon,1,ASSAULT W/DANGEROUS WEAPON,2024-05-04 14:06:11+00:00,14,2024,Day,Cluster 8,Medium
24195455,2024-12-18 09:50:27+00:00,2024-12-18 07:15:00+00:00,2024-12-18 07:17:00+00:00,MIDNIGHT,ASSAULT W/DANGEROUS WEAPON,3300 - 3399 BLOCK OF 8TH STREET NE,5.0,5.0,Cluster 21,38.9308925151,-76.9949619577,7.0,18.0,12,Wednesday,Morning,1,ASSAULT W/DANGEROUS WEAPON,2024-12-18 09:50:27+00:00,9,2024,Day,Cluster 21,High
24075646,2024-05-20 18:04:10+00:00,2024-05-20 17:10:00+00:00,,DAY,ASSAULT W/DANGEROUS WEAPON,1200 - 1299 BLOCK OF 49TH STREET NE,7.0,6.0,Cluster 31,38.906635373,-76.9316636173,17.0,20.0,5,Monday,Evening,1,ASSAULT W/DANGEROUS WEAPON,2024-05-20 18:04:10+00:00,18,2024,Night,Cluster 31,High
24050943,2024-04-05 22:44:57+00:00,2024-04-05 21:09:00+00:00,,EVENING,ASSAULT W/DANGEROUS WEAPON,5300 - 5399 BLOCK OF C STREET SE,7.0,6.0,Cluster 33,38.8845568031,-76.9250209139,21.0,5.0,4,Friday,Night,1,ASSAULT W/DANGEROUS WEAPON,2024-04-05 22:44:57+00:00,22,2024,Night,Cluster 33,High
24045568,2024-03-26 21:46:00+00:00,2024-03-26 18:22:00+00:00,2024-03-26 21:25:00+00:00,EVENING,ASSAULT W/DANGEROUS WEAPON,1300 - 1399 BLOCK OF 4TH STREET NE,5.0,5.0,Cluster 23,38.9098515103,-76.9986005147,18.0,26.0,3,Tuesday,Evening,1,ASSAULT W/DANGEROUS WEAPON,2024-03-26 21:46:00+00:00,21,2024,Night,Cluster 23,High
24009729,2024-01-20 19:10:27+00:00,2024-01-20 16:41:00+00:00,2024-01-20 19:08:00+00:00,DAY,ASSAULT W/DANGEROUS WEAPON,4500 - 4599 BLOCK OF SOUTH CAPITOL STREET,8.0,7.0,Cluster 39,38.824608791,-77.0063944166,16.0,20.0,1,Saturday,Afternoon,1,ASSAULT W/DANGEROUS WEAPON,2024-01-20 19:10:27+00:00,19,2024,Night,Cluster 39,High
24071248,2024-05-12 20:18:49+00:00,2024-05-12 18:55:00+00:00,2024-05-12 18:58:00+00:00,EVENING,ASSAULT W/DANGEROUS WEAPON,1500 - 1549 BLOCK OF MASSACHUSETTS AVENUE NW,2.0,2.0,Cluster 6,38.9067079493,-77.0349991964,18.0,12.0,5,Sunday,Evening,1,ASSAULT W/DANGEROUS WEAPON,2024-05-12 20:18:49+00:00,20,2024,Night,Cluster 6,Medium
24180149,2024-11-20 03:07:36+00:00,2024-11-20 00:55:00+00:00,2024-11-20 02:15:00+00:00,EVENING,ASSAULT W/DANGEROUS WEAPON,1800 - 1899 BLOCK OF L STREET NW,2.0,2.0,Cluster 6,38.9037428616,-77.042564784,0.0,20.0,11,Wednesday,Night,1,ASSAULT W/DANGEROUS WEAPON,2024-11-20 03:07:36+00:00,3,2024,Night,Cluster 6,Medium
24047960,2024-03-31 08:23:29+00:00,2024-03-31 03:51:00+00:00,2024-03-31 08:00:00+00:00,MIDNIGHT,ASSAULT W/DANGEROUS WEAPON,1501 - 1598 BLOCK OF MARION BARRY AVENUE SE,8.0,6.0,Cluster 34,38.8663336502,-76.9827065344,3.0,31.0,3,Sunday,Night,1,ASSAULT W/DANGEROUS WEAPON,2024-03-31 08:23:29+00:00,8,2024,Day,Cluster 34,High
24028018,2024-02-23 15:10:04+00:00,2024-02-23 10:27:00+00:00,2024-02-23 12:52:00+00:00,DAY,ASSAULT W/DANGEROUS WEAPON,3600 - 3625 BLOCK OF MINNESOTA AVENUE SE,7.0,6.0,Cluster 32,38.8881779923,-76.9542463039,10.0,23.0,2,Friday,Morning,1,ASSAULT W/DANGEROUS WEAPON,2024-02-23 15:10:04+00:00,15,2024,Day,Cluster 32,High
24009741,2024-01-20 18:51:17+00:00,2024-01-20 17:01:00+00:00,2024-01-20 18:30:00+00:00,DAY,ASSAULT W/DANGEROUS WEAPON,511 - 608 BLOCK OF 16TH STREET NE,7.0,5.0,Cluster 25,38.8971210012,-76.9822096037,17.0,20.0,1,Saturday,Evening,1,ASSAULT W/DANGEROUS WEAPON,2024-01-20 18:51:17+00:00,18,2024,Night,Cluster 25,High
24012164,2024-01-25 20:17:55+00:00,2024-01-25 12:41:00+00:00,2024-01-25 16:40:00+00:00,EVENING,ASSAULT W/DANGEROUS WEAPON,2700 - 2799 BLOCK OF WADE ROAD SE,8.0,7.0,Cluster 37,38.8585777697,-76.9976884179,12.0,25.0,1,Thursday,Afternoon,1,ASSAULT W/DANGEROUS WEAPON,2024-01-25 20:17:55+00:00,20,2024,Night,Cluster 37,High
24016644,2024-02-02 13:55:04+00:00,2024-02-02 09:30:00+00:00,2024-02-02 10:00:00+00:00,DAY,ASSAULT W/DANGEROUS WEAPON,1600 - 1699 BLOCK OF R STREET SE,8.0,6.0,Cluster 34,38.8694621604,-76.9814985382,9.0,2.0,2,Friday,Morning,1,ASSAULT W/DANGEROUS WEAPON,2024-02-02 13:55:04+00:00,13,2024,Day,Cluster 34,High
24031396,2024-02-29 20:55:05+00:00,2024-02-29 18:58:00+00:00,2024-02-29 20:30:00+00:00,EVENING,ASSAULT W/DANGEROUS WEAPON,3517 - 3648 BLOCK OF 16TH STREET NW,1.0,3.0,Cluster 2,38.9358840261,-77.0364500776,18.0,29.0,2,Thursday,Evening,1,ASSAULT W/DANGEROUS WEAPON,2024-02-29 20:55:05+00:00,20,2024,Night,Cluster 2,High
24162403,2024-10-19 23:11:35+00:00,2024-10-19 21:17:00+00:00,,EVENING,ASSAULT W/DANGEROUS WEAPON,2400 - 2698 BLOCK OF GOOD HOPE ROAD SE,8.0,7.0,Cluster 36,38.8618358091,-76.9700831676,21.0,19.0,10,Saturday,Night,1,ASSAULT W/DANGEROUS WEAPON,2024-10-19 23:11:35+00:00,23,2024,Night,Cluster 36,High
24012643,2024-01-26 07:33:11+00:00,2024-01-26 06:16:00+00:00,2024-01-26 07:30:00+00:00,MIDNIGHT,ASSAULT W/DANGEROUS WEAPON,400 - 499 BLOCK OF NEWCOMB STREET SE,8.0,7.0,Cluster 39,38.8472672105,-77.0016697409,6.0,26.0,1,Friday,Morning,1,ASSAULT W/DANGEROUS WEAPON,2024-01-26 07:33:11+00:00,7,2024,Day,Cluster 39,High
24054593,2024-04-12 07:33:21+00:00,2024-04-12 04:37:00+00:00,2024-04-12 04:38:00+00:00,MIDNIGHT,ASSAULT W/DANGEROUS WEAPON,1600 - 1699 BLOCK OF 17TH STREET SE,8.0,6.0,Cluster 34,38.8701087057,-76.9807773487,4.0,12.0,4,Friday,Night,1,ASSAULT W/DANGEROUS WEAPON,2024-04-12 07:33:21+00:00,7,2024,Day,Cluster 34,High
24055800,2024-04-14 09:30:04+00:00,2024-04-14 07:59:00+00:00,,MIDNIGHT,ASSAULT W/DANGEROUS WEAPON,3101 - 3199 BLOCK OF 16TH STREET NW,1.0,3.0,Cluster 2,38.9298079189,-77.036468077,7.0,14.0,4,Sunday,Morning,1,ASSAULT W/DANGEROUS WEAPON,2024-04-14 09:30:04+00:00,9,2024,Day,Cluster 2,High
24128968,2024-08-22 18:59:43+00:00,2024-08-22 11:39:00+00:00,2024-08-22 17:55:00+00:00,DAY,ASSAULT W/DANGEROUS WEAPON,3021 - 3099 BLOCK OF MARTIN LUTHER KING JR AVENUE SE,8.0,7.0,Cluster 39,38.8441104044,-76.9981879197,11.0,22.0,8,Thursday,Morning,1,ASSAULT W/DANGEROUS WEAPON,2024-08-22 18:59:43+00:00,18,2024,Night,Cluster 39,High
24137798,2024-09-07 03:01:05+00:00,2024-09-06 23:21:00+00:00,2024-09-07 01:57:00+00:00,MIDNIGHT,ASSAULT W/DANGEROUS WEAPON,900 - 911 BLOCK OF VARNEY STREET SE,8.0,7.0,Cluster 39,38.8353912401,-76.9915212527,23.0,6.0,9,Friday,Night,1,ASSAULT W/DANGEROUS WEAPON,2024-09-07 03:01:05+00:00,3,2024,Night,Cluster 39,High
24007009,2024-01-14 20:03:03+00:00,2024-01-14 17:20:00+00:00,2024-01-14 19:20:00+00:00,EVENING,ASSAULT W/DANGEROUS WEAPON,2627 - 2699 BLOCK OF STANTON ROAD SE,8.0,7.0,Cluster 37,38.8584648442,-76.9900561524,17.0,14.0,1,Sunday,Evening,1,ASSAULT W/DANGEROUS WEAPON,2024-01-14 20:03:03+00:00,20,2024,Night,Cluster 37,High
24050692,2024-04-05 15:18:17+00:00,2024-04-05 13:45:00+00:00,2024-04-05 15:10:00+00:00,DAY,ASSAULT W/DANGEROUS WEAPON,FAIRLAWN AVENUE SE AND 18TH STREET SE,8.0,6.0,Cluster 34,38.8729111685,-76.9790418648,13.0,5.0,4,Friday,Afternoon,1,ASSAULT W/DANGEROUS WEAPON,2024-04-05 15:18:17+00:00,15,2024,Day,Cluster 34,High
24067657,2024-05-06 08:16:20+00:00,2024-05-06 04:43:00+00:00,2024-05-06 06:30:00+00:00,MIDNIGHT,ASSAULT W/DANGEROUS WEAPON,100 - 199 BLOCK OF ATLANTIC STREET SE,8.0,7.0,Cluster 39,38.8310799071,-77.0047122463,4.0,6.0,5,Monday,Night,1,ASSAULT W/DANGEROUS WEAPON,2024-05-06 08:16:20+00:00,8,2024,Day,Cluster 39,High
24159656,2024-10-15 06:08:39+00:00,2024-10-15 03:04:00+00:00,2024-10-15 05:40:00+00:00,MIDNIGHT,ASSAULT W/DANGEROUS WEAPON,3900 - 3999 BLOCK OF MARTIN LUTHER KING JR AVENUE SW,8.0,7.0,Cluster 39,38.8325609582,-77.0089972649,3.0,15.0,10,Tuesday,Night,1,ASSAULT W/DANGEROUS WEAPON,2024-10-15 06:08:39+00:00,6,2024,Day,Cluster 39,High
24079140,2024-05-26 11:05:50+00:00,2024-05-26 09:00:00+00:00,2024-05-26 11:00:00+00:00,DAY,ASSAULT W/DANGEROUS WEAPON,1800 - 1899 BLOCK OF M STREET NW,2.0,2.0,Cluster 6,38.9056538923,-77.0425676537,9.0,26.0,5,Sunday,Morning,1,ASSAULT W/DANGEROUS WEAPON,2024-05-26 11:05:50+00:00,11,2024,Day,Cluster 6,Medium
24137594,2024-09-06 19:38:45+00:00,2024-09-06 18:02:00+00:00,,EVENING,ASSAULT W/DANGEROUS WEAPON,1800 - 1899 BLOCK OF CORCORAN STREET NE,5.0,5.0,Cluster 23,38.9119256261,-76.9872689022,18.0,6.0,9,Friday,Evening,1,ASSAULT W/DANGEROUS WEAPON,2024-09-06 19:38:45+00:00,19,2024,Night,Cluster 23,High
24017034,2024-02-03 03:20:02+00:00,2024-02-03 01:56:00+00:00,2024-02-03 02:40:00+00:00,EVENING,ASSAULT W/DANGEROUS WEAPON,500 - 599 BLOCK OF FLORIDA AVENUE NW,1.0,3.0,Cluster 3,38.9152230127,-77.0194532504,1.0,3.0,2,Saturday,Night,1,ASSAULT W/DANGEROUS WEAPON,2024-02-03 03:20:02+00:00,3,2024,Night,Cluster 3,Medium
24150042,2024-09-28 04:25:08+00:00,2024-09-28 00:32:00+00:00,2024-09-28 04:13:00+00:00,MIDNIGHT,ASSAULT W/DANGEROUS WEAPON,600 - 629 BLOCK OF KENILWORTH TERRACE NE,7.0,6.0,Cluster 30,38.8984847701,-76.9503348985,0.0,28.0,9,Saturday,Night,1,ASSAULT W/DANGEROUS WEAPON,2024-09-28 04:25:08+00:00,4,2024,Night,Cluster 30,High
24087398,2024-06-09 10:27:47+00:00,2024-06-09 06:14:00+00:00,2024-06-09 06:18:00+00:00,MIDNIGHT,ASSAULT W/DANGEROUS WEAPON,14TH STREET NW AND N STREET NW,2.0,3.0,Cluster 7,38.9072393247,-77.0319506799,6.0,9.0,6,Sunday,Morning,1,ASSAULT W/DANGEROUS WEAPON,2024-06-09 10:27:47+00:00,10,2024,Day,Cluster 7,Medium
24087405,2024-06-09 08:26:10+00:00,2024-06-09 07:01:00+00:00,2024-06-09 07:30:00+00:00,MIDNIGHT,ASSAULT W/DANGEROUS WEAPON,1900 - 1919 BLOCK OF VERMONT AVENUE NW,1.0,3.0,Cluster 3,38.9157854753,-77.0260251212,7.0,9.0,6,Sunday,Morning,1,ASSAULT W/DANGEROUS WEAPON,2024-06-09 08:26:10+00:00,8,2024,Day,Cluster 3,Medium
24087813,2024-06-10 04:07:09+00:00,2024-06-10 01:23:00+00:00,2024-06-10 02:00:00+00:00,MIDNIGHT,ASSAULT W/DANGEROUS WEAPON,4200 - 4399 BLOCK OF FOOTE STREET NE,7.0,6.0,Cluster 30,38.8975174711,-76.9408946486,1.0,10.0,6,Monday,Night,1,ASSAULT W/DANGEROUS WEAPON,2024-06-10 04:07:09+00:00,4,2024,Night,Cluster 30,High
24145658,2024-09-20 23:25:01+00:00,2024-09-20 20:20:00+00:00,,EVENING,ASSAULT W/DANGEROUS WEAPON,1100 - 1199 BLOCK OF U STREET NW,1.0,3.0,Cluster 3,38.916998906,-77.0275601016,20.0,20.0,9,Friday,Night,1,ASSAULT W/DANGEROUS WEAPON,2024-09-20 23:25:01+00:00,23,2024,Night,Cluster 3,Medium
24172989,2024-11-07 10:20:27+00:00,2024-11-07 07:40:00+00:00,2024-11-07 10:00:00+00:00,MIDNIGHT,ASSAULT W/DANGEROUS WEAPON,800 - 899 BLOCK OF CHESAPEAKE STREET SE,8.0,7.0,Cluster 39,38.8292031593,-76.9923943297,7.0,7.0,11,Thursday,Morning,1,ASSAULT W/DANGEROUS WEAPON,2024-11-07 10:20:27+00:00,10,2024,Day,Cluster 39,High
24090702,2024-06-15 02:44:38+00:00,2024-06-14 22:40:00+00:00,2024-06-15 00:00:00+00:00,EVENING,ASSAULT W/DANGEROUS WEAPON,3800 - 3899 BLOCK OF GEORGIA AVENUE NW,4.0,4.0,Cluster 18,38.938148387,-77.024583415,22.0,14.0,6,Friday,Night,1,ASSAULT W/DANGEROUS WEAPON,2024-06-15 02:44:38+00:00,2,2024,Night,Cluster 18,High
24103614,2024-07-07 01:43:41+00:00,2024-07-06 22:39:00+00:00,2024-07-07 01:30:00+00:00,EVENING,ASSAULT W/DANGEROUS WEAPON,3844 - 3899 BLOCK OF MINNESOTA AVENUE NE,7.0,6.0,Cluster 32,38.8931640884,-76.9506108049,22.0,6.0,7,Saturday,Night,1,ASSAULT W/DANGEROUS WEAPON,2024-07-07 01:43:41+00:00,1,2024,Night,Cluster 32,High
24126669,2024-08-18 07:54:39+00:00,2024-08-18 06:59:00+00:00,2024-08-18 07:30:00+00:00,MIDNIGHT,ASSAULT W/DANGEROUS WEAPON,5000 - 5099 BLOCK OF CALL PLACE SE,7.0,6.0,Cluster 33,38.8844820467,-76.9296745959,6.0,18.0,8,Sunday,Morning,1,ASSAULT W/DANGEROUS WEAPON,2024-08-18 07:54:39+00:00,7,2024,Day,Cluster 33,High
24167608,2024-10-28 21:48:22+00:00,2024-10-28 18:30:00+00:00,2024-10-28 19:00:00+00:00,EVENING,ASSAULT W/DANGEROUS WEAPON,4700 - 4949 BLOCK OF NORTH CAPITOL STREET,5.0,4.0,Cluster 19,38.9493337981,-77.008779603,18.0,28.0,10,Monday,Evening,1,ASSAULT W/DANGEROUS WEAPON,2024-10-28 21:48:22+00:00,21,2024,Night,Cluster 19,Medium
24001247,2024-01-03 16:07:08+00:00,2024-01-03 13:46:00+00:00,2024-01-03 13:48:00+00:00,DAY,ASSAULT W/DANGEROUS WEAPON,1000 - 1099 BLOCK OF PENNSYLVANIA AVENUE SE,6.0,1.0,Cluster 26,38.8830143731,-76.9920872529,13.0,3.0,1,Wednesday,Afternoon,1,ASSAULT W/DANGEROUS WEAPON,2024-01-03 16:07:08+00:00,16,2024,Day,Cluster 26,Medium
24197719,2024-12-22 11:43:32+00:00,2024-12-22 09:09:00+00:00,2024-12-22 10:00:00+00:00,MIDNIGHT,ASSAULT W/DANGEROUS WEAPON,4916 - 5066 BLOCK OF JAY STREET NE,7.0,6.0,Cluster 31,38.9018336377,-76.929222217,9.0,22.0,12,Sunday,Morning,1,ASSAULT W/DANGEROUS WEAPON,2024-12-22 11:43:32+00:00,11,2024,Day,Cluster 31,High
24029508,2024-02-26 06:50:00+00:00,2024-02-26 06:18:00+00:00,2024-02-26 06:50:00+00:00,MIDNIGHT,ASSAULT W/DANGEROUS WEAPON,800 - 837 BLOCK OF BARNABY STREET SE,8.0,7.0,Cluster 39,38.8302100223,-76.993642885,6.0,26.0,2,Monday,Morning,1,ASSAULT W/DANGEROUS WEAPON,2024-02-26 06:50:00+00:00,6,2024,Day,Cluster 39,High
24035286,2024-03-08 02:32:13+00:00,2024-03-08 00:57:00+00:00,2024-03-08 02:30:00+00:00,EVENING,ASSAULT W/DANGEROUS WEAPON,3411 - 3599 BLOCK OF STANTON ROAD SE,8.0,7.0,Cluster 38,38.8438842047,-76.9789192984,0.0,8.0,3,Friday,Night,1,ASSAULT W/DANGEROUS WEAPON,2024-03-08 02:32:13+00:00,2,2024,Night,Cluster 38,High
24052052,2024-04-08 02:40:56+00:00,2024-04-07 22:15:00+00:00,2024-04-07 22:17:00+00:00,EVENING,ASSAULT W/DANGEROUS WEAPON,1300 - 1399 BLOCK OF CLIFTON STREET NW,1.0,3.0,Cluster 2,38.9224291118,-77.030857533,22.0,7.0,4,Sunday,Night,1,ASSAULT W/DANGEROUS WEAPON,2024-04-08 02:40:56+00:00,2,2024,Night,Cluster 2,High
24052701,2024-04-09 02:48:04+00:00,2024-04-09 01:35:00+00:00,2024-04-09 03:30:00+00:00,EVENING,ASSAULT W/DANGEROUS WEAPON,5300 - 5399 BLOCK OF E STREET SE,7.0,6.0,Cluster 33,38.881847531,-76.9256177593,1.0,9.0,4,Tuesday,Night,1,ASSAULT W/DANGEROUS WEAPON,2024-04-09 02:48:04+00:00,2,2024,Night,Cluster 33,High
24053495,2024-04-10 15:54:25+00:00,2024-04-10 12:47:00+00:00,,DAY,ASSAULT W/DANGEROUS WEAPON,4200 - 4399 BLOCK OF NANNIE HELEN BURROUGHS AVENUE NE,7.0,6.0,Cluster 31,38.9012552122,-76.9408920666,12.0,10.0,4,Wednesday,Afternoon,1,ASSAULT W/DANGEROUS WEAPON,2024-04-10 15:54:25+00:00,15,2024,Day,Cluster 31,High
24119705,2024-08-05 10:52:10+00:00,2024-08-05 03:42:00+00:00,2024-08-05 08:00:00+00:00,MIDNIGHT,ASSAULT W/DANGEROUS WEAPON,4200 - 4399 BLOCK OF 7TH STREET SE,8.0,7.0,Cluster 39,38.8277905047,-76.9970990497,3.0,5.0,8,Monday,Night,1,ASSAULT W/DANGEROUS WEAPON,2024-08-05 10:52:10+00:00,10,2024,Day,Cluster 39,High
24120078,2024-08-06 04:39:18+00:00,2024-08-05 20:46:00+00:00,2024-08-05 23:00:00+00:00,MIDNIGHT,ASSAULT W/DANGEROUS WEAPON,1600 - 1699 BLOCK OF 29TH STREET SE,7.0,6.0,Cluster 34,38.8701073265,-76.9657953737,20.0,5.0,8,Monday,Night,1,ASSAULT W/DANGEROUS WEAPON,2024-08-06 04:39:18+00:00,4,2024,Night,Cluster 34,High
24179417,2024-11-19 03:19:43+00:00,2024-11-18 20:21:00+00:00,2024-11-18 21:30:00+00:00,EVENING,ASSAULT W/DANGEROUS WEAPON,600 - 699 BLOCK OF MORTON STREET NW,1.0,4.0,Cluster 2,38.9321408898,-77.0225578105,20.0,18.0,11,Monday,Night,1,ASSAULT W/DANGEROUS WEAPON,2024-11-19 03:19:43+00:00,3,2024,Night,Cluster 2,High
24179541,2024-11-19 01:32:19+00:00,2024-11-18 23:28:00+00:00,,EVENING,ASSAULT W/DANGEROUS WEAPON,2322 - 2499 BLOCK OF ONTARIO ROAD NW,1.0,3.0,Cluster 1,38.9218867805,-77.0401489912,23.0,18.0,11,Monday,Night,1,ASSAULT W/DANGEROUS WEAPON,2024-11-19 01:32:19+00:00,1,2024,Night,Cluster 1,Medium
24103672,2024-07-07 04:37:39+00:00,2024-07-07 01:18:00+00:00,2024-07-07 04:45:00+00:00,MIDNIGHT,ASSAULT W/DANGEROUS WEAPON,1200 - 1299 BLOCK OF HALF STREET SE,8.0,1.0,Cluster 27,38.8755588474,-77.0074620773,1.0,7.0,7,Sunday,Night,1,ASSAULT W/DANGEROUS WEAPON,2024-07-07 04:37:39+00:00,4,2024,Night,Cluster 27,Medium
24104358,2024-07-08 11:37:51+00:00,2024-07-08 09:30:00+00:00,,DAY,ASSAULT W/DANGEROUS WEAPON,2700 - 2799 BLOCK OF STANTON ROAD SE,8.0,7.0,Cluster 37,38.8579243739,-76.9875985985,9.0,8.0,7,Monday,Morning,1,ASSAULT W/DANGEROUS WEAPON,2024-07-08 11:37:51+00:00,11,2024,Day,Cluster 37,High
24105582,2024-07-10 17:48:00+00:00,2024-07-10 12:08:00+00:00,2024-07-10 16:00:00+00:00,DAY,ASSAULT W/DANGEROUS WEAPON,1300 - 1399 BLOCK OF SAVANNAH PLACE SE,8.0,7.0,Cluster 38,38.8428120977,-76.9852890181,12.0,10.0,7,Wednesday,Afternoon,1,ASSAULT W/DANGEROUS WEAPON,2024-07-10 17:48:00+00:00,17,2024,Day,Cluster 38,High
24044590,2024-03-25 04:49:45+00:00,2024-03-25 01:52:00+00:00,2024-03-25 04:50:00+00:00,MIDNIGHT,ASSAULT W/DANGEROUS WEAPON,1400 - 1431 BLOCK OF NORTH CAROLINA AVENUE NE,6.0,1.0,Cluster 26,38.8919196961,-76.9850378699,1.0,25.0,3,Monday,Night,1,ASSAULT W/DANGEROUS WEAPON,2024-03-25 04:49:45+00:00,4,2024,Night,Cluster 26,Medium
24087247,2024-06-09 02:39:44+00:00,2024-06-09 01:50:00+00:00,2024-06-09 01:55:00+00:00,EVENING,ASSAULT W/DANGEROUS WEAPON,500 - 799 BLOCK OF RHODE ISLAND AVENUE NE,5.0,5.0,Cluster 21,38.9209329952,-76.9971570051,1.0,9.0,6,Sunday,Night,1,ASSAULT W/DANGEROUS WEAPON,2024-06-09 02:39:44+00:00,2,2024,Night,Cluster 21,High
24185068,2024-11-29 08:11:31+00:00,2024-11-29 06:29:00+00:00,2024-11-29 08:00:00+00:00,MIDNIGHT,ASSAULT W/DANGEROUS WEAPON,2700 - 2819 BLOCK OF 15TH STREET NW,1.0,3.0,Cluster 2,38.9250587017,-77.0354072188,6.0,29.0,11,Friday,Morning,1,ASSAULT W/DANGEROUS WEAPON,2024-11-29 08:11:31+00:00,8,2024,Day,Cluster 2,High
24175345,2024-11-11 22:13:09+00:00,2024-11-11 17:49:00+00:00,2024-11-11 18:15:00+00:00,EVENING,ASSAULT W/DANGEROUS WEAPON,800 - 899 BLOCK OF YUMA STREET SE,8.0,,Cluster 39,38.8320376834,-76.9928783337,17.0,11.0,11,Monday,Evening,1,ASSAULT W/DANGEROUS WEAPON,2024-11-11 22:13:09+00:00,22,2024,Night,Cluster 39,High
24095748,2024-06-23 19:49:23+00:00,2024-06-23 18:45:00+00:00,,EVENING,ASSAULT W/DANGEROUS WEAPON,1900 - 1919 BLOCK OF SAVANNAH STREET SE,8.0,7.0,Cluster 38,38.8465694205,-76.976453549,18.0,23.0,6,Sunday,Evening,1,ASSAULT W/DANGEROUS WEAPON,2024-06-23 19:49:23+00:00,19,2024,Night,Cluster 38,High
24105079,2024-07-09 17:34:15+00:00,2024-07-09 16:01:00+00:00,2024-07-09 16:05:00+00:00,DAY,ASSAULT W/DANGEROUS WEAPON,1300 - 1399 BLOCK OF NEW YORK AVENUE NW,2.0,2.0,Cluster 8,38.8996769403,-77.0311403905,16.0,9.0,7,Tuesday,Afternoon,1,ASSAULT W/DANGEROUS WEAPON,2024-07-09 17:34:15+00:00,17,2024,Day,Cluster 8,Medium
24115935,2024-07-29 13:32:00+00:00,2024-07-29 11:35:00+00:00,,DAY,ASSAULT W/DANGEROUS WEAPON,700 - 999 BLOCK OF LAMONT STREET NW,1.0,4.0,Cluster 2,38.9309178712,-77.0250207981,11.0,29.0,7,Monday,Morning,1,ASSAULT W/DANGEROUS WEAPON,2024-07-29 13:32:00+00:00,13,2024,Day,Cluster 2,High
24118135,2024-08-02 06:49:35+00:00,2024-08-02 05:08:00+00:00,2024-08-02 06:50:00+00:00,MIDNIGHT,ASSAULT W/DANGEROUS WEAPON,800 - 899 BLOCK OF LONGFELLOW STREET NW,4.0,4.0,Cluster 18,38.9573704448,-77.0249483986,5.0,2.0,8,Friday,Night,1,ASSAULT W/DANGEROUS WEAPON,2024-08-02 06:49:35+00:00,6,2024,Day,Cluster 18,High
24111009,2024-07-20 10:09:09+00:00,2024-07-20 07:41:00+00:00,,MIDNIGHT,ASSAULT W/DANGEROUS WEAPON,1400 - 1407 BLOCK OF HOWARD ROAD SE,8.0,7.0,Cluster 37,38.8600280478,-76.9898671672,7.0,20.0,7,Saturday,Morning,1,ASSAULT W/DANGEROUS WEAPON,2024-07-20 10:09:09+00:00,10,2024,Day,Cluster 37,High
24000997,2024-01-03 00:10:53+00:00,2024-01-02 21:32:00+00:00,2024-01-03 00:09:00+00:00,EVENING,ASSAULT W/DANGEROUS WEAPON,1700 - 1799 BLOCK OF ANACOSTIA DRIVE SE,8.0,7.0,Cluster 28,38.8684578217,-76.9973108547,21.0,2.0,1,Tuesday,Night,1,ASSAULT W/DANGEROUS WEAPON,2024-01-03 00:10:53+00:00,0,2024,Night,Cluster 28,Medium
24005644,2024-01-12 02:21:50+00:00,2024-01-11 23:57:00+00:00,,EVENING,ASSAULT W/DANGEROUS WEAPON,4600 - 4699 BLOCK OF HILLSIDE ROAD SE,7.0,6.0,Cluster 33,38.876480906,-76.9326213063,23.0,11.0,1,Thursday,Night,1,ASSAULT W/DANGEROUS WEAPON,2024-01-12 02:21:50+00:00,2,2024,Night,Cluster 33,High
24127717,2024-08-20 07:11:45+00:00,2024-08-20 02:15:00+00:00,2024-08-20 02:25:00+00:00,MIDNIGHT,ASSAULT W/DANGEROUS WEAPON,812 - 899 BLOCK OF BARNABY STREET SE,8.0,7.0,Cluster 39,38.8316298213,-76.9918312279,2.0,20.0,8,Tuesday,Night,1,ASSAULT W/DANGEROUS WEAPON,2024-08-20 07:11:45+00:00,7,2024,Day,Cluster 39,High
24067021,2024-05-04 23:17:16+00:00,2024-05-04 20:01:00+00:00,,EVENING,ASSAULT W/DANGEROUS WEAPON,2700 - 2845 BLOCK OF ALABAMA AVENUE SE,7.0,6.0,Cluster 35,38.8594775631,-76.9676370731,20.0,4.0,5,Saturday,Night,1,ASSAULT W/DANGEROUS WEAPON,2024-05-04 23:17:16+00:00,23,2024,Night,Cluster 35,Medium
24043455,2024-03-22 21:44:29+00:00,2024-03-22 20:29:00+00:00,2024-03-22 22:00:00+00:00,EVENING,ASSAULT W/DANGEROUS WEAPON,2900 - 2999 BLOCK OF MINNESOTA AVENUE SE,7.0,6.0,Cluster 34,38.8761582209,-76.965334482,20.0,22.0,3,Friday,Night,1,ASSAULT W/DANGEROUS WEAPON,2024-03-22 21:44:29+00:00,21,2024,Night,Cluster 34,High
24121256,2024-08-08 01:48:56+00:00,2024-08-07 22:47:00+00:00,2024-08-08 01:00:00+00:00,EVENING,ASSAULT W/DANGEROUS WEAPON,3116 - 3131 BLOCK OF ALABAMA AVENUE SE,7.0,6.0,Cluster 35,38.861695498,-76.9618892263,22.0,7.0,8,Wednesday,Night,1,ASSAULT W/DANGEROUS WEAPON,2024-08-08 01:48:56+00:00,1,2024,Night,Cluster 35,Medium
24008325,2024-01-17 19:50:27+00:00,2024-01-17 18:18:00+00:00,2024-01-17 20:00:00+00:00,DAY,ASSAULT W/DANGEROUS WEAPON,200 - 299 BLOCK OF UPSHUR STREET NW,4.0,4.0,Cluster 18,38.9421888445,-77.0145461153,18.0,17.0,1,Wednesday,Evening,1,ASSAULT W/DANGEROUS WEAPON,2024-01-17 19:50:27+00:00,19,2024,Night,Cluster 18,High
24055231,2024-04-13 09:14:38+00:00,2024-04-13 08:01:00+00:00,,MIDNIGHT,ASSAULT W/DANGEROUS WEAPON,2700 - 2798 BLOCK OF 30TH STREET SE,7.0,6.0,Cluster 35,38.8561491861,-76.9650194879,8.0,13.0,4,Saturday,Morning,1,ASSAULT W/DANGEROUS WEAPON,2024-04-13 09:14:38+00:00,9,2024,Day,Cluster 35,Medium
24180447,2024-11-20 17:49:30+00:00,2024-11-20 17:01:00+00:00,2024-11-20 17:05:00+00:00,DAY,ASSAULT W/DANGEROUS WEAPON,3900 - 3999 BLOCK OF LANGLEY COURT NW,3.0,2.0,Cluster 14,38.9367774178,-77.077966755,17.0,20.0,11,Wednesday,Evening,1,ASSAULT W/DANGEROUS WEAPON,2024-11-20 17:49:30+00:00,17,2024,Day,Cluster 14,Medium
24143051,2024-09-16 17:17:25+00:00,2024-09-16 16:03:00+00:00,2024-09-16 16:30:00+00:00,DAY,ASSAULT W/DANGEROUS WEAPON,600 - 622 BLOCK OF EDGEWOOD STREET NE,5.0,5.0,Cluster 21,38.9242387947,-76.9979039234,16.0,16.0,9,Monday,Afternoon,1,ASSAULT W/DANGEROUS WEAPON,2024-09-16 17:17:25+00:00,17,2024,Day,Cluster 21,High
24003643,2024-01-08 09:34:51+00:00,2024-01-08 05:44:00+00:00,2024-01-08 09:30:00+00:00,MIDNIGHT,ASSAULT W/DANGEROUS WEAPON,1900 - 1999 BLOCK OF 9TH STREET NW,1.0,3.0,Cluster 3,38.9162802028,-77.0239665883,5.0,8.0,1,Monday,Night,1,ASSAULT W/DANGEROUS WEAPON,2024-01-08 09:34:51+00:00,9,2024,Day,Cluster 3,Medium
24048273,2024-03-31 22:53:59+00:00,2024-03-31 21:07:00+00:00,2024-03-31 22:00:00+00:00,EVENING,ASSAULT W/DANGEROUS WEAPON,2300 - 2399 BLOCK OF ALTAMONT PLACE SE,8.0,6.0,Cluster 35,38.8638905458,-76.9720333508,21.0,31.0,3,Sunday,Night,1,ASSAULT W/DANGEROUS WEAPON,2024-03-31 22:53:59+00:00,22,2024,Night,Cluster 35,Medium
24153606,2024-10-04 14:14:48+00:00,2024-10-04 10:15:00+00:00,2024-10-04 10:30:00+00:00,DAY,ASSAULT W/DANGEROUS WEAPON,3806 - 3843 BLOCK OF MINNESOTA AVENUE NE,7.0,6.0,Cluster 32,38.8926800402,-76.9509711286,10.0,4.0,10,Friday,Morning,1,ASSAULT W/DANGEROUS WEAPON,2024-10-04 14:14:48+00:00,14,2024,Day,Cluster 32,High
24100244,2024-07-01 07:27:15+00:00,2024-07-01 04:00:00+00:00,2024-07-01 07:00:00+00:00,MIDNIGHT,ASSAULT W/DANGEROUS WEAPON,50 - 99 BLOCK OF DISTRICT SQUARE SW,6.0,1.0,Cluster 9,38.8797126062,-77.0254494333,4.0,1.0,7,Monday,Night,1,ASSAULT W/DANGEROUS WEAPON,2024-07-01 07:27:15+00:00,7,2024,Day,Cluster 9,Medium
24191540,2024-12-11 02:57:50+00:00,2024-12-11 00:33:00+00:00,2024-12-11 01:33:00+00:00,EVENING,ASSAULT W/DANGEROUS WEAPON,4555 - 4612 BLOCK OF BENNING ROAD SE,7.0,6.0,Cluster 33,38.8870628574,-76.936379367,0.0,11.0,12,Wednesday,Night,1,ASSAULT W/DANGEROUS WEAPON,2024-12-11 02:57:50+00:00,2,2024,Night,Cluster 33,High
24165708,2024-10-25 14:07:19+00:00,2024-10-25 12:55:00+00:00,2024-10-25 13:45:00+00:00,DAY,ASSAULT W/DANGEROUS WEAPON,2400 - 2413 BLOCK OF MINNESOTA AVENUE SE,7.0,6.0,Cluster 34,38.8729440212,-76.9719281003,12.0,25.0,10,Friday,Afternoon,1,ASSAULT W/DANGEROUS WEAPON,2024-10-25 14:07:19+00:00,14,2024,Day,Cluster 34,High
24146995,2024-09-23 06:55:11+00:00,2024-09-23 05:04:00+00:00,2024-09-23 05:07:00+00:00,MIDNIGHT,ASSAULT W/DANGEROUS WEAPON,3800 - 3899 BLOCK OF GEORGIA AVENUE NW,4.0,4.0,Cluster 18,38.938148387,-77.024583415,5.0,23.0,9,Monday,Night,1,ASSAULT W/DANGEROUS WEAPON,2024-09-23 06:55:11+00:00,6,2024,Day,Cluster 18,High
24162994,2024-10-20 23:42:18+00:00,2024-10-20 22:11:00+00:00,2024-10-20 23:40:00+00:00,EVENING,ASSAULT W/DANGEROUS WEAPON,1452 - 1499 BLOCK OF IRVING STREET NW,1.0,3.0,Cluster 2,38.928647251,-77.0354170737,22.0,20.0,10,Sunday,Night,1,ASSAULT W/DANGEROUS WEAPON,2024-10-20 23:42:18+00:00,23,2024,Night,Cluster 2,High
24029406,2024-02-26 01:04:41+00:00,2024-02-26 00:00:00+00:00,2024-02-26 00:35:00+00:00,EVENING,ASSAULT W/DANGEROUS WEAPON,1200 - 1299 BLOCK OF HALF STREET SW,6.0,1.0,Cluster 9,38.8755468992,-77.0106541098,0.0,26.0,2,Monday,Night,1,ASSAULT W/DANGEROUS WEAPON,2024-02-26 01:04:41+00:00,1,2024,Night,Cluster 9,Medium
24140528,2024-09-12 05:02:07+00:00,2024-09-11 23:22:00+00:00,2024-09-12 02:40:00+00:00,MIDNIGHT,ASSAULT W/DANGEROUS WEAPON,Q STREET SE AND 22ND STREET SE,8.0,6.0,Cluster 34,38.8707415917,-76.9749600831,23.0,11.0,9,Wednesday,Night,1,ASSAULT W/DANGEROUS WEAPON,2024-09-12 05:02:07+00:00,5,2024,Night,Cluster 34,High
24119240,2024-08-04 07:57:02+00:00,2024-08-04 06:41:00+00:00,,MIDNIGHT,ASSAULT W/DANGEROUS WEAPON,3900 - 4099 BLOCK OF MASSACHUSETTS AVENUE NW,3.0,2.0,Cluster 14,38.9324226132,-77.0783859624,6.0,4.0,8,Sunday,Morning,1,ASSAULT W/DANGEROUS WEAPON,2024-08-04 07:57:02+00:00,7,2024,Day,Cluster 14,Medium
24158492,2024-10-13 00:22:54+00:00,2024-10-12 22:28:00+00:00,2024-10-13 00:00:00+00:00,EVENING,ASSAULT W/DANGEROUS WEAPON,2700 - 2899 BLOCK OF LANGSTON PLACE SE,8.0,7.0,Cluster 36,38.8561277862,-76.9725864468,22.0,12.0,10,Saturday,Night,1,ASSAULT W/DANGEROUS WEAPON,2024-10-13 00:22:54+00:00,0,2024,Night,Cluster 36,High
24111293,2024-07-20 21:07:45+00:00,2024-07-20 19:57:00+00:00,2024-07-20 20:40:00+00:00,EVENING,ASSAULT W/DANGEROUS WEAPON,901 - 1098 BLOCK OF BRENTWOOD ROAD NE,5.0,5.0,Cluster 22,38.9182562402,-76.992579017,19.0,20.0,7,Saturday,Evening,1,ASSAULT W/DANGEROUS WEAPON,2024-07-20 21:07:45+00:00,21,2024,Night,Cluster 22,Medium
24128224,2024-08-21 01:55:11+00:00,2024-08-21 00:05:00+00:00,2024-08-21 00:06:00+00:00,EVENING,ASSAULT W/DANGEROUS WEAPON,200 - 299 BLOCK OF 37TH PLACE SE,7.0,6.0,Cluster 32,38.8866331512,-76.9517934311,0.0,21.0,8,Wednesday,Night,1,ASSAULT W/DANGEROUS WEAPON,2024-08-21 01:55:11+00:00,1,2024,Night,Cluster 32,High
24060389,2024-04-23 01:57:26+00:00,2024-04-23 00:32:00+00:00,,EVENING,ASSAULT W/DANGEROUS WEAPON,ST LOUIS STREET SE AND F STREET SE,7.0,6.0,Cluster 33,38.8832974498,-76.9313022852,0.0,23.0,4,Tuesday,Night,1,ASSAULT W/DANGEROUS WEAPON,2024-04-23 01:57:26+00:00,1,2024,Night,Cluster 33,High
24000283,2024-01-01 17:17:30+00:00,2024-01-01 15:54:00+00:00,,DAY,ASSAULT W/DANGEROUS WEAPON,900 - 1099 BLOCK OF MISSISSIPPI AVENUE SE,8.0,7.0,Cluster 39,38.8389254236,-76.992531981,15.0,1.0,1,Monday,Afternoon,1,ASSAULT W/DANGEROUS WEAPON,2024-01-01 17:17:30+00:00,17,2024,Day,Cluster 39,High
24080450,2024-05-28 18:04:36+00:00,2024-05-28 17:05:00+00:00,2024-05-28 18:30:00+00:00,DAY,ASSAULT W/DANGEROUS WEAPON,1300 - 1399 BLOCK OF 2ND STREET NE,6.0,5.0,Cluster 25,38.9078254892,-77.0035141787,17.0,28.0,5,Tuesday,Evening,1,ASSAULT W/DANGEROUS WEAPON,2024-05-28 18:04:36+00:00,18,2024,Night,Cluster 25,High
24172200,2024-11-05 20:52:17+00:00,2024-11-05 19:16:00+00:00,2024-11-05 20:30:00+00:00,EVENING,ASSAULT W/DANGEROUS WEAPON,BARNEY CIRCLE,6.0,1.0,Cluster 26,38.8787312407,-76.9807100926,19.0,5.0,11,Tuesday,Evening,1,ASSAULT W/DANGEROUS WEAPON,2024-11-05 20:52:17+00:00,20,2024,Night,Cluster 26,Medium
24186376,2024-12-02 04:29:45+00:00,2024-12-02 02:11:00+00:00,2024-12-02 02:15:00+00:00,MIDNIGHT,ASSAULT W/DANGEROUS WEAPON,800 - 899 BLOCK OF 7TH STREET NW,2.0,1.0,Cluster 8,38.9003415999,-77.0219151997,2.0,2.0,12,Monday,Night,1,ASSAULT W/DANGEROUS WEAPON,2024-12-02 04:29:45+00:00,4,2024,Night,Cluster 8,Medium
24069222,2024-05-09 03:11:53+00:00,2024-05-08 20:00:00+00:00,,MIDNIGHT,ASSAULT W/DANGEROUS WEAPON,200 - 299 BLOCK OF ATLANTIC STREET SE,8.0,7.0,Cluster 39,38.8309572034,-77.0027838985,20.0,8.0,5,Wednesday,Night,1,ASSAULT W/DANGEROUS WEAPON,2024-05-09 03:11:53+00:00,3,2024,Night,Cluster 39,High
24146024,2024-09-21 15:44:13+00:00,2024-09-21 14:20:00+00:00,2024-09-21 15:15:00+00:00,DAY,ASSAULT W/DANGEROUS WEAPON,5300 - 5399 BLOCK OF E STREET SE,7.0,6.0,Cluster 33,38.881847531,-76.9256177593,14.0,21.0,9,Saturday,Afternoon,1,ASSAULT W/DANGEROUS WEAPON,2024-09-21 15:44:13+00:00,15,2024,Day,Cluster 33,High
24200905,2024-12-29 16:51:03+00:00,2024-12-29 14:47:00+00:00,,DAY,ASSAULT W/DANGEROUS WEAPON,119 - 199 BLOCK OF 53RD STREET SE,7.0,6.0,Cluster 33,38.886394801,-76.9257796407,14.0,29.0,12,Sunday,Afternoon,1,ASSAULT W/DANGEROUS WEAPON,2024-12-29 16:51:03+00:00,16,2024,Day,Cluster 33,High
24184097,2024-11-27 01:52:38+00:00,2024-11-27 00:45:00+00:00,2024-11-27 01:50:00+00:00,EVENING,ASSAULT W/DANGEROUS WEAPON,200 - 499 BLOCK OF ANACOSTIA ROAD SE,7.0,6.0,Cluster 32,38.8854755628,-76.9544794517,0.0,27.0,11,Wednesday,Night,1,ASSAULT W/DANGEROUS WEAPON,2024-11-27 01:52:38+00:00,1,2024,Night,Cluster 32,High
24039717,2024-03-16 06:57:53+00:00,2024-03-16 02:44:00+00:00,2024-03-16 06:47:00+00:00,MIDNIGHT,ASSAULT W/DANGEROUS WEAPON,1ST STREET SW AND N STREET SW,6.0,1.0,Cluster 9,38.874649955,-77.0121716365,2.0,16.0,3,Saturday,Night,1,ASSAULT W/DANGEROUS WEAPON,2024-03-16 06:57:53+00:00,6,2024,Day,Cluster 9,Medium
24082745,2024-06-01 09:51:17+00:00,2024-06-01 08:23:00+00:00,2024-06-01 08:25:00+00:00,MIDNIGHT,ASSAULT W/DANGEROUS WEAPON,1100 - 1199 BLOCK OF 16TH STREET NW,2.0,2.0,Cluster 6,38.9046963644,-77.0365369787,8.0,1.0,6,Saturday,Morning,1,ASSAULT W/DANGEROUS WEAPON,2024-06-01 09:51:17+00:00,9,2024,Day,Cluster 6,Medium
24175956,2024-11-12 20:29:23+00:00,2024-11-12 17:40:00+00:00,2024-11-12 17:50:00+00:00,EVENING,ASSAULT W/DANGEROUS WEAPON,2200 - 2299 BLOCK OF MINNESOTA AVENUE SE,8.0,6.0,Cluster 34,38.8717915923,-76.9740898528,17.0,12.0,11,Tuesday,Evening,1,ASSAULT W/DANGEROUS WEAPON,2024-11-12 20:29:23+00:00,20,2024,Night,Cluster 34,High
24188697,2024-12-06 05:56:24+00:00,2024-12-06 02:12:00+00:00,2024-12-06 04:00:00+00:00,MIDNIGHT,ASSAULT W/DANGEROUS WEAPON,1240 - 1399 BLOCK OF NEW YORK AVENUE NE,5.0,5.0,Cluster 23,38.915145306,-76.9865571175,2.0,6.0,12,Friday,Night,1,ASSAULT W/DANGEROUS WEAPON,2024-12-06 05:56:24+00:00,5,2024,Night,Cluster 23,High
24023608,2024-02-15 05:30:42+00:00,2024-02-15 02:07:00+00:00,2024-02-15 05:15:00+00:00,MIDNIGHT,ASSAULT W/DANGEROUS WEAPON,2760 - 2799 BLOCK OF NAYLOR ROAD SE,8.0,7.0,Cluster 36,38.8575076821,-76.96765429,2.0,15.0,2,Thursday,Night,1,ASSAULT W/DANGEROUS WEAPON,2024-02-15 05:30:42+00:00,5,2024,Night,Cluster 36,High
24052147,2024-04-08 05:08:19+00:00,2024-04-08 02:17:00+00:00,2024-04-08 02:20:00+00:00,MIDNIGHT,ASSAULT W/DANGEROUS WEAPON,2400 - 2599 BLOCK OF ELVANS ROAD SE,8.0,7.0,Cluster 37,38.8541724053,-76.9884242906,2.0,8.0,4,Monday,Night,1,ASSAULT W/DANGEROUS WEAPON,2024-04-08 05:08:19+00:00,5,2024,Night,Cluster 37,High
24153711,2024-10-04 18:22:07+00:00,2024-10-01 23:25:00+00:00,2024-10-01 23:35:00+00:00,DAY,ASSAULT W/DANGEROUS WEAPON,900 - 999 BLOCK OF MASSACHUSETTS AVENUE NW,2.0,3.0,Cluster 8,38.9032398655,-77.0250183526,23.0,1.0,10,Tuesday,Night,1,ASSAULT W/DANGEROUS WEAPON,2024-10-04 18:22:07+00:00,18,2024,Night,Cluster 8,Medium
24155647,2024-10-08 02:17:14+00:00,2024-10-07 23:59:00+00:00,2024-10-08 00:05:00+00:00,EVENING,ASSAULT W/DANGEROUS WEAPON,1200 - 1299 BLOCK OF NEW YORK AVENUE NW,2.0,2.0,Cluster 8,38.9004801723,-77.0288534169,23.0,7.0,10,Monday,Night,1,ASSAULT W/DANGEROUS WEAPON,2024-10-08 02:17:14+00:00,2,2024,Night,Cluster 8,Medium
24082623,2024-06-01 06:46:16+00:00,2024-06-01 02:19:00+00:00,,MIDNIGHT,ASSAULT W/DANGEROUS WEAPON,500 - 599 BLOCK OF EDGEWOOD STREET NE,5.0,5.0,Cluster 21,38.9237151556,-76.998999712,2.0,1.0,6,Saturday,Night,1,ASSAULT W/DANGEROUS WEAPON,2024-06-01 06:46:16+00:00,6,2024,Day,Cluster 21,High
24110390,2024-07-19 06:02:02+00:00,2024-07-19 03:23:00+00:00,2024-07-19 03:25:00+00:00,MIDNIGHT,ASSAULT W/DANGEROUS WEAPON,1200 - 1299 BLOCK OF CANAL STREET SW,6.0,1.0,Cluster 9,38.8761446559,-77.0119942466,3.0,19.0,7,Friday,Night,1,ASSAULT W/DANGEROUS WEAPON,2024-07-19 06:02:02+00:00,6,2024,Day,Cluster 9,Medium
24057449,2024-04-17 15:36:57+00:00,2024-04-17 00:47:00+00:00,2024-04-17 02:00:00+00:00,DAY,ASSAULT W/DANGEROUS WEAPON,1100 - 1199 BLOCK OF NEW JERSEY AVENUE SE,8.0,,Cluster 27,38.8770044023,-77.004353141,0.0,17.0,4,Wednesday,Night,1,ASSAULT W/DANGEROUS WEAPON,2024-04-17 15:36:57+00:00,15,2024,Day,Cluster 27,Medium
24132855,2024-08-29 03:24:19+00:00,2024-08-29 03:03:00+00:00,,MIDNIGHT,ASSAULT W/DANGEROUS WEAPON,1500 - 1501 BLOCK OF WEST VIRGINIA AVENUE NE,5.0,5.0,Cluster 23,38.9073602218,-76.9893035001,3.0,29.0,8,Thursday,Night,1,ASSAULT W/DANGEROUS WEAPON,2024-08-29 03:24:19+00:00,3,2024,Night,Cluster 23,High
24132335,2024-08-28 06:34:23+00:00,2024-08-28 03:45:00+00:00,2024-08-28 06:08:00+00:00,MIDNIGHT,ASSAULT W/DANGEROUS WEAPON,100 - 199 BLOCK OF 53RD STREET NE,7.0,6.0,Cluster 33,38.8912595797,-76.9260481732,3.0,28.0,8,Wednesday,Night,1,ASSAULT W/DANGEROUS WEAPON,2024-08-28 06:34:23+00:00,6,2024,Day,Cluster 33,High
24009642,2024-01-20 11:22:50+00:00,2024-01-20 08:58:00+00:00,2024-01-20 10:50:00+00:00,MIDNIGHT,ASSAULT W/DANGEROUS WEAPON,4000 - 4099 BLOCK OF 4TH STREET SE,8.0,7.0,Cluster 39,38.8305206225,-77.0005714967,8.0,20.0,1,Saturday,Morning,1,ASSAULT W/DANGEROUS WEAPON,2024-01-20 11:22:50+00:00,11,2024,Day,Cluster 39,High
24146959,2024-09-25 07:35:09+00:00,2024-09-23 00:40:00+00:00,2024-09-24 00:50:00+00:00,MIDNIGHT,ASSAULT W/DANGEROUS WEAPON,4600 - 4799 BLOCK OF SOUTH CAPITOL STREET,8.0,7.0,Cluster 39,38.8216297021,-77.0017441439,0.0,23.0,9,Monday,Night,1,ASSAULT W/DANGEROUS WEAPON,2024-09-25 07:35:09+00:00,7,2024,Day,Cluster 39,High
24031260,2024-02-29 17:10:53+00:00,2024-02-29 10:41:00+00:00,2024-02-29 10:45:00+00:00,DAY,ASSAULT W/DANGEROUS WEAPON,400 - 499 BLOCK OF M STREET SE,8.0,1.0,Cluster 27,38.8764799099,-77.0000496478,10.0,29.0,2,Thursday,Morning,1,ASSAULT W/DANGEROUS WEAPON,2024-02-29 17:10:53+00:00,17,2024,Day,Cluster 27,Medium
24166445,2024-10-26 19:59:58+00:00,2024-10-26 17:22:00+00:00,2024-10-26 19:00:00+00:00,EVENING,ASSAULT W/DANGEROUS WEAPON,1300 - 1399 BLOCK OF NEW YORK AVENUE NW,2.0,2.0,Cluster 8,38.8996769403,-77.0311403905,17.0,26.0,10,Saturday,Evening,1,ASSAULT W/DANGEROUS WEAPON,2024-10-26 19:59:58+00:00,19,2024,Night,Cluster 8,Medium
24200784,2024-12-29 14:50:33+00:00,2024-12-26 20:00:00+00:00,2024-12-29 23:00:00+00:00,DAY,ASSAULT W/DANGEROUS WEAPON,5100 - 5199 BLOCK OF SHERIFF ROAD NE,7.0,6.0,Cluster 31,38.9036422597,-76.9256198676,20.0,26.0,12,Thursday,Night,1,ASSAULT W/DANGEROUS WEAPON,2024-12-29 14:50:33+00:00,14,2024,Day,Cluster 31,High
24115445,2024-07-28 13:55:48+00:00,2024-07-28 07:31:00+00:00,2024-07-28 13:00:00+00:00,DAY,ASSAULT W/DANGEROUS WEAPON,5000 - 5099 BLOCK OF EAST CAPITOL STREET,7.0,6.0,Cluster 33,38.8897634886,-76.9290099717,7.0,28.0,7,Sunday,Morning,1,ASSAULT W/DANGEROUS WEAPON,2024-07-28 13:55:48+00:00,13,2024,Day,Cluster 33,High
24052158,2024-04-08 05:03:33+00:00,2024-04-08 02:17:00+00:00,2024-04-08 03:17:00+00:00,MIDNIGHT,ASSAULT W/DANGEROUS WEAPON,1120 - 1199 BLOCK OF NORTH CAPITOL STREET,6.0,1.0,Cluster 8,38.9051654756,-77.0090657356,2.0,8.0,4,Monday,Night,1,ASSAULT W/DANGEROUS WEAPON,2024-04-08 05:03:33+00:00,5,2024,Night,Cluster 8,Medium
24072850,2024-05-15 19:27:32+00:00,2024-05-15 17:17:00+00:00,2024-05-15 17:25:00+00:00,EVENING,ASSAULT W/DANGEROUS WEAPON,7TH STREET NE AND A STREET NE,6.0,1.0,Cluster 26,38.8909353458,-76.9961687461,17.0,15.0,5,Wednesday,Evening,1,ASSAULT W/DANGEROUS WEAPON,2024-05-15 19:27:32+00:00,19,2024,Night,Cluster 26,Medium
24177070,2024-11-14 18:00:26+00:00,2024-11-14 16:34:00+00:00,2024-11-14 17:00:00+00:00,DAY,ASSAULT W/DANGEROUS WEAPON,1500 - 1530 BLOCK OF PARK ROAD NW,1.0,3.0,Cluster 2,38.9312504756,-77.0354064875,16.0,14.0,11,Thursday,Afternoon,1,ASSAULT W/DANGEROUS WEAPON,2024-11-14 18:00:26+00:00,18,2024,Night,Cluster 2,High
24080114,2024-05-28 04:25:31+00:00,2024-05-28 01:48:00+00:00,2024-05-28 04:00:00+00:00,MIDNIGHT,ASSAULT W/DANGEROUS WEAPON,3400 - 3499 BLOCK OF BAKER STREET NE,7.0,6.0,Cluster 32,38.892777351,-76.9566955105,1.0,28.0,5,Tuesday,Night,1,ASSAULT W/DANGEROUS WEAPON,2024-05-28 04:25:31+00:00,4,2024,Night,Cluster 32,High
24128279,2024-08-21 03:56:31+00:00,2024-08-21 01:26:00+00:00,2024-08-21 03:56:00+00:00,MIDNIGHT,ASSAULT W/DANGEROUS WEAPON,1700 - 1723 BLOCK OF NORTH CAPITOL STREET,5.0,5.0,Cluster 21,38.9129719275,-77.0090487407,1.0,21.0,8,Wednesday,Night,1,ASSAULT W/DANGEROUS WEAPON,2024-08-21 03:56:31+00:00,3,2024,Night,Cluster 21,High
24071029,2024-05-12 07:27:41+00:00,2024-05-12 05:19:00+00:00,2024-05-12 07:20:00+00:00,MIDNIGHT,ASSAULT W/DANGEROUS WEAPON,500 - 699 BLOCK OF HARVARD STREET NW,1.0,3.0,Cluster 2,38.9274233965,-77.0217214713,5.0,12.0,5,Sunday,Night,1,ASSAULT W/DANGEROUS WEAPON,2024-05-12 07:27:41+00:00,7,2024,Day,Cluster 2,High
24157681,2024-10-11 14:55:30+00:00,2024-10-11 13:24:00+00:00,,DAY,ASSAULT W/DANGEROUS WEAPON,4700 - 4799 BLOCK OF 1ST STREET SW,8.0,7.0,Cluster 39,38.8227449648,-77.0055142574,13.0,11.0,10,Friday,Afternoon,1,ASSAULT W/DANGEROUS WEAPON,2024-10-11 14:55:30+00:00,14,2024,Day,Cluster 39,High
24099272,2024-06-29 15:19:08+00:00,2024-06-29 12:59:00+00:00,2024-06-29 15:00:00+00:00,DAY,ASSAULT W/DANGEROUS WEAPON,1500 - 1599 BLOCK OF 19TH STREET SE,8.0,6.0,Cluster 34,38.8713813642,-76.9773547969,12.0,29.0,6,Saturday,Afternoon,1,ASSAULT W/DANGEROUS WEAPON,2024-06-29 15:19:08+00:00,15,2024,Day,Cluster 34,High
24064714,2024-04-30 20:35:17+00:00,2024-04-30 19:51:00+00:00,2024-04-30 20:35:00+00:00,EVENING,ASSAULT W/DANGEROUS WEAPON,1900 - 1999 BLOCK OF 7TH STREET NW,1.0,3.0,Cluster 3,38.9159166696,-77.0219119142,19.0,30.0,4,Tuesday,Evening,1,ASSAULT W/DANGEROUS WEAPON,2024-04-30 20:35:17+00:00,20,2024,Night,Cluster 3,Medium
24123630,2024-08-12 22:38:03+00:00,2024-08-12 20:54:00+00:00,2024-08-12 21:00:00+00:00,EVENING,ASSAULT W/DANGEROUS WEAPON,2700 - 2798 BLOCK OF ROBINSON PLACE SE,8.0,7.0,Cluster 38,38.8520388259,-76.9886679121,20.0,12.0,8,Monday,Night,1,ASSAULT W/DANGEROUS WEAPON,2024-08-12 22:38:03+00:00,22,2024,Night,Cluster 38,High
24091496,2024-06-16 08:39:35+00:00,2024-06-16 07:10:00+00:00,,MIDNIGHT,ASSAULT W/DANGEROUS WEAPON,1923 - 1999 BLOCK OF 2ND STREET NW,5.0,3.0,Cluster 21,38.9166373247,-77.0144607641,7.0,16.0,6,Sunday,Morning,1,ASSAULT W/DANGEROUS WEAPON,2024-06-16 08:39:35+00:00,8,2024,Day,Cluster 21,High
24166199,2024-10-26 04:47:39+00:00,2024-10-26 02:01:00+00:00,2024-11-20 12:22:00+00:00,MIDNIGHT,ASSAULT W/DANGEROUS WEAPON,3700 - 3899 BLOCK OF D STREET SE,7.0,6.0,Cluster 32,38.8848378094,-76.949555782,2.0,26.0,10,Saturday,Night,1,ASSAULT W/DANGEROUS WEAPON,2024-10-26 04:47:39+00:00,4,2024,Night,Cluster 32,High
24187053,2024-12-03 07:08:45+00:00,2024-12-03 04:09:00+00:00,2024-12-03 06:43:00+00:00,MIDNIGHT,ASSAULT W/DANGEROUS WEAPON,4900 - 4971 BLOCK OF BENNING ROAD SE,7.0,6.0,Cluster 33,38.8798611701,-76.9321773402,4.0,3.0,12,Tuesday,Night,1,ASSAULT W/DANGEROUS WEAPON,2024-12-03 07:08:45+00:00,7,2024,Day,Cluster 33,High
24007928,2024-01-16 23:15:05+00:00,2024-01-16 21:03:00+00:00,2024-01-16 22:30:00+00:00,EVENING,ASSAULT W/DANGEROUS WEAPON,2600 - 2799 BLOCK OF JASPER STREET SE,8.0,7.0,Cluster 36,38.8517469483,-76.9692371871,21.0,16.0,1,Tuesday,Night,1,ASSAULT W/DANGEROUS WEAPON,2024-01-16 23:15:05+00:00,23,2024,Night,Cluster 36,High
24099685,2024-06-30 07:00:37+00:00,2024-06-30 04:54:00+00:00,2024-06-30 07:00:00+00:00,MIDNIGHT,ASSAULT W/DANGEROUS WEAPON,2800 - 2821 BLOCK OF PENNSYLVANIA AVENUE SE,7.0,6.0,Cluster 34,38.8720716515,-76.9671970341,4.0,30.0,6,Sunday,Night,1,ASSAULT W/DANGEROUS WEAPON,2024-06-30 07:00:37+00:00,7,2024,Day,Cluster 34,High
24185277,2024-11-29 22:58:25+00:00,2024-11-29 20:18:00+00:00,2024-11-29 21:00:00+00:00,EVENING,ASSAULT W/DANGEROUS WEAPON,3000 - 3049 BLOCK OF R STREET NW,2.0,2.0,Cluster 4,38.9126703459,-77.0601201789,20.0,29.0,11,Friday,Night,1,ASSAULT W/DANGEROUS WEAPON,2024-11-29 22:58:25+00:00,22,2024,Night,Cluster 4,Low
24087910,2024-06-10 08:37:40+00:00,2024-06-10 05:45:00+00:00,2024-06-10 05:46:00+00:00,MIDNIGHT,ASSAULT W/DANGEROUS WEAPON,600 - 799 BLOCK OF 24TH STREET NE,5.0,5.0,Cluster 23,38.8995544004,-76.9723346999,5.0,10.0,6,Monday,Night,1,ASSAULT W/DANGEROUS WEAPON,2024-06-10 08:37:40+00:00,8,2024,Day,Cluster 23,High
24137238,2024-09-06 00:44:41+00:00,2024-09-05 23:34:00+00:00,2024-09-06 00:30:00+00:00,EVENING,ASSAULT W/DANGEROUS WEAPON,800 - 899 BLOCK OF CHESAPEAKE STREET SE,8.0,7.0,Cluster 39,38.8292031593,-76.9923943297,23.0,5.0,9,Thursday,Night,1,ASSAULT W/DANGEROUS WEAPON,2024-09-06 00:44:41+00:00,0,2024,Night,Cluster 39,High
24145958,2024-09-21 13:29:12+00:00,2024-09-21 11:00:00+00:00,2024-09-21 11:45:00+00:00,DAY,ASSAULT W/DANGEROUS WEAPON,1300 - 1399 BLOCK OF D STREET SE,6.0,1.0,Cluster 26,38.8841040245,-76.9869156707,11.0,21.0,9,Saturday,Morning,1,ASSAULT W/DANGEROUS WEAPON,2024-09-21 13:29:12+00:00,13,2024,Day,Cluster 26,Medium
24018068,2024-02-05 06:24:46+00:00,2024-02-05 03:55:00+00:00,,MIDNIGHT,ASSAULT W/DANGEROUS WEAPON,3300 - 3730 BLOCK OF HAYES STREET NE,7.0,6.0,Cluster 30,38.9066615961,-76.9528191142,3.0,5.0,2,Monday,Night,1,ASSAULT W/DANGEROUS WEAPON,2024-02-05 06:24:46+00:00,6,2024,Day,Cluster 30,High
24057201,2024-04-17 01:03:15+00:00,2024-04-16 22:14:00+00:00,2024-04-16 22:30:00+00:00,EVENING,ASSAULT W/DANGEROUS WEAPON,1200 - 1299 BLOCK OF NEW YORK AVENUE NW,2.0,2.0,Cluster 8,38.9004801723,-77.0288534169,22.0,16.0,4,Tuesday,Night,1,ASSAULT W/DANGEROUS WEAPON,2024-04-17 01:03:15+00:00,1,2024,Night,Cluster 8,Medium
24057302,2024-04-17 03:00:44+00:00,2024-04-17 01:30:00+00:00,2024-04-17 02:22:00+00:00,EVENING,ASSAULT W/DANGEROUS WEAPON,2627 - 2699 BLOCK OF STANTON ROAD SE,8.0,7.0,Cluster 37,38.8584648442,-76.9900561524,1.0,17.0,4,Wednesday,Night,1,ASSAULT W/DANGEROUS WEAPON,2024-04-17 03:00:44+00:00,3,2024,Night,Cluster 37,High
24005685,2024-01-12 02:52:44+00:00,2024-01-12 01:40:00+00:00,,EVENING,ASSAULT W/DANGEROUS WEAPON,2700 - 2798 BLOCK OF CONNECTICUT AVENUE NW,3.0,2.0,Cluster 15,38.9260522496,-77.0529807924,1.0,12.0,1,Friday,Night,1,ASSAULT W/DANGEROUS WEAPON,2024-01-12 02:52:44+00:00,2,2024,Night,Cluster 15,Low
24006144,2024-01-13 03:24:57+00:00,2024-01-12 21:38:00+00:00,2024-01-12 22:00:00+00:00,EVENING,ASSAULT W/DANGEROUS WEAPON,2400 - 2500 BLOCK OF MARTIN LUTHER KING JR AVENUE SE,8.0,7.0,Cluster 37,38.8622527489,-76.9931812237,21.0,12.0,1,Friday,Night,1,ASSAULT W/DANGEROUS WEAPON,2024-01-13 03:24:57+00:00,3,2024,Night,Cluster 37,High
24124399,2024-08-14 08:51:17+00:00,2024-08-14 05:36:00+00:00,2024-08-14 06:00:00+00:00,MIDNIGHT,ASSAULT W/DANGEROUS WEAPON,900 - 999 BLOCK OF G STREET NW,2.0,2.0,Cluster 8,38.8983125792,-77.0249480334,5.0,14.0,8,Wednesday,Night,1,ASSAULT W/DANGEROUS WEAPON,2024-08-14 08:51:17+00:00,8,2024,Day,Cluster 8,Medium
24067651,2024-05-06 06:17:17+00:00,2024-05-06 03:41:00+00:00,2024-05-06 05:20:00+00:00,MIDNIGHT,ASSAULT W/DANGEROUS WEAPON,1006 - 1099 BLOCK OF ANDERSON PLACE SE,8.0,7.0,Cluster 38,38.8428931622,-76.9814334914,3.0,6.0,5,Monday,Night,1,ASSAULT W/DANGEROUS WEAPON,2024-05-06 06:17:17+00:00,6,2024,Day,Cluster 38,High
24143393,2024-09-17 03:33:55+00:00,2024-09-17 02:00:00+00:00,2024-09-17 03:15:00+00:00,MIDNIGHT,ASSAULT W/DANGEROUS WEAPON,2322 - 2499 BLOCK OF ONTARIO ROAD NW,1.0,3.0,Cluster 1,38.9218867805,-77.0401489912,2.0,17.0,9,Tuesday,Night,1,ASSAULT W/DANGEROUS WEAPON,2024-09-17 03:33:55+00:00,3,2024,Night,Cluster 1,Medium
24061046,2024-04-24 11:23:05+00:00,2024-04-24 09:35:00+00:00,2024-04-24 09:50:00+00:00,DAY,ASSAULT W/DANGEROUS WEAPON,300 - 399 BLOCK OF RHODE ISLAND AVENUE NW,5.0,3.0,Cluster 21,38.9142893336,-77.0162798013,9.0,24.0,4,Wednesday,Morning,1,ASSAULT W/DANGEROUS WEAPON,2024-04-24 11:23:05+00:00,11,2024,Day,Cluster 21,High
24047867,2024-03-31 01:59:17+00:00,2024-03-31 00:19:00+00:00,,EVENING,ASSAULT W/DANGEROUS WEAPON,3700 - 3799 BLOCK OF GEORGIA AVENUE NW,4.0,4.0,Cluster 18,38.9369691497,-77.024398577,0.0,31.0,3,Sunday,Night,1,ASSAULT W/DANGEROUS WEAPON,2024-03-31 01:59:17+00:00,1,2024,Night,Cluster 18,High
24049310,2024-04-02 21:22:50+00:00,2024-04-02 18:40:00+00:00,2024-04-02 20:30:00+00:00,EVENING,ASSAULT W/DANGEROUS WEAPON,1 - 99 BLOCK OF N STREET NW,5.0,3.0,Cluster 21,38.907236162,-77.0108574312,18.0,2.0,4,Tuesday,Evening,1,ASSAULT W/DANGEROUS WEAPON,2024-04-02 21:22:50+00:00,21,2024,Night,Cluster 21,High
24062891,2024-04-27 15:32:05+00:00,2024-04-25 14:30:00+00:00,2024-04-25 15:30:00+00:00,DAY,ASSAULT W/DANGEROUS WEAPON,400 - 499 BLOCK OF 23RD PLACE NE,7.0,5.0,Cluster 25,38.8955437391,-76.9738563053,14.0,25.0,4,Thursday,Afternoon,1,ASSAULT W/DANGEROUS WEAPON,2024-04-27 15:32:05+00:00,15,2024,Day,Cluster 25,High
24086354,2024-06-07 16:14:11+00:00,2024-06-07 14:58:00+00:00,2024-06-07 15:15:00+00:00,DAY,ASSAULT W/DANGEROUS WEAPON,1300 - 1399 BLOCK OF KENNEDY STREET NW,4.0,4.0,Cluster 18,38.9562140777,-77.0315605889,14.0,7.0,6,Friday,Afternoon,1,ASSAULT W/DANGEROUS WEAPON,2024-06-07 16:14:11+00:00,16,2024,Day,Cluster 18,High
24086011,2024-06-06 23:59:56+00:00,2024-06-06 21:51:00+00:00,2024-06-06 23:00:00+00:00,EVENING,ASSAULT W/DANGEROUS WEAPON,2200 - 2299 BLOCK OF HUNTER PLACE SE,8.0,7.0,Cluster 28,38.8593188837,-76.984620132,21.0,6.0,6,Thursday,Night,1,ASSAULT W/DANGEROUS WEAPON,2024-06-06 23:59:56+00:00,23,2024,Night,Cluster 28,Medium
24118697,2024-08-03 08:12:20+00:00,2024-08-03 05:41:00+00:00,2024-08-03 07:20:00+00:00,MIDNIGHT,ASSAULT W/DANGEROUS WEAPON,2701 - 2899 BLOCK OF HARTFORD STREET SE,8.0,7.0,Cluster 36,38.854449697,-76.9676194819,5.0,3.0,8,Saturday,Night,1,ASSAULT W/DANGEROUS WEAPON,2024-08-03 08:12:20+00:00,8,2024,Day,Cluster 36,High
24168874,2024-10-31 00:58:39+00:00,2024-10-30 23:56:00+00:00,2024-10-31 00:00:00+00:00,EVENING,ASSAULT W/DANGEROUS WEAPON,3806 - 3843 BLOCK OF MINNESOTA AVENUE NE,7.0,6.0,Cluster 32,38.8926800402,-76.9509711286,23.0,30.0,10,Wednesday,Night,1,ASSAULT W/DANGEROUS WEAPON,2024-10-31 00:58:39+00:00,0,2024,Night,Cluster 32,High
24142198,2024-09-15 02:43:09+00:00,2024-09-14 23:47:00+00:00,2024-09-15 01:45:00+00:00,EVENING,ASSAULT W/DANGEROUS WEAPON,3300 - 3341 BLOCK OF 16TH STREET NW,1.0,3.0,Cluster 2,38.9321298128,-77.0364600379,23.0,14.0,9,Saturday,Night,1,ASSAULT W/DANGEROUS WEAPON,2024-09-15 02:43:09+00:00,2,2024,Night,Cluster 2,High
24179007,2024-11-18 04:45:09+00:00,2024-11-18 02:38:00+00:00,2024-11-18 03:15:00+00:00,MIDNIGHT,ASSAULT W/DANGEROUS WEAPON,3200 - 3299 BLOCK OF MOUNT PLEASANT STREET NW,1.0,3.0,Cluster 2,38.931840145,-77.038582486,2.0,18.0,11,Monday,Night,1,ASSAULT W/DANGEROUS WEAPON,2024-11-18 04:45:09+00:00,4,2024,Night,Cluster 2,High
24016967,2024-02-03 01:03:11+00:00,2024-02-02 23:37:00+00:00,2024-02-03 01:03:00+00:00,EVENING,ASSAULT W/DANGEROUS WEAPON,1400 - 1499 BLOCK OF RHODE ISLAND AVENUE NW,2.0,2.0,Cluster 7,38.9083815792,-77.0332543288,23.0,2.0,2,Friday,Night,1,ASSAULT W/DANGEROUS WEAPON,2024-02-03 01:03:11+00:00,1,2024,Night,Cluster 7,Medium
24018397,2024-02-06 01:11:29+00:00,2024-02-05 20:39:00+00:00,2024-02-05 23:00:00+00:00,EVENING,ASSAULT W/DANGEROUS WEAPON,3900 - 3920 BLOCK OF 1ST STREET SE,8.0,7.0,Cluster 39,38.8325505335,-77.0058848811,20.0,5.0,2,Monday,Night,1,ASSAULT W/DANGEROUS WEAPON,2024-02-06 01:11:29+00:00,1,2024,Night,Cluster 39,High
24088908,2024-06-11 23:39:23+00:00,2024-06-11 20:22:00+00:00,2024-06-11 23:30:00+00:00,EVENING,ASSAULT W/DANGEROUS WEAPON,4000 - 4099 BLOCK OF KANSAS AVENUE NW,4.0,4.0,Cluster 18,38.9402734229,-77.0271202835,20.0,11.0,6,Tuesday,Night,1,ASSAULT W/DANGEROUS WEAPON,2024-06-11 23:39:23+00:00,23,2024,Night,Cluster 18,High
24168445,2024-10-30 09:14:00+00:00,2024-10-30 08:39:00+00:00,2024-10-30 10:00:00+00:00,MIDNIGHT,ASSAULT W/DANGEROUS WEAPON,81 - 199 BLOCK OF 55TH STREET SE,7.0,6.0,Cluster 33,38.8870442626,-76.9221826825,8.0,30.0,10,Wednesday,Morning,1,ASSAULT W/DANGEROUS WEAPON,2024-10-30 09:14:00+00:00,9,2024,Day,Cluster 33,High
