area,crime_type,year,crime_count,crime_date,crime_hour,day_night,month,risk_level
Ludhiana,KIDNAPPING,2020,1,2020-01-01 02:00:00,2,Night,1,Medium
Bangalore,SEXUAL ASSAULT,2020,1,2020-01-01 14:00:00,14,Day,1,High
Lucknow,SEXUAL ASSAULT,2020,1,2020-01-02 12:00:00,12,Day,1,High
Kanpur,SEXUAL ASSAULT,2020,1,2020-01-03 08:00:00,8,Day,1,Medium
Ahmedabad,ASSAULT,2020,1,2020-01-03 09:00:00,9,Day,1,High
Mumbai,KIDNAPPING,2020,1,2020-01-04 04:00:00,4,Night,1,High
Delhi,ASSAULT,2020,1,2020-01-04 08:00:00,8,Day,1,High
Mumbai,SEXUAL ASSAULT,2020,1,2020-01-04 21:00:00,21,Night,1,High
Kanpur,ASSAULT,2020,1,2020-01-05 06:00:00,6,Day,1,Medium
Delhi,KIDNAPPING,2020,1,2020-01-06 01:00:00,1,Night,1,High
Ludhiana,SEXUAL ASSAULT,2020,1,2020-01-06 03:00:00,3,Night,1,Medium
Pune,ASSAULT,2020,1,2020-01-06 05:00:00,5,Night,1,High
Kanpur,KIDNAPPING,2020,1,2020-01-06 18:00:00,18,Night,1,Medium
Varanasi,ASSAULT,2020,1,2020-01-06 23:00:00,23,Night,1,Low
Chennai,KIDNAPPING,2020,1,2020-01-07 09:00:00,9,Day,1,High
Kolkata,ASSAULT,2020,1,2020-01-07 15:00:00,15,Day,1,High
Ghaziabad,SEXUAL ASSAULT,2020,1,2020-01-07 20:00:00,20,Night,1,Medium
Hyderabad,SEXUAL ASSAULT,2020,1,2020-01-08 04:00:00,4,Night,1,High
Ahmedabad,SEXUAL ASSAULT,2020,1,2020-01-08 14:00:00,14,Day,1,High
Hyderabad,SEXUAL ASSAULT,2020,1,2020-01-08 15:00:00,15,Day,1,High
Chennai,KIDNAPPING,2020,1,2020-01-08 22:00:00,22,Night,1,High
Lucknow,KIDNAPPING,2020,1,2020-01-09 11:00:00,11,Day,1,High
Ludhiana,KIDNAPPING,2020,1,2020-01-10 05:00:00,5,Night,1,Medium
Kalyan,SEXUAL ASSAULT,2020,1,2020-01-11 03:00:00,3,Night,1,Low
Indore,KIDNAPPING,2020,1,2020-01-11 19:00:00,19,Night,1,Medium
Kanpur,SEXUAL ASSAULT,2020,1,2020-01-11 23:00:00,23,Night,1,Medium
Kanpur,KIDNAPPING,2020,1,2020-01-12 03:00:00,3,Night,1,Medium
Indore,ASSAULT,2020,1,2020-01-12 12:00:00,12,Day,1,Medium
Ludhiana,KIDNAPPING,2020,1,2020-01-12 15:00:00,15,Day,1,Medium
Indore,ASSAULT,2020,1,2020-01-12 20:00:00,20,Night,1,Medium
Chennai,ASSAULT,2020,1,2020-01-13 05:00:00,5,Night,1,High
Srinagar,SEXUAL ASSAULT,2020,1,2020-01-13 10:00:00,10,Day,1,Low
Bangalore,ASSAULT,2020,1,2020-01-14 01:00:00,1,Night,1,High
Delhi,KIDNAPPING,2020,1,2020-01-15 05:00:00,5,Night,1,High
Ghaziabad,ASSAULT,2020,1,2020-01-15 07:00:00,7,Day,1,Medium
Meerut,SEXUAL ASSAULT,2020,1,2020-01-15 08:00:00,8,Day,1,Low
Lucknow,ASSAULT,2020,1,2020-01-15 22:00:00,22,Night,1,High
Nagpur,KIDNAPPING,2020,1,2020-01-16 03:00:00,3,Night,1,Medium
Delhi,SEXUAL ASSAULT,2020,1,2020-01-16 12:00:00,12,Day,1,High
Kanpur,SEXUAL ASSAULT,2020,1,2020-01-16 22:00:00,22,Night,1,Medium
Ghaziabad,SEXUAL ASSAULT,2020,1,2020-01-18 12:00:00,12,Day,1,Medium
Jaipur,SEXUAL ASSAULT,2020,1,2020-01-19 10:00:00,10,Day,1,High
Surat,KIDNAPPING,2020,1,2020-01-19 14:00:00,14,Day,1,Medium
Delhi,SEXUAL ASSAULT,2020,1,2020-01-20 19:00:00,19,Night,1,High
Bangalore,SEXUAL ASSAULT,2020,1,2020-01-21 00:00:00,0,Night,1,High
Bangalore,ASSAULT,2020,1,2020-01-21 22:00:00,22,Night,1,High
Chennai,SEXUAL ASSAULT,2020,1,2020-01-22 02:00:00,2,Night,1,High
Meerut,KIDNAPPING,2020,1,2020-01-22 06:00:00,6,Day,1,Low
Chennai,SEXUAL ASSAULT,2020,1,2020-01-22 15:00:00,15,Day,1,High
Bangalore,KIDNAPPING,2020,1,2020-01-23 01:00:00,1,Night,1,High
Ahmedabad,KIDNAPPING,2020,1,2020-01-23 14:00:00,14,Day,1,High
Chennai,ASSAULT,2020,1,2020-01-23 19:00:00,19,Night,1,High
Ghaziabad,SEXUAL ASSAULT,2020,1,2020-01-23 23:00:00,23,Night,1,Medium
Ludhiana,KIDNAPPING,2020,1,2020-01-24 02:00:00,2,Night,1,Medium
Kolkata,SEXUAL ASSAULT,2020,1,2020-01-24 15:00:00,15,Day,1,High
Indore,ASSAULT,2020,1,2020-01-24 17:00:00,17,Day,1,Medium
Jaipur,KIDNAPPING,2020,1,2020-01-25 13:00:00,13,Day,1,High
Hyderabad,ASSAULT,2020,1,2020-01-27 20:00:00,20,Night,1,High
Hyderabad,ASSAULT,2020,1,2020-01-27 21:00:00,21,Night,1,High
Kolkata,SEXUAL ASSAULT,2020,1,2020-01-28 04:00:00,4,Night,1,High
Kolkata,SEXUAL ASSAULT,2020,1,2020-01-28 07:00:00,7,Day,1,High
Kolkata,ASSAULT,2020,1,2020-01-28 14:00:00,14,Day,1,High
Bangalore,KIDNAPPING,2020,1,2020-01-29 01:00:00,1,Night,1,High
Lucknow,SEXUAL ASSAULT,2020,1,2020-01-29 07:00:00,7,Day,1,High
Thane,SEXUAL ASSAULT,2020,1,2020-01-29 09:00:00,9,Day,1,Low
Chennai,SEXUAL ASSAULT,2020,1,2020-01-30 09:00:00,9,Day,1,High
Delhi,KIDNAPPING,2020,1,2020-01-30 20:00:00,20,Night,1,High
Ghaziabad,KIDNAPPING,2020,1,2020-01-30 23:00:00,23,Night,1,Medium
Patna,KIDNAPPING,2020,1,2020-01-31 06:00:00,6,Day,1,Medium
Bangalore,ASSAULT,2020,1,2020-01-31 11:00:00,11,Day,1,High
Mumbai,SEXUAL ASSAULT,2020,1,2020-01-31 23:00:00,23,Night,1,High
Ahmedabad,ASSAULT,2020,1,2020-02-01 07:00:00,7,Day,2,High
Kanpur,KIDNAPPING,2020,1,2020-02-01 14:00:00,14,Day,2,Medium
Bhopal,SEXUAL ASSAULT,2020,1,2020-02-03 01:00:00,1,Night,2,Medium
Srinagar,KIDNAPPING,2020,1,2020-02-03 03:00:00,3,Night,2,Low
Bhopal,KIDNAPPING,2020,1,2020-02-03 07:00:00,7,Day,2,Medium
Hyderabad,ASSAULT,2020,1,2020-02-04 01:00:00,1,Night,2,High
Ahmedabad,SEXUAL ASSAULT,2020,1,2020-02-04 02:00:00,2,Night,2,High
Kolkata,ASSAULT,2020,1,2020-02-04 06:00:00,6,Day,2,High
Hyderabad,SEXUAL ASSAULT,2020,1,2020-02-04 18:00:00,18,Night,2,High
Nashik,SEXUAL ASSAULT,2020,1,2020-02-05 07:00:00,7,Day,2,Low
Kolkata,KIDNAPPING,2020,1,2020-02-05 16:00:00,16,Day,2,High
Indore,SEXUAL ASSAULT,2020,1,2020-02-05 23:00:00,23,Night,2,Medium
Pune,SEXUAL ASSAULT,2020,1,2020-02-06 02:00:00,2,Night,2,High
Mumbai,SEXUAL ASSAULT,2020,1,2020-02-06 08:00:00,8,Day,2,High
Delhi,ASSAULT,2020,1,2020-02-08 00:00:00,0,Night,2,High
Jaipur,KIDNAPPING,2020,1,2020-02-08 01:00:00,1,Night,2,High
Kolkata,KIDNAPPING,2020,1,2020-02-08 03:00:00,3,Night,2,High
Ahmedabad,ASSAULT,2020,1,2020-02-08 04:00:00,4,Night,2,High
Delhi,SEXUAL ASSAULT,2020,1,2020-02-08 16:00:00,16,Day,2,High
Rajkot,ASSAULT,2020,1,2020-02-09 04:00:00,4,Night,2,Low
Delhi,ASSAULT,2020,1,2020-02-09 06:00:00,6,Day,2,High
Kanpur,KIDNAPPING,2020,1,2020-02-10 03:00:00,3,Night,2,Medium
Delhi,SEXUAL ASSAULT,2020,1,2020-02-10 06:00:00,6,Day,2,High
Chennai,ASSAULT,2020,1,2020-02-10 17:00:00,17,Day,2,High
Mumbai,KIDNAPPING,2020,1,2020-02-10 20:00:00,20,Night,2,High
Ghaziabad,ASSAULT,2020,1,2020-02-10 22:00:00,22,Night,2,Medium
Mumbai,ASSAULT,2020,1,2020-02-11 02:00:00,2,Night,2,High
Mumbai,SEXUAL ASSAULT,2020,1,2020-02-11 03:00:00,3,Night,2,High
Kolkata,ASSAULT,2020,1,2020-02-11 05:00:00,5,Night,2,High
Mumbai,ASSAULT,2020,1,2020-02-11 09:00:00,9,Day,2,High
Faridabad,KIDNAPPING,2020,1,2020-02-12 12:00:00,12,Day,2,Low
Kolkata,KIDNAPPING,2020,1,2020-02-13 04:00:00,4,Night,2,High
Delhi,ASSAULT,2020,1,2020-02-15 00:00:00,0,Night,2,High
Bangalore,ASSAULT,2020,1,2020-02-16 03:00:00,3,Night,2,High
Delhi,KIDNAPPING,2020,1,2020-02-16 09:00:00,9,Day,2,High
Jaipur,KIDNAPPING,2020,1,2020-02-16 12:00:00,12,Day,2,High
Ghaziabad,ASSAULT,2020,1,2020-02-16 19:00:00,19,Night,2,Medium
Lucknow,SEXUAL ASSAULT,2020,1,2020-02-16 20:00:00,20,Night,2,High
Jaipur,KIDNAPPING,2020,1,2020-02-17 13:00:00,13,Day,2,High
Hyderabad,SEXUAL ASSAULT,2020,1,2020-02-17 20:00:00,20,Night,2,High
Bhopal,KIDNAPPING,2020,1,2020-02-18 03:00:00,3,Night,2,Medium
Chennai,ASSAULT,2020,1,2020-02-18 11:00:00,11,Day,2,High
Bangalore,KIDNAPPING,2020,1,2020-02-19 01:00:00,1,Night,2,High
Ludhiana,KIDNAPPING,2020,1,2020-02-19 05:00:00,5,Night,2,Medium
Kanpur,KIDNAPPING,2020,1,2020-02-19 16:00:00,16,Day,2,Medium
Patna,ASSAULT,2020,1,2020-02-19 17:00:00,17,Day,2,Medium
Mumbai,ASSAULT,2020,1,2020-02-20 00:00:00,0,Night,2,High
Chennai,KIDNAPPING,2020,1,2020-02-20 12:00:00,12,Day,2,High
Mumbai,KIDNAPPING,2020,1,2020-02-20 13:00:00,13,Day,2,High
Delhi,SEXUAL ASSAULT,2020,1,2020-02-21 00:00:00,0,Night,2,High
Pune,ASSAULT,2020,1,2020-02-21 09:00:00,9,Day,2,High
Bangalore,ASSAULT,2020,1,2020-02-21 13:00:00,13,Day,2,High
Ludhiana,KIDNAPPING,2020,1,2020-02-22 04:00:00,4,Night,2,Medium
Bhopal,KIDNAPPING,2020,1,2020-02-22 10:00:00,10,Day,2,Medium
Delhi,KIDNAPPING,2020,1,2020-02-22 18:00:00,18,Night,2,High
Nashik,ASSAULT,2020,1,2020-02-23 19:00:00,19,Night,2,Low
Bangalore,ASSAULT,2020,1,2020-02-25 01:00:00,1,Night,2,High
Patna,SEXUAL ASSAULT,2020,1,2020-02-25 15:00:00,15,Day,2,Medium
Lucknow,KIDNAPPING,2020,1,2020-02-26 01:00:00,1,Night,2,High
Delhi,SEXUAL ASSAULT,2020,1,2020-02-26 10:00:00,10,Day,2,High
Bangalore,ASSAULT,2020,1,2020-02-26 14:00:00,14,Day,2,High
Agra,ASSAULT,2020,1,2020-02-26 15:00:00,15,Day,2,Medium
Mumbai,ASSAULT,2020,1,2020-02-26 19:00:00,19,Night,2,High
Bangalore,SEXUAL ASSAULT,2020,1,2020-02-26 23:00:00,23,Night,2,High
Mumbai,KIDNAPPING,2020,1,2020-02-27 12:00:00,12,Day,2,High
Kalyan,KIDNAPPING,2020,1,2020-02-27 17:00:00,17,Day,2,Low
Mumbai,SEXUAL ASSAULT,2020,1,2020-02-27 23:00:00,23,Night,2,High
Bangalore,ASSAULT,2020,1,2020-02-28 06:00:00,6,Day,2,High
Chennai,ASSAULT,2020,1,2020-02-29 14:00:00,14,Day,2,High
Mumbai,SEXUAL ASSAULT,2020,1,2020-02-29 16:00:00,16,Day,2,High
Mumbai,KIDNAPPING,2020,1,2020-03-01 02:00:00,2,Night,3,High
Hyderabad,KIDNAPPING,2020,1,2020-03-01 07:00:00,7,Day,3,High
Jaipur,KIDNAPPING,2020,1,2020-03-01 15:00:00,15,Day,3,High
Pune,KIDNAPPING,2020,1,2020-03-01 19:00:00,19,Night,3,High
Jaipur,ASSAULT,2020,1,2020-03-01 20:00:00,20,Night,3,High
Varanasi,KIDNAPPING,2020,1,2020-03-02 06:00:00,6,Day,3,Low
Delhi,ASSAULT,2020,1,2020-03-02 11:00:00,11,Day,3,High
Jaipur,KIDNAPPING,2020,1,2020-03-02 12:00:00,12,Day,3,High
Mumbai,ASSAULT,2020,1,2020-03-02 16:00:00,16,Day,3,High
Bangalore,ASSAULT,2020,1,2020-03-03 02:00:00,2,Night,3,High
Hyderabad,SEXUAL ASSAULT,2020,1,2020-03-03 08:00:00,8,Day,3,High
Thane,SEXUAL ASSAULT,2020,1,2020-03-03 13:00:00,13,Day,3,Low
Ludhiana,SEXUAL ASSAULT,2020,1,2020-03-04 13:00:00,13,Day,3,Medium
Bhopal,KIDNAPPING,2020,1,2020-03-06 01:00:00,1,Night,3,Medium
Ahmedabad,SEXUAL ASSAULT,2020,1,2020-03-06 03:00:00,3,Night,3,High
Bangalore,KIDNAPPING,2020,1,2020-03-06 14:00:00,14,Day,3,High
Kalyan,KIDNAPPING,2020,1,2020-03-06 16:00:00,16,Day,3,Low
Pune,ASSAULT,2020,1,2020-03-06 18:00:00,18,Night,3,High
Delhi,ASSAULT,2020,1,2020-03-08 09:00:00,9,Day,3,High
Ahmedabad,ASSAULT,2020,1,2020-03-09 07:00:00,7,Day,3,High
Bangalore,KIDNAPPING,2020,1,2020-03-09 11:00:00,11,Day,3,High
Chennai,ASSAULT,2020,1,2020-03-09 22:00:00,22,Night,3,High
Agra,KIDNAPPING,2020,1,2020-03-10 06:00:00,6,Day,3,Medium
Mumbai,KIDNAPPING,2020,1,2020-03-10 07:00:00,7,Day,3,High
Nashik,ASSAULT,2020,1,2020-03-10 23:00:00,23,Night,3,Low
Jaipur,SEXUAL ASSAULT,2020,1,2020-03-11 17:00:00,17,Day,3,High
Delhi,ASSAULT,2020,1,2020-03-12 10:00:00,10,Day,3,High
Agra,SEXUAL ASSAULT,2020,1,2020-03-13 22:00:00,22,Night,3,Medium
Mumbai,SEXUAL ASSAULT,2020,1,2020-03-14 05:00:00,5,Night,3,High
Varanasi,SEXUAL ASSAULT,2020,1,2020-03-14 12:00:00,12,Day,3,Low
Pune,ASSAULT,2020,1,2020-03-14 16:00:00,16,Day,3,High
Ludhiana,ASSAULT,2020,1,2020-03-14 20:00:00,20,Night,3,Medium
Delhi,ASSAULT,2020,1,2020-03-15 03:00:00,3,Night,3,High
Bangalore,KIDNAPPING,2020,1,2020-03-15 04:00:00,4,Night,3,High
Bangalore,SEXUAL ASSAULT,2020,1,2020-03-15 05:00:00,5,Night,3,High
Mumbai,ASSAULT,2020,1,2020-03-15 11:00:00,11,Day,3,High
Delhi,KIDNAPPING,2020,1,2020-03-15 14:00:00,14,Day,3,High
Mumbai,SEXUAL ASSAULT,2020,1,2020-03-15 19:00:00,19,Night,3,High
Bhopal,KIDNAPPING,2020,1,2020-03-16 02:00:00,2,Night,3,Medium
Kolkata,ASSAULT,2020,1,2020-03-16 18:00:00,18,Night,3,High
Lucknow,KIDNAPPING,2020,1,2020-03-17 09:00:00,9,Day,3,High
Chennai,SEXUAL ASSAULT,2020,1,2020-03-19 07:00:00,7,Day,3,High
Agra,KIDNAPPING,2020,1,2020-03-19 10:00:00,10,Day,3,Medium
Nashik,ASSAULT,2020,1,2020-03-19 15:00:00,15,Day,3,Low
Ahmedabad,KIDNAPPING,2020,1,2020-03-20 06:00:00,6,Day,3,High
Hyderabad,KIDNAPPING,2020,1,2020-03-20 19:00:00,19,Night,3,High
Nagpur,ASSAULT,2020,1,2020-03-21 13:00:00,13,Day,3,Medium
Delhi,KIDNAPPING,2020,1,2020-03-22 09:00:00,9,Day,3,High
Hyderabad,ASSAULT,2020,1,2020-03-22 11:00:00,11,Day,3,High
Pune,SEXUAL ASSAULT,2020,1,2020-03-22 19:00:00,19,Night,3,High
Jaipur,ASSAULT,2020,1,2020-03-23 22:00:00,22,Night,3,High
Kolkata,ASSAULT,2020,1,2020-03-24 00:00:00,0,Night,3,High
Mumbai,ASSAULT,2020,1,2020-03-24 16:00:00,16,Day,3,High
Bangalore,ASSAULT,2020,1,2020-03-25 03:00:00,3,Night,3,High
Bhopal,ASSAULT,2020,1,2020-03-25 09:00:00,9,Day,3,Medium
Kanpur,ASSAULT,2020,1,2020-03-25 10:00:00,10,Day,3,Medium
Kolkata,SEXUAL ASSAULT,2020,1,2020-03-25 17:00:00,17,Day,3,High
Thane,KIDNAPPING,2020,1,2020-03-25 18:00:00,18,Night,3,Low
Vasai,KIDNAPPING,2020,1,2020-03-26 00:00:00,0,Night,3,Low
Pune,SEXUAL ASSAULT,2020,1,2020-03-26 17:00:00,17,Day,3,High
Nashik,SEXUAL ASSAULT,2020,1,2020-03-27 15:00:00,15,Day,3,Low
Surat,ASSAULT,2020,1,2020-03-28 11:00:00,11,Day,3,Medium
Ahmedabad,SEXUAL ASSAULT,2020,1,2020-03-29 00:00:00,0,Night,3,High
Delhi,SEXUAL ASSAULT,2020,1,2020-03-29 07:00:00,7,Day,3,High
Mumbai,ASSAULT,2020,1,2020-03-29 08:00:00,8,Day,3,High
Bangalore,ASSAULT,2020,1,2020-03-31 01:00:00,1,Night,3,High
Ahmedabad,ASSAULT,2020,1,2020-03-31 04:00:00,4,Night,3,High
Delhi,ASSAULT,2020,1,2020-03-31 05:00:00,5,Night,3,High
Nashik,SEXUAL ASSAULT,2020,1,2020-03-31 11:00:00,11,Day,3,Low
Kalyan,KIDNAPPING,2020,1,2020-03-31 16:00:00,16,Day,3,Low
Ahmedabad,SEXUAL ASSAULT,2020,1,2020-03-31 17:00:00,17,Day,3,High
Delhi,ASSAULT,2020,1,2020-03-31 18:00:00,18,Night,3,High
Bangalore,KIDNAPPING,2020,1,2020-04-01 04:00:00,4,Night,4,High
Ahmedabad,SEXUAL ASSAULT,2020,1,2020-04-01 08:00:00,8,Day,4,High
Kolkata,ASSAULT,2020,1,2020-04-02 01:00:00,1,Night,4,High
Bangalore,KIDNAPPING,2020,1,2020-04-02 03:00:00,3,Night,4,High
Jaipur,SEXUAL ASSAULT,2020,1,2020-04-03 13:00:00,13,Day,4,High
Mumbai,ASSAULT,2020,1,2020-04-04 10:00:00,10,Day,4,High
Mumbai,ASSAULT,2020,1,2020-04-05 00:00:00,0,Night,4,High
Jaipur,KIDNAPPING,2020,1,2020-04-05 03:00:00,3,Night,4,High
Lucknow,ASSAULT,2020,1,2020-04-06 00:00:00,0,Night,4,High
Mumbai,SEXUAL ASSAULT,2020,1,2020-04-06 11:00:00,11,Day,4,High
Bangalore,SEXUAL ASSAULT,2020,1,2020-04-06 21:00:00,21,Night,4,High
Bhopal,ASSAULT,2020,1,2020-04-08 07:00:00,7,Day,4,Medium
Mumbai,KIDNAPPING,2020,1,2020-04-08 09:00:00,9,Day,4,High
Ghaziabad,KIDNAPPING,2020,1,2020-04-08 18:00:00,18,Night,4,Medium
Ahmedabad,KIDNAPPING,2020,1,2020-04-09 05:00:00,5,Night,4,High
Bangalore,KIDNAPPING,2020,1,2020-04-09 10:00:00,10,Day,4,High
Delhi,ASSAULT,2020,1,2020-04-09 11:00:00,11,Day,4,High
Chennai,SEXUAL ASSAULT,2020,1,2020-04-09 17:00:00,17,Day,4,High
Bangalore,ASSAULT,2020,1,2020-04-10 05:00:00,5,Night,4,High
Delhi,SEXUAL ASSAULT,2020,1,2020-04-10 15:00:00,15,Day,4,High
Pune,SEXUAL ASSAULT,2020,1,2020-04-11 10:00:00,10,Day,4,High
Delhi,KIDNAPPING,2020,1,2020-04-12 00:00:00,0,Night,4,High
Kolkata,SEXUAL ASSAULT,2020,1,2020-04-12 01:00:00,1,Night,4,High
Mumbai,KIDNAPPING,2020,1,2020-04-13 08:00:00,8,Day,4,High
Chennai,KIDNAPPING,2020,1,2020-04-13 13:00:00,13,Day,4,High
Ahmedabad,KIDNAPPING,2020,1,2020-04-13 23:00:00,23,Night,4,High
Delhi,KIDNAPPING,2020,1,2020-04-14 09:00:00,9,Day,4,High
Jaipur,SEXUAL ASSAULT,2020,1,2020-04-14 11:00:00,11,Day,4,High
Nashik,KIDNAPPING,2020,1,2020-04-14 15:00:00,15,Day,4,Low
Kolkata,KIDNAPPING,2020,1,2020-04-15 08:00:00,8,Day,4,High
Mumbai,ASSAULT,2020,1,2020-04-16 02:00:00,2,Night,4,High
Bangalore,ASSAULT,2020,1,2020-04-16 14:00:00,14,Day,4,High
Lucknow,SEXUAL ASSAULT,2020,1,2020-04-16 19:00:00,19,Night,4,High
Surat,KIDNAPPING,2020,1,2020-04-17 01:00:00,1,Night,4,Medium
Bangalore,ASSAULT,2020,1,2020-04-17 06:00:00,6,Day,4,High
Indore,SEXUAL ASSAULT,2020,1,2020-04-17 07:00:00,7,Day,4,Medium
Jaipur,SEXUAL ASSAULT,2020,1,2020-04-17 17:00:00,17,Day,4,High
Ahmedabad,KIDNAPPING,2020,1,2020-04-18 21:00:00,21,Night,4,High
Meerut,ASSAULT,2020,1,2020-04-19 00:00:00,0,Night,4,Low
Pune,KIDNAPPING,2020,1,2020-04-19 15:00:00,15,Day,4,High
Lucknow,ASSAULT,2020,1,2020-04-19 19:00:00,19,Night,4,High
Hyderabad,KIDNAPPING,2020,1,2020-04-20 09:00:00,9,Day,4,High
Delhi,SEXUAL ASSAULT,2020,1,2020-04-21 11:00:00,11,Day,4,High
Kolkata,ASSAULT,2020,1,2020-04-22 16:00:00,16,Day,4,High
Indore,ASSAULT,2020,1,2020-04-22 18:00:00,18,Night,4,Medium
Chennai,KIDNAPPING,2020,1,2020-04-23 06:00:00,6,Day,4,High
Mumbai,ASSAULT,2020,1,2020-04-24 03:00:00,3,Night,4,High
Bangalore,KIDNAPPING,2020,1,2020-04-24 07:00:00,7,Day,4,High
Delhi,SEXUAL ASSAULT,2020,1,2020-04-24 12:00:00,12,Day,4,High
Delhi,KIDNAPPING,2020,1,2020-04-24 20:00:00,20,Night,4,High
Delhi,KIDNAPPING,2020,1,2020-04-25 00:00:00,0,Night,4,High
Mumbai,SEXUAL ASSAULT,2020,1,2020-04-26 01:00:00,1,Night,4,High
Chennai,ASSAULT,2020,1,2020-04-26 10:00:00,10,Day,4,High
Kanpur,SEXUAL ASSAULT,2020,1,2020-04-27 04:00:00,4,Night,4,Medium
Chennai,ASSAULT,2020,1,2020-04-27 09:00:00,9,Day,4,High
Lucknow,ASSAULT,2020,1,2020-04-27 18:00:00,18,Night,4,High
Bhopal,KIDNAPPING,2020,1,2020-04-27 23:00:00,23,Night,4,Medium
Kolkata,SEXUAL ASSAULT,2020,1,2020-04-28 09:00:00,9,Day,4,High
Surat,KIDNAPPING,2020,1,2020-04-28 21:00:00,21,Night,4,Medium
Mumbai,SEXUAL ASSAULT,2020,1,2020-04-29 01:00:00,1,Night,4,High
Thane,SEXUAL ASSAULT,2020,1,2020-04-29 05:00:00,5,Night,4,Low
Agra,ASSAULT,2020,1,2020-04-29 09:00:00,9,Day,4,Medium
Delhi,ASSAULT,2020,1,2020-04-29 16:00:00,16,Day,4,High
Mumbai,SEXUAL ASSAULT,2020,1,2020-04-30 14:00:00,14,Day,4,High
Mumbai,KIDNAPPING,2020,1,2020-05-01 07:00:00,7,Day,5,High
Kolkata,SEXUAL ASSAULT,2020,1,2020-05-01 13:00:00,13,Day,5,High
Bangalore,KIDNAPPING,2020,1,2020-05-01 18:00:00,18,Night,5,High
Jaipur,ASSAULT,2020,1,2020-05-02 15:00:00,15,Day,5,High
Lucknow,SEXUAL ASSAULT,2020,1,2020-05-03 12:00:00,12,Day,5,High
Pune,SEXUAL ASSAULT,2020,1,2020-05-03 18:00:00,18,Night,5,High
Kalyan,SEXUAL ASSAULT,2020,1,2020-05-03 19:00:00,19,Night,5,Low
Visakhapatnam,SEXUAL ASSAULT,2020,1,2020-05-04 07:00:00,7,Day,5,Low
Bangalore,SEXUAL ASSAULT,2020,1,2020-05-05 03:00:00,3,Night,5,High
Nagpur,SEXUAL ASSAULT,2020,1,2020-05-05 18:00:00,18,Night,5,Medium
Chennai,KIDNAPPING,2020,1,2020-05-06 04:00:00,4,Night,5,High
Surat,SEXUAL ASSAULT,2020,1,2020-05-06 06:00:00,6,Day,5,Medium
Thane,ASSAULT,2020,1,2020-05-06 21:00:00,21,Night,5,Low
Delhi,SEXUAL ASSAULT,2020,1,2020-05-07 11:00:00,11,Day,5,High
Mumbai,ASSAULT,2020,1,2020-05-08 01:00:00,1,Night,5,High
Kalyan,SEXUAL ASSAULT,2020,1,2020-05-08 08:00:00,8,Day,5,Low
Mumbai,KIDNAPPING,2020,1,2020-05-09 02:00:00,2,Night,5,High
Chennai,SEXUAL ASSAULT,2020,1,2020-05-09 05:00:00,5,Night,5,High
Bangalore,KIDNAPPING,2020,1,2020-05-09 19:00:00,19,Night,5,High
Mumbai,ASSAULT,2020,1,2020-05-10 08:00:00,8,Day,5,High
Lucknow,ASSAULT,2020,1,2020-05-11 03:00:00,3,Night,5,High
Ahmedabad,SEXUAL ASSAULT,2020,1,2020-05-13 11:00:00,11,Day,5,High
Meerut,SEXUAL ASSAULT,2020,1,2020-05-13 19:00:00,19,Night,5,Low
Agra,KIDNAPPING,2020,1,2020-05-14 01:00:00,1,Night,5,Medium
Ahmedabad,SEXUAL ASSAULT,2020,1,2020-05-15 00:00:00,0,Night,5,High
Vasai,ASSAULT,2020,1,2020-05-16 10:00:00,10,Day,5,Low
Bangalore,KIDNAPPING,2020,1,2020-05-17 12:00:00,12,Day,5,High
Delhi,SEXUAL ASSAULT,2020,1,2020-05-17 17:00:00,17,Day,5,High
Thane,ASSAULT,2020,1,2020-05-17 19:00:00,19,Night,5,Low
Jaipur,SEXUAL ASSAULT,2020,1,2020-05-18 15:00:00,15,Day,5,High
Kalyan,KIDNAPPING,2020,1,2020-05-18 22:00:00,22,Night,5,Low
Rajkot,KIDNAPPING,2020,1,2020-05-20 13:00:00,13,Day,5,Low
Mumbai,SEXUAL ASSAULT,2020,1,2020-05-20 14:00:00,14,Day,5,High
Visakhapatnam,KIDNAPPING,2020,1,2020-05-21 06:00:00,6,Day,5,Low
Bangalore,KIDNAPPING,2020,1,2020-05-21 08:00:00,8,Day,5,High
Delhi,SEXUAL ASSAULT,2020,1,2020-05-21 10:00:00,10,Day,5,High
Mumbai,ASSAULT,2020,1,2020-05-22 03:00:00,3,Night,5,High
Delhi,ASSAULT,2020,1,2020-05-23 18:00:00,18,Night,5,High
Hyderabad,ASSAULT,2020,1,2020-05-24 02:00:00,2,Night,5,High
Delhi,ASSAULT,2020,1,2020-05-24 16:00:00,16,Day,5,High
Srinagar,ASSAULT,2020,1,2020-05-26 02:00:00,2,Night,5,Low
Kanpur,ASSAULT,2020,1,2020-05-26 06:00:00,6,Day,5,Medium
Kanpur,SEXUAL ASSAULT,2020,1,2020-05-26 07:00:00,7,Day,5,Medium
Bangalore,ASSAULT,2020,1,2020-05-26 18:00:00,18,Night,5,High
Delhi,KIDNAPPING,2020,1,2020-05-27 21:00:00,21,Night,5,High
Kanpur,ASSAULT,2020,1,2020-05-28 19:00:00,19,Night,5,Medium
Delhi,SEXUAL ASSAULT,2020,1,2020-05-29 06:00:00,6,Day,5,High
Kolkata,SEXUAL ASSAULT,2020,1,2020-05-29 07:00:00,7,Day,5,High
Thane,KIDNAPPING,2020,1,2020-05-30 01:00:00,1,Night,5,Low
Ahmedabad,ASSAULT,2020,1,2020-05-30 14:00:00,14,Day,5,High
Agra,ASSAULT,2020,1,2020-06-01 01:00:00,1,Night,6,Medium
Bangalore,ASSAULT,2020,1,2020-06-02 22:00:00,22,Night,6,High
Visakhapatnam,KIDNAPPING,2020,1,2020-06-03 03:00:00,3,Night,6,Low
Hyderabad,KIDNAPPING,2020,1,2020-06-03 06:00:00,6,Day,6,High
Kolkata,SEXUAL ASSAULT,2020,1,2020-06-03 23:00:00,23,Night,6,High
Visakhapatnam,KIDNAPPING,2020,1,2020-06-04 01:00:00,1,Night,6,Low
Thane,KIDNAPPING,2020,1,2020-06-04 20:00:00,20,Night,6,Low
Mumbai,ASSAULT,2020,1,2020-06-05 10:00:00,10,Day,6,High
Ghaziabad,ASSAULT,2020,1,2020-06-05 12:00:00,12,Day,6,Medium
Mumbai,KIDNAPPING,2020,1,2020-06-06 03:00:00,3,Night,6,High
Kanpur,KIDNAPPING,2020,1,2020-06-06 13:00:00,13,Day,6,Medium
Ahmedabad,SEXUAL ASSAULT,2020,1,2020-06-06 16:00:00,16,Day,6,High
Bangalore,KIDNAPPING,2020,1,2020-06-07 07:00:00,7,Day,6,High
Bangalore,ASSAULT,2020,1,2020-06-07 08:00:00,8,Day,6,High
Ghaziabad,KIDNAPPING,2020,1,2020-06-07 10:00:00,10,Day,6,Medium
Rajkot,SEXUAL ASSAULT,2020,1,2020-06-07 15:00:00,15,Day,6,Low
Visakhapatnam,KIDNAPPING,2020,1,2020-06-07 21:00:00,21,Night,6,Low
Hyderabad,ASSAULT,2020,1,2020-06-07 23:00:00,23,Night,6,High
Kanpur,SEXUAL ASSAULT,2020,1,2020-06-08 06:00:00,6,Day,6,Medium
Chennai,KIDNAPPING,2020,1,2020-06-08 09:00:00,9,Day,6,High
Pune,KIDNAPPING,2020,1,2020-06-08 15:00:00,15,Day,6,High
Pune,SEXUAL ASSAULT,2020,1,2020-06-08 17:00:00,17,Day,6,High
Kanpur,KIDNAPPING,2020,1,2020-06-08 20:00:00,20,Night,6,Medium
Hyderabad,SEXUAL ASSAULT,2020,1,2020-06-09 02:00:00,2,Night,6,High
Bangalore,ASSAULT,2020,1,2020-06-09 15:00:00,15,Day,6,High
Pune,KIDNAPPING,2020,1,2020-06-10 07:00:00,7,Day,6,High
Indore,ASSAULT,2020,1,2020-06-10 09:00:00,9,Day,6,Medium
Ahmedabad,SEXUAL ASSAULT,2020,1,2020-06-10 14:00:00,14,Day,6,High
Pune,KIDNAPPING,2020,1,2020-06-11 00:00:00,0,Night,6,High
Bhopal,SEXUAL ASSAULT,2020,1,2020-06-11 03:00:00,3,Night,6,Medium
Agra,KIDNAPPING,2020,1,2020-06-11 08:00:00,8,Day,6,Medium
Mumbai,KIDNAPPING,2020,1,2020-06-11 18:00:00,18,Night,6,High
Surat,SEXUAL ASSAULT,2020,1,2020-06-12 01:00:00,1,Night,6,Medium
Patna,KIDNAPPING,2020,1,2020-06-12 08:00:00,8,Day,6,Medium
Delhi,SEXUAL ASSAULT,2020,1,2020-06-12 13:00:00,13,Day,6,High
Jaipur,KIDNAPPING,2020,1,2020-06-12 16:00:00,16,Day,6,High
Mumbai,SEXUAL ASSAULT,2020,1,2020-06-14 00:00:00,0,Night,6,High
Delhi,ASSAULT,2020,1,2020-06-15 01:00:00,1,Night,6,High
Chennai,KIDNAPPING,2020,1,2020-06-16 10:00:00,10,Day,6,High
Kolkata,ASSAULT,2020,1,2020-06-17 03:00:00,3,Night,6,High
Hyderabad,KIDNAPPING,2020,1,2020-06-17 08:00:00,8,Day,6,High
Surat,SEXUAL ASSAULT,2020,1,2020-06-17 18:00:00,18,Night,6,Medium
Pune,ASSAULT,2020,1,2020-06-18 17:00:00,17,Day,6,High
Delhi,SEXUAL ASSAULT,2020,1,2020-06-19 10:00:00,10,Day,6,High
Pune,KIDNAPPING,2020,1,2020-06-19 18:00:00,18,Night,6,High
Kolkata,KIDNAPPING,2020,1,2020-06-21 05:00:00,5,Night,6,High
Ludhiana,ASSAULT,2020,1,2020-06-21 10:00:00,10,Day,6,Medium
Hyderabad,SEXUAL ASSAULT,2020,1,2020-06-21 11:00:00,11,Day,6,High
Nagpur,SEXUAL ASSAULT,2020,1,2020-06-21 12:00:00,12,Day,6,Medium
Pune,ASSAULT,2020,1,2020-06-21 17:00:00,17,Day,6,High
Ahmedabad,KIDNAPPING,2020,1,2020-06-22 09:00:00,9,Day,6,High
Lucknow,ASSAULT,2020,1,2020-06-22 23:00:00,23,Night,6,High
Mumbai,ASSAULT,2020,1,2020-06-23 19:00:00,19,Night,6,High
Pune,ASSAULT,2020,1,2020-06-24 03:00:00,3,Night,6,High
Hyderabad,ASSAULT,2020,1,2020-06-24 04:00:00,4,Night,6,High
Bangalore,ASSAULT,2020,1,2020-06-24 08:00:00,8,Day,6,High
Bangalore,KIDNAPPING,2020,1,2020-06-24 14:00:00,14,Day,6,High
Mumbai,ASSAULT,2020,1,2020-06-25 00:00:00,0,Night,6,High
Chennai,KIDNAPPING,2020,1,2020-06-25 11:00:00,11,Day,6,High
Delhi,KIDNAPPING,2020,1,2020-06-25 15:00:00,15,Day,6,High
Mumbai,SEXUAL ASSAULT,2020,1,2020-06-26 08:00:00,8,Day,6,High
Delhi,KIDNAPPING,2020,1,2020-06-26 14:00:00,14,Day,6,High
Indore,ASSAULT,2020,1,2020-06-27 10:00:00,10,Day,6,Medium
Hyderabad,KIDNAPPING,2020,1,2020-06-27 13:00:00,13,Day,6,High
Delhi,ASSAULT,2020,1,2020-06-27 18:00:00,18,Night,6,High
Mumbai,KIDNAPPING,2020,1,2020-06-28 12:00:00,12,Day,6,High
Bangalore,KIDNAPPING,2020,1,2020-06-28 13:00:00,13,Day,6,High
Kolkata,KIDNAPPING,2020,1,2020-06-28 15:00:00,15,Day,6,High
Lucknow,SEXUAL ASSAULT,2020,1,2020-06-28 17:00:00,17,Day,6,High
Kolkata,ASSAULT,2020,1,2020-06-29 11:00:00,11,Day,6,High
Pune,ASSAULT,2020,1,2020-06-30 10:00:00,10,Day,6,High
Patna,ASSAULT,2020,1,2020-07-01 05:00:00,5,Night,7,Medium
Bangalore,ASSAULT,2020,1,2020-07-01 09:00:00,9,Day,7,High
Indore,ASSAULT,2020,1,2020-07-01 12:00:00,12,Day,7,Medium
Indore,SEXUAL ASSAULT,2020,1,2020-07-02 02:00:00,2,Night,7,Medium
Mumbai,ASSAULT,2020,1,2020-07-02 12:00:00,12,Day,7,High
Nashik,SEXUAL ASSAULT,2020,1,2020-07-02 14:00:00,14,Day,7,Low
Delhi,ASSAULT,2020,1,2020-07-03 07:00:00,7,Day,7,High
Bangalore,ASSAULT,2020,1,2020-07-03 09:00:00,9,Day,7,High
Chennai,SEXUAL ASSAULT,2020,1,2020-07-03 21:00:00,21,Night,7,High
Delhi,ASSAULT,2020,1,2020-07-05 10:00:00,10,Day,7,High
Bangalore,ASSAULT,2020,1,2020-07-05 12:00:00,12,Day,7,High
Mumbai,SEXUAL ASSAULT,2020,1,2020-07-06 06:00:00,6,Day,7,High
Meerut,KIDNAPPING,2020,1,2020-07-08 08:00:00,8,Day,7,Low
Hyderabad,KIDNAPPING,2020,1,2020-07-08 15:00:00,15,Day,7,High
Vasai,ASSAULT,2020,1,2020-07-08 23:00:00,23,Night,7,Low
Chennai,SEXUAL ASSAULT,2020,1,2020-07-09 05:00:00,5,Night,7,High
Ahmedabad,KIDNAPPING,2020,1,2020-07-09 14:00:00,14,Day,7,High
Delhi,ASSAULT,2020,1,2020-07-10 10:00:00,10,Day,7,High
Surat,KIDNAPPING,2020,1,2020-07-10 17:00:00,17,Day,7,Medium
Delhi,KIDNAPPING,2020,1,2020-07-10 19:00:00,19,Night,7,High
Ghaziabad,KIDNAPPING,2020,1,2020-07-10 22:00:00,22,Night,7,Medium
Hyderabad,KIDNAPPING,2020,1,2020-07-11 19:00:00,19,Night,7,High
Srinagar,KIDNAPPING,2020,1,2020-07-12 09:00:00,9,Day,7,Low
Ahmedabad,ASSAULT,2020,1,2020-07-13 09:00:00,9,Day,7,High
Delhi,KIDNAPPING,2020,1,2020-07-14 04:00:00,4,Night,7,High
Mumbai,KIDNAPPING,2020,1,2020-07-14 17:00:00,17,Day,7,High
Mumbai,ASSAULT,2020,1,2020-07-15 01:00:00,1,Night,7,High
Mumbai,KIDNAPPING,2020,1,2020-07-15 23:00:00,23,Night,7,High
Nagpur,SEXUAL ASSAULT,2020,1,2020-07-16 09:00:00,9,Day,7,Medium
Mumbai,KIDNAPPING,2020,1,2020-07-17 08:00:00,8,Day,7,High
Ghaziabad,ASSAULT,2020,1,2020-07-17 22:00:00,22,Night,7,Medium
Kolkata,ASSAULT,2020,1,2020-07-17 23:00:00,23,Night,7,High
Indore,ASSAULT,2020,1,2020-07-18 02:00:00,2,Night,7,Medium
Patna,ASSAULT,2020,1,2020-07-18 03:00:00,3,Night,7,Medium
Delhi,KIDNAPPING,2020,1,2020-07-18 07:00:00,7,Day,7,High
Faridabad,ASSAULT,2020,1,2020-07-21 00:00:00,0,Night,7,Low
Bangalore,ASSAULT,2020,1,2020-07-21 01:00:00,1,Night,7,High
Agra,ASSAULT,2020,1,2020-07-21 07:00:00,7,Day,7,Medium
Bhopal,ASSAULT,2020,1,2020-07-22 03:00:00,3,Night,7,Medium
Bangalore,KIDNAPPING,2020,1,2020-07-22 05:00:00,5,Night,7,High
Lucknow,KIDNAPPING,2020,1,2020-07-22 16:00:00,16,Day,7,High
Surat,SEXUAL ASSAULT,2020,1,2020-07-22 19:00:00,19,Night,7,Medium
Jaipur,ASSAULT,2020,1,2020-07-23 01:00:00,1,Night,7,High
Lucknow,ASSAULT,2020,1,2020-07-23 09:00:00,9,Day,7,High
Meerut,SEXUAL ASSAULT,2020,1,2020-07-23 17:00:00,17,Day,7,Low
Delhi,KIDNAPPING,2020,1,2020-07-23 21:00:00,21,Night,7,High
Delhi,SEXUAL ASSAULT,2020,1,2020-07-24 01:00:00,1,Night,7,High
Delhi,SEXUAL ASSAULT,2020,1,2020-07-24 22:00:00,22,Night,7,High
Lucknow,ASSAULT,2020,1,2020-07-27 02:00:00,2,Night,7,High
Mumbai,SEXUAL ASSAULT,2020,1,2020-07-27 05:00:00,5,Night,7,High
Nagpur,ASSAULT,2020,1,2020-07-27 07:00:00,7,Day,7,Medium
Visakhapatnam,SEXUAL ASSAULT,2020,1,2020-07-27 10:00:00,10,Day,7,Low
Ahmedabad,KIDNAPPING,2020,1,2020-07-28 17:00:00,17,Day,7,High
Jaipur,KIDNAPPING,2020,1,2020-07-29 06:00:00,6,Day,7,High
Lucknow,ASSAULT,2020,1,2020-07-30 02:00:00,2,Night,7,High
Delhi,SEXUAL ASSAULT,2020,1,2020-07-30 11:00:00,11,Day,7,High
Delhi,KIDNAPPING,2020,1,2020-07-31 09:00:00,9,Day,7,High
Pune,ASSAULT,2020,1,2020-07-31 19:00:00,19,Night,7,High
Bangalore,ASSAULT,2020,1,2020-07-31 21:00:00,21,Night,7,High
Delhi,KIDNAPPING,2020,1,2020-08-01 11:00:00,11,Day,8,High
Patna,SEXUAL ASSAULT,2020,1,2020-08-01 18:00:00,18,Night,8,Medium
Surat,ASSAULT,2020,1,2020-08-02 00:00:00,0,Night,8,Medium
Delhi,KIDNAPPING,2020,1,2020-08-02 13:00:00,13,Day,8,High
Ghaziabad,KIDNAPPING,2020,1,2020-08-03 00:00:00,0,Night,8,Medium
Kolkata,ASSAULT,2020,1,2020-08-03 01:00:00,1,Night,8,High
Pune,SEXUAL ASSAULT,2020,1,2020-08-03 03:00:00,3,Night,8,High
Mumbai,SEXUAL ASSAULT,2020,1,2020-08-03 06:00:00,6,Day,8,High
Mumbai,ASSAULT,2020,1,2020-08-03 20:00:00,20,Night,8,High
Kalyan,ASSAULT,2020,1,2020-08-04 16:00:00,16,Day,8,Low
Bangalore,KIDNAPPING,2020,1,2020-08-05 19:00:00,19,Night,8,High
Delhi,SEXUAL ASSAULT,2020,1,2020-08-06 08:00:00,8,Day,8,High
Bangalore,ASSAULT,2020,1,2020-08-06 16:00:00,16,Day,8,High
Delhi,KIDNAPPING,2020,1,2020-08-06 20:00:00,20,Night,8,High
Faridabad,ASSAULT,2020,1,2020-08-07 15:00:00,15,Day,8,Low
Mumbai,SEXUAL ASSAULT,2020,1,2020-08-08 15:00:00,15,Day,8,High
Bhopal,SEXUAL ASSAULT,2020,1,2020-08-09 05:00:00,5,Night,8,Medium
Agra,KIDNAPPING,2020,1,2020-08-10 09:00:00,9,Day,8,Medium
Delhi,ASSAULT,2020,1,2020-08-10 12:00:00,12,Day,8,High
Ahmedabad,SEXUAL ASSAULT,2020,1,2020-08-10 15:00:00,15,Day,8,High
Faridabad,SEXUAL ASSAULT,2020,1,2020-08-10 20:00:00,20,Night,8,Low
Visakhapatnam,KIDNAPPING,2020,1,2020-08-12 16:00:00,16,Day,8,Low
Ahmedabad,ASSAULT,2020,1,2020-08-12 21:00:00,21,Night,8,High
Pune,SEXUAL ASSAULT,2020,1,2020-08-13 01:00:00,1,Night,8,High
Jaipur,KIDNAPPING,2020,1,2020-08-13 03:00:00,3,Night,8,High
Delhi,ASSAULT,2020,1,2020-08-13 19:00:00,19,Night,8,High
Patna,ASSAULT,2020,1,2020-08-14 04:00:00,4,Night,8,Medium
Nagpur,ASSAULT,2020,1,2020-08-14 15:00:00,15,Day,8,Medium
Mumbai,KIDNAPPING,2020,1,2020-08-15 04:00:00,4,Night,8,High
Pune,ASSAULT,2020,1,2020-08-15 21:00:00,21,Night,8,High
Hyderabad,SEXUAL ASSAULT,2020,1,2020-08-16 15:00:00,15,Day,8,High
Jaipur,KIDNAPPING,2020,1,2020-08-17 13:00:00,13,Day,8,High
Agra,SEXUAL ASSAULT,2020,1,2020-08-17 14:00:00,14,Day,8,Medium
Patna,KIDNAPPING,2020,1,2020-08-18 22:00:00,22,Night,8,Medium
Delhi,KIDNAPPING,2020,1,2020-08-19 19:00:00,19,Night,8,High
Thane,KIDNAPPING,2020,1,2020-08-20 06:00:00,6,Day,8,Low
Indore,KIDNAPPING,2020,1,2020-08-20 07:00:00,7,Day,8,Medium
Kolkata,ASSAULT,2020,1,2020-08-20 19:00:00,19,Night,8,High
Mumbai,SEXUAL ASSAULT,2020,1,2020-08-20 21:00:00,21,Night,8,High
Hyderabad,ASSAULT,2020,1,2020-08-21 10:00:00,10,Day,8,High
Lucknow,ASSAULT,2020,1,2020-08-21 12:00:00,12,Day,8,High
Kolkata,KIDNAPPING,2020,1,2020-08-21 13:00:00,13,Day,8,High
Srinagar,ASSAULT,2020,1,2020-08-21 21:00:00,21,Night,8,Low
Kanpur,ASSAULT,2020,1,2020-08-21 22:00:00,22,Night,8,Medium
Agra,ASSAULT,2020,1,2020-08-22 04:00:00,4,Night,8,Medium
Chennai,SEXUAL ASSAULT,2020,1,2020-08-22 13:00:00,13,Day,8,High
Pune,ASSAULT,2020,1,2020-08-23 04:00:00,4,Night,8,High
Thane,SEXUAL ASSAULT,2020,1,2020-08-23 11:00:00,11,Day,8,Low
Delhi,SEXUAL ASSAULT,2020,1,2020-08-24 03:00:00,3,Night,8,High
Delhi,ASSAULT,2020,1,2020-08-24 18:00:00,18,Night,8,High
Chennai,KIDNAPPING,2020,1,2020-08-25 01:00:00,1,Night,8,High
Bangalore,KIDNAPPING,2020,1,2020-08-25 08:00:00,8,Day,8,High
Delhi,SEXUAL ASSAULT,2020,1,2020-08-25 11:00:00,11,Day,8,High
Bangalore,KIDNAPPING,2020,1,2020-08-25 18:00:00,18,Night,8,High
Kolkata,KIDNAPPING,2020,1,2020-08-25 19:00:00,19,Night,8,High
Bangalore,SEXUAL ASSAULT,2020,1,2020-08-26 11:00:00,11,Day,8,High
Faridabad,SEXUAL ASSAULT,2020,1,2020-08-27 12:00:00,12,Day,8,Low
Bhopal,ASSAULT,2020,1,2020-08-27 14:00:00,14,Day,8,Medium
Surat,KIDNAPPING,2020,1,2020-08-27 20:00:00,20,Night,8,Medium
Lucknow,SEXUAL ASSAULT,2020,1,2020-08-30 00:00:00,0,Night,8,High
Chennai,SEXUAL ASSAULT,2020,1,2020-08-30 06:00:00,6,Day,8,High
Mumbai,KIDNAPPING,2020,1,2020-08-30 17:00:00,17,Day,8,High
Pune,ASSAULT,2020,1,2020-08-31 06:00:00,6,Day,8,High
Mumbai,ASSAULT,2020,1,2020-08-31 12:00:00,12,Day,8,High
Bangalore,ASSAULT,2020,1,2020-08-31 15:00:00,15,Day,8,High
Pune,SEXUAL ASSAULT,2020,1,2020-09-01 04:00:00,4,Night,9,High
Delhi,KIDNAPPING,2020,1,2020-09-01 16:00:00,16,Day,9,High
Delhi,SEXUAL ASSAULT,2020,1,2020-09-01 23:00:00,23,Night,9,High
Ahmedabad,KIDNAPPING,2020,1,2020-09-02 00:00:00,0,Night,9,High
Bangalore,ASSAULT,2020,1,2020-09-02 16:00:00,16,Day,9,High
Mumbai,KIDNAPPING,2020,1,2020-09-03 08:00:00,8,Day,9,High
Kolkata,SEXUAL ASSAULT,2020,1,2020-09-04 21:00:00,21,Night,9,High
Mumbai,ASSAULT,2020,1,2020-09-05 04:00:00,4,Night,9,High
Meerut,KIDNAPPING,2020,1,2020-09-06 03:00:00,3,Night,9,Low
Kanpur,KIDNAPPING,2020,1,2020-09-06 06:00:00,6,Day,9,Medium
Varanasi,SEXUAL ASSAULT,2020,1,2020-09-06 16:00:00,16,Day,9,Low
Bangalore,ASSAULT,2020,1,2020-09-06 18:00:00,18,Night,9,High
Surat,SEXUAL ASSAULT,2020,1,2020-09-07 14:00:00,14,Day,9,Medium
Kolkata,SEXUAL ASSAULT,2020,1,2020-09-09 07:00:00,7,Day,9,High
Kanpur,KIDNAPPING,2020,1,2020-09-09 11:00:00,11,Day,9,Medium
Kolkata,ASSAULT,2020,1,2020-09-09 12:00:00,12,Day,9,High
Kanpur,ASSAULT,2020,1,2020-09-09 14:00:00,14,Day,9,Medium
Bhopal,SEXUAL ASSAULT,2020,1,2020-09-09 16:00:00,16,Day,9,Medium
Patna,KIDNAPPING,2020,1,2020-09-10 17:00:00,17,Day,9,Medium
Lucknow,ASSAULT,2020,1,2020-09-12 01:00:00,1,Night,9,High
Mumbai,KIDNAPPING,2020,1,2020-09-12 18:00:00,18,Night,9,High
Chennai,ASSAULT,2020,1,2020-09-12 23:00:00,23,Night,9,High
Pune,SEXUAL ASSAULT,2020,1,2020-09-13 07:00:00,7,Day,9,High
Surat,KIDNAPPING,2020,1,2020-09-13 09:00:00,9,Day,9,Medium
Surat,SEXUAL ASSAULT,2020,1,2020-09-14 11:00:00,11,Day,9,Medium
Visakhapatnam,SEXUAL ASSAULT,2020,1,2020-09-14 12:00:00,12,Day,9,Low
Bangalore,ASSAULT,2020,1,2020-09-15 00:00:00,0,Night,9,High
Pune,KIDNAPPING,2020,1,2020-09-15 06:00:00,6,Day,9,High
Delhi,KIDNAPPING,2020,1,2020-09-15 14:00:00,14,Day,9,High
Ludhiana,SEXUAL ASSAULT,2020,1,2020-09-15 23:00:00,23,Night,9,Medium
Ludhiana,KIDNAPPING,2020,1,2020-09-16 09:00:00,9,Day,9,Medium
Pune,ASSAULT,2020,1,2020-09-16 10:00:00,10,Day,9,High
Mumbai,KIDNAPPING,2020,1,2020-09-17 06:00:00,6,Day,9,High
Mumbai,ASSAULT,2020,1,2020-09-17 09:00:00,9,Day,9,High
Delhi,KIDNAPPING,2020,1,2020-09-17 14:00:00,14,Day,9,High
Delhi,SEXUAL ASSAULT,2020,1,2020-09-17 18:00:00,18,Night,9,High
Delhi,SEXUAL ASSAULT,2020,1,2020-09-17 19:00:00,19,Night,9,High
Chennai,SEXUAL ASSAULT,2020,1,2020-09-17 23:00:00,23,Night,9,High
Kolkata,KIDNAPPING,2020,1,2020-09-18 05:00:00,5,Night,9,High
Mumbai,SEXUAL ASSAULT,2020,1,2020-09-18 09:00:00,9,Day,9,High
Pune,SEXUAL ASSAULT,2020,1,2020-09-19 02:00:00,2,Night,9,High
Kolkata,ASSAULT,2020,1,2020-09-19 08:00:00,8,Day,9,High
Delhi,KIDNAPPING,2020,1,2020-09-19 14:00:00,14,Day,9,High
Chennai,KIDNAPPING,2020,1,2020-09-19 23:00:00,23,Night,9,High
Hyderabad,SEXUAL ASSAULT,2020,1,2020-09-20 20:00:00,20,Night,9,High
Chennai,SEXUAL ASSAULT,2020,1,2020-09-21 02:00:00,2,Night,9,High
Agra,SEXUAL ASSAULT,2020,1,2020-09-21 08:00:00,8,Day,9,Medium
Indore,KIDNAPPING,2020,1,2020-09-21 12:00:00,12,Day,9,Medium
Bangalore,ASSAULT,2020,1,2020-09-21 23:00:00,23,Night,9,High
Mumbai,ASSAULT,2020,1,2020-09-22 23:00:00,23,Night,9,High
Hyderabad,KIDNAPPING,2020,1,2020-09-23 03:00:00,3,Night,9,High
Hyderabad,ASSAULT,2020,1,2020-09-23 22:00:00,22,Night,9,High
Ahmedabad,ASSAULT,2020,1,2020-09-24 17:00:00,17,Day,9,High
Kolkata,ASSAULT,2020,1,2020-09-25 17:00:00,17,Day,9,High
Kolkata,KIDNAPPING,2020,1,2020-09-26 00:00:00,0,Night,9,High
Patna,ASSAULT,2020,1,2020-09-26 04:00:00,4,Night,9,Medium
Delhi,KIDNAPPING,2020,1,2020-09-26 16:00:00,16,Day,9,High
Hyderabad,KIDNAPPING,2020,1,2020-09-26 18:00:00,18,Night,9,High
Bhopal,ASSAULT,2020,1,2020-09-27 15:00:00,15,Day,9,Medium
Delhi,ASSAULT,2020,1,2020-09-27 21:00:00,21,Night,9,High
Surat,ASSAULT,2020,1,2020-09-29 02:00:00,2,Night,9,Medium
Ahmedabad,SEXUAL ASSAULT,2020,1,2020-09-30 05:00:00,5,Night,9,High
Delhi,SEXUAL ASSAULT,2020,1,2020-09-30 08:00:00,8,Day,9,High
Visakhapatnam,SEXUAL ASSAULT,2020,1,2020-09-30 14:00:00,14,Day,9,Low
Agra,KIDNAPPING,2020,1,2020-09-30 19:00:00,19,Night,9,Medium
Kolkata,SEXUAL ASSAULT,2020,1,2020-10-01 02:00:00,2,Night,10,High
Mumbai,KIDNAPPING,2020,1,2020-10-01 06:00:00,6,Day,10,High
Hyderabad,KIDNAPPING,2020,1,2020-10-01 23:00:00,23,Night,10,High
Ahmedabad,ASSAULT,2020,1,2020-10-03 05:00:00,5,Night,10,High
Delhi,SEXUAL ASSAULT,2020,1,2020-10-03 13:00:00,13,Day,10,High
Hyderabad,SEXUAL ASSAULT,2020,1,2020-10-04 01:00:00,1,Night,10,High
Hyderabad,ASSAULT,2020,1,2020-10-04 05:00:00,5,Night,10,High
Bangalore,ASSAULT,2020,1,2020-10-04 20:00:00,20,Night,10,High
Jaipur,SEXUAL ASSAULT,2020,1,2020-10-05 04:00:00,4,Night,10,High
Ghaziabad,SEXUAL ASSAULT,2020,1,2020-10-06 02:00:00,2,Night,10,Medium
Jaipur,ASSAULT,2020,1,2020-10-06 09:00:00,9,Day,10,High
Mumbai,ASSAULT,2020,1,2020-10-07 07:00:00,7,Day,10,High
Delhi,SEXUAL ASSAULT,2020,1,2020-10-07 11:00:00,11,Day,10,High
Delhi,SEXUAL ASSAULT,2020,1,2020-10-07 17:00:00,17,Day,10,High
Delhi,SEXUAL ASSAULT,2020,1,2020-10-08 21:00:00,21,Night,10,High
Surat,SEXUAL ASSAULT,2020,1,2020-10-09 10:00:00,10,Day,10,Medium
Bangalore,SEXUAL ASSAULT,2020,1,2020-10-09 11:00:00,11,Day,10,High
Bangalore,SEXUAL ASSAULT,2020,1,2020-10-10 02:00:00,2,Night,10,High
Delhi,ASSAULT,2020,1,2020-10-10 06:00:00,6,Day,10,High
Kolkata,SEXUAL ASSAULT,2020,1,2020-10-10 12:00:00,12,Day,10,High
Bhopal,ASSAULT,2020,1,2020-10-10 13:00:00,13,Day,10,Medium
Hyderabad,SEXUAL ASSAULT,2020,1,2020-10-10 16:00:00,16,Day,10,High
Hyderabad,SEXUAL ASSAULT,2020,1,2020-10-10 18:00:00,18,Night,10,High
Bangalore,SEXUAL ASSAULT,2020,1,2020-10-11 10:00:00,10,Day,10,High
Mumbai,SEXUAL ASSAULT,2020,1,2020-10-11 18:00:00,18,Night,10,High
Mumbai,ASSAULT,2020,1,2020-10-12 06:00:00,6,Day,10,High
Nagpur,ASSAULT,2020,1,2020-10-12 11:00:00,11,Day,10,Medium
Ahmedabad,KIDNAPPING,2020,1,2020-10-13 15:00:00,15,Day,10,High
Ghaziabad,ASSAULT,2020,1,2020-10-13 18:00:00,18,Night,10,Medium
Delhi,KIDNAPPING,2020,1,2020-10-13 21:00:00,21,Night,10,High
Ghaziabad,KIDNAPPING,2020,1,2020-10-14 13:00:00,13,Day,10,Medium
Chennai,KIDNAPPING,2020,1,2020-10-14 18:00:00,18,Night,10,High
Delhi,ASSAULT,2020,1,2020-10-15 01:00:00,1,Night,10,High
Indore,SEXUAL ASSAULT,2020,1,2020-10-15 12:00:00,12,Day,10,Medium
Mumbai,KIDNAPPING,2020,1,2020-10-15 19:00:00,19,Night,10,High
Mumbai,ASSAULT,2020,1,2020-10-16 19:00:00,19,Night,10,High
Lucknow,ASSAULT,2020,1,2020-10-17 02:00:00,2,Night,10,High
Visakhapatnam,ASSAULT,2020,1,2020-10-17 07:00:00,7,Day,10,Low
Vasai,ASSAULT,2020,1,2020-10-17 10:00:00,10,Day,10,Low
Bangalore,SEXUAL ASSAULT,2020,1,2020-10-17 14:00:00,14,Day,10,High
Bangalore,ASSAULT,2020,1,2020-10-17 16:00:00,16,Day,10,High
Jaipur,SEXUAL ASSAULT,2020,1,2020-10-17 20:00:00,20,Night,10,High
Kolkata,KIDNAPPING,2020,1,2020-10-19 12:00:00,12,Day,10,High
Meerut,KIDNAPPING,2020,1,2020-10-19 14:00:00,14,Day,10,Low
Delhi,SEXUAL ASSAULT,2020,1,2020-10-20 16:00:00,16,Day,10,High
Chennai,KIDNAPPING,2020,1,2020-10-21 04:00:00,4,Night,10,High
Hyderabad,ASSAULT,2020,1,2020-10-21 05:00:00,5,Night,10,High
Pune,ASSAULT,2020,1,2020-10-21 06:00:00,6,Day,10,High
Ludhiana,SEXUAL ASSAULT,2020,1,2020-10-21 09:00:00,9,Day,10,Medium
Pune,ASSAULT,2020,1,2020-10-21 16:00:00,16,Day,10,High
Indore,ASSAULT,2020,1,2020-10-21 22:00:00,22,Night,10,Medium
Kolkata,SEXUAL ASSAULT,2020,1,2020-10-22 01:00:00,1,Night,10,High
Nagpur,ASSAULT,2020,1,2020-10-22 02:00:00,2,Night,10,Medium
Lucknow,KIDNAPPING,2020,1,2020-10-22 13:00:00,13,Day,10,High
Mumbai,ASSAULT,2020,1,2020-10-22 20:00:00,20,Night,10,High
Mumbai,ASSAULT,2020,1,2020-10-23 04:00:00,4,Night,10,High
Nagpur,SEXUAL ASSAULT,2020,1,2020-10-23 12:00:00,12,Day,10,Medium
Faridabad,ASSAULT,2020,1,2020-10-23 15:00:00,15,Day,10,Low
Bangalore,ASSAULT,2020,1,2020-10-23 23:00:00,23,Night,10,High
Bangalore,KIDNAPPING,2020,1,2020-10-24 02:00:00,2,Night,10,High
Delhi,SEXUAL ASSAULT,2020,1,2020-10-24 14:00:00,14,Day,10,High
Ahmedabad,KIDNAPPING,2020,1,2020-10-25 02:00:00,2,Night,10,High
Pune,SEXUAL ASSAULT,2020,1,2020-10-25 06:00:00,6,Day,10,High
Faridabad,ASSAULT,2020,1,2020-10-26 00:00:00,0,Night,10,Low
Patna,SEXUAL ASSAULT,2020,1,2020-10-26 19:00:00,19,Night,10,Medium
Kolkata,KIDNAPPING,2020,1,2020-10-27 00:00:00,0,Night,10,High
Kolkata,SEXUAL ASSAULT,2020,1,2020-10-27 08:00:00,8,Day,10,High
Hyderabad,ASSAULT,2020,1,2020-10-27 22:00:00,22,Night,10,High
Bangalore,ASSAULT,2020,1,2020-10-28 04:00:00,4,Night,10,High
Delhi,KIDNAPPING,2020,1,2020-10-28 07:00:00,7,Day,10,High
Delhi,KIDNAPPING,2020,1,2020-10-28 18:00:00,18,Night,10,High
Delhi,KIDNAPPING,2020,1,2020-10-29 01:00:00,1,Night,10,High
Varanasi,ASSAULT,2020,1,2020-10-29 22:00:00,22,Night,10,Low
Lucknow,KIDNAPPING,2020,1,2020-10-30 12:00:00,12,Day,10,High
Hyderabad,KIDNAPPING,2020,1,2020-10-31 12:00:00,12,Day,10,High
Mumbai,KIDNAPPING,2020,1,2020-11-01 01:00:00,1,Night,11,High
Bangalore,KIDNAPPING,2020,1,2020-11-01 07:00:00,7,Day,11,High
Agra,KIDNAPPING,2020,1,2020-11-01 13:00:00,13,Day,11,Medium
Pune,KIDNAPPING,2020,1,2020-11-01 17:00:00,17,Day,11,High
Lucknow,KIDNAPPING,2020,1,2020-11-02 04:00:00,4,Night,11,High
Jaipur,KIDNAPPING,2020,1,2020-11-02 10:00:00,10,Day,11,High
Lucknow,KIDNAPPING,2020,1,2020-11-02 11:00:00,11,Day,11,High
Delhi,KIDNAPPING,2020,1,2020-11-02 22:00:00,22,Night,11,High
Surat,SEXUAL ASSAULT,2020,1,2020-11-04 09:00:00,9,Day,11,Medium
Mumbai,SEXUAL ASSAULT,2020,1,2020-11-05 05:00:00,5,Night,11,High
Delhi,KIDNAPPING,2020,1,2020-11-05 10:00:00,10,Day,11,High
Indore,KIDNAPPING,2020,1,2020-11-05 12:00:00,12,Day,11,Medium
Indore,KIDNAPPING,2020,1,2020-11-05 20:00:00,20,Night,11,Medium
Ahmedabad,SEXUAL ASSAULT,2020,1,2020-11-06 15:00:00,15,Day,11,High
Kolkata,SEXUAL ASSAULT,2020,1,2020-11-06 17:00:00,17,Day,11,High
Pune,ASSAULT,2020,1,2020-11-07 05:00:00,5,Night,11,High
Indore,SEXUAL ASSAULT,2020,1,2020-11-07 09:00:00,9,Day,11,Medium
Hyderabad,ASSAULT,2020,1,2020-11-07 10:00:00,10,Day,11,High
Pune,SEXUAL ASSAULT,2020,1,2020-11-07 14:00:00,14,Day,11,High
Hyderabad,ASSAULT,2020,1,2020-11-07 19:00:00,19,Night,11,High
Ghaziabad,KIDNAPPING,2020,1,2020-11-08 01:00:00,1,Night,11,Medium
Mumbai,KIDNAPPING,2020,1,2020-11-08 03:00:00,3,Night,11,High
Ghaziabad,KIDNAPPING,2020,1,2020-11-08 05:00:00,5,Night,11,Medium
Kanpur,SEXUAL ASSAULT,2020,1,2020-11-08 09:00:00,9,Day,11,Medium
Hyderabad,SEXUAL ASSAULT,2020,1,2020-11-08 10:00:00,10,Day,11,High
Bangalore,ASSAULT,2020,1,2020-11-08 11:00:00,11,Day,11,High
Ghaziabad,ASSAULT,2020,1,2020-11-08 20:00:00,20,Night,11,Medium
Delhi,ASSAULT,2020,1,2020-11-09 00:00:00,0,Night,11,High
Lucknow,ASSAULT,2020,1,2020-11-09 01:00:00,1,Night,11,High
Mumbai,SEXUAL ASSAULT,2020,1,2020-11-10 13:00:00,13,Day,11,High
Nashik,ASSAULT,2020,1,2020-11-11 05:00:00,5,Night,11,Low
Hyderabad,ASSAULT,2020,1,2020-11-11 20:00:00,20,Night,11,High
Jaipur,KIDNAPPING,2020,1,2020-11-12 07:00:00,7,Day,11,High
Kolkata,SEXUAL ASSAULT,2020,1,2020-11-12 11:00:00,11,Day,11,High
Lucknow,ASSAULT,2020,1,2020-11-12 14:00:00,14,Day,11,High
Hyderabad,KIDNAPPING,2020,1,2020-11-13 01:00:00,1,Night,11,High
Bangalore,KIDNAPPING,2020,1,2020-11-13 17:00:00,17,Day,11,High
Indore,SEXUAL ASSAULT,2020,1,2020-11-13 19:00:00,19,Night,11,Medium
Meerut,ASSAULT,2020,1,2020-11-14 01:00:00,1,Night,11,Low
Mumbai,KIDNAPPING,2020,1,2020-11-15 02:00:00,2,Night,11,High
Lucknow,KIDNAPPING,2020,1,2020-11-15 08:00:00,8,Day,11,High
Mumbai,SEXUAL ASSAULT,2020,1,2020-11-15 15:00:00,15,Day,11,High
Agra,ASSAULT,2020,1,2020-11-15 19:00:00,19,Night,11,Medium
Delhi,KIDNAPPING,2020,1,2020-11-16 23:00:00,23,Night,11,High
Jaipur,SEXUAL ASSAULT,2020,1,2020-11-17 01:00:00,1,Night,11,High
Bangalore,KIDNAPPING,2020,1,2020-11-17 06:00:00,6,Day,11,High
Kanpur,SEXUAL ASSAULT,2020,1,2020-11-17 13:00:00,13,Day,11,Medium
Jaipur,SEXUAL ASSAULT,2020,1,2020-11-17 16:00:00,16,Day,11,High
Hyderabad,ASSAULT,2020,1,2020-11-18 02:00:00,2,Night,11,High
Delhi,ASSAULT,2020,1,2020-11-18 10:00:00,10,Day,11,High
Faridabad,ASSAULT,2020,1,2020-11-18 16:00:00,16,Day,11,Low
Jaipur,KIDNAPPING,2020,1,2020-11-19 00:00:00,0,Night,11,High
Surat,SEXUAL ASSAULT,2020,1,2020-11-19 01:00:00,1,Night,11,Medium
Ludhiana,ASSAULT,2020,1,2020-11-19 11:00:00,11,Day,11,Medium
Hyderabad,KIDNAPPING,2020,1,2020-11-20 18:00:00,18,Night,11,High
Chennai,ASSAULT,2020,1,2020-11-21 02:00:00,2,Night,11,High
Ghaziabad,KIDNAPPING,2020,1,2020-11-21 11:00:00,11,Day,11,Medium
Delhi,ASSAULT,2020,1,2020-11-21 13:00:00,13,Day,11,High
Delhi,ASSAULT,2020,1,2020-11-21 17:00:00,17,Day,11,High
Thane,SEXUAL ASSAULT,2020,1,2020-11-22 06:00:00,6,Day,11,Low
Agra,ASSAULT,2020,1,2020-11-22 12:00:00,12,Day,11,Medium
Agra,ASSAULT,2020,1,2020-11-22 14:00:00,14,Day,11,Medium
Ludhiana,ASSAULT,2020,1,2020-11-23 09:00:00,9,Day,11,Medium
Chennai,SEXUAL ASSAULT,2020,1,2020-11-23 16:00:00,16,Day,11,High
Visakhapatnam,ASSAULT,2020,1,2020-11-24 02:00:00,2,Night,11,Low
Hyderabad,SEXUAL ASSAULT,2020,1,2020-11-24 22:00:00,22,Night,11,High
Ahmedabad,ASSAULT,2020,1,2020-11-25 00:00:00,0,Night,11,High
Srinagar,KIDNAPPING,2020,1,2020-11-26 05:00:00,5,Night,11,Low
Patna,KIDNAPPING,2020,1,2020-11-26 12:00:00,12,Day,11,Medium
Mumbai,KIDNAPPING,2020,1,2020-11-27 04:00:00,4,Night,11,High
Delhi,KIDNAPPING,2020,1,2020-11-27 12:00:00,12,Day,11,High
Pune,ASSAULT,2020,1,2020-11-28 09:00:00,9,Day,11,High
Surat,ASSAULT,2020,1,2020-11-28 10:00:00,10,Day,11,Medium
Mumbai,SEXUAL ASSAULT,2020,1,2020-11-29 00:00:00,0,Night,11,High
Delhi,ASSAULT,2020,1,2020-11-29 03:00:00,3,Night,11,High
Nagpur,ASSAULT,2020,1,2020-11-29 12:00:00,12,Day,11,Medium
Lucknow,ASSAULT,2020,1,2020-11-30 00:00:00,0,Night,11,High
Pune,ASSAULT,2020,1,2020-11-30 06:00:00,6,Day,11,High
Mumbai,SEXUAL ASSAULT,2020,1,2020-11-30 12:00:00,12,Day,11,High
Lucknow,ASSAULT,2020,1,2020-12-01 14:00:00,14,Day,12,High
Hyderabad,ASSAULT,2020,1,2020-12-03 22:00:00,22,Night,12,High
Hyderabad,KIDNAPPING,2020,1,2020-12-04 09:00:00,9,Day,12,High
Lucknow,KIDNAPPING,2020,1,2020-12-05 09:00:00,9,Day,12,High
Kolkata,KIDNAPPING,2020,1,2020-12-05 21:00:00,21,Night,12,High
Ahmedabad,KIDNAPPING,2020,1,2020-12-06 00:00:00,0,Night,12,High
Hyderabad,ASSAULT,2020,1,2020-12-06 02:00:00,2,Night,12,High
Kalyan,ASSAULT,2020,1,2020-12-06 03:00:00,3,Night,12,Low
Delhi,KIDNAPPING,2020,1,2020-12-06 05:00:00,5,Night,12,High
Delhi,KIDNAPPING,2020,1,2020-12-06 15:00:00,15,Day,12,High
Delhi,KIDNAPPING,2020,1,2020-12-06 17:00:00,17,Day,12,High
Bangalore,ASSAULT,2020,1,2020-12-08 04:00:00,4,Night,12,High
Hyderabad,ASSAULT,2020,1,2020-12-08 15:00:00,15,Day,12,High
Delhi,SEXUAL ASSAULT,2020,1,2020-12-08 18:00:00,18,Night,12,High
Hyderabad,SEXUAL ASSAULT,2020,1,2020-12-08 19:00:00,19,Night,12,High
Chennai,ASSAULT,2020,1,2020-12-08 20:00:00,20,Night,12,High
Mumbai,SEXUAL ASSAULT,2020,1,2020-12-09 16:00:00,16,Day,12,High
Pune,SEXUAL ASSAULT,2020,1,2020-12-09 21:00:00,21,Night,12,High
Hyderabad,ASSAULT,2020,1,2020-12-10 14:00:00,14,Day,12,High
Hyderabad,SEXUAL ASSAULT,2020,1,2020-12-11 00:00:00,0,Night,12,High
Delhi,ASSAULT,2020,1,2020-12-11 05:00:00,5,Night,12,High
Mumbai,SEXUAL ASSAULT,2020,1,2020-12-11 14:00:00,14,Day,12,High
Nagpur,KIDNAPPING,2020,1,2020-12-11 20:00:00,20,Night,12,Medium
Mumbai,SEXUAL ASSAULT,2020,1,2020-12-12 10:00:00,10,Day,12,High
Hyderabad,ASSAULT,2020,1,2020-12-12 14:00:00,14,Day,12,High
Kolkata,SEXUAL ASSAULT,2020,1,2020-12-12 20:00:00,20,Night,12,High
Kolkata,ASSAULT,2020,1,2020-12-13 22:00:00,22,Night,12,High
Kanpur,SEXUAL ASSAULT,2020,1,2020-12-14 11:00:00,11,Day,12,Medium
Indore,SEXUAL ASSAULT,2020,1,2020-12-15 02:00:00,2,Night,12,Medium
Delhi,KIDNAPPING,2020,1,2020-12-15 05:00:00,5,Night,12,High
Bangalore,KIDNAPPING,2020,1,2020-12-15 16:00:00,16,Day,12,High
Visakhapatnam,ASSAULT,2020,1,2020-12-15 23:00:00,23,Night,12,Low
Ghaziabad,KIDNAPPING,2020,1,2020-12-16 02:00:00,2,Night,12,Medium
Jaipur,KIDNAPPING,2020,1,2020-12-16 11:00:00,11,Day,12,High
Surat,KIDNAPPING,2020,1,2020-12-16 22:00:00,22,Night,12,Medium
Kalyan,SEXUAL ASSAULT,2020,1,2020-12-17 17:00:00,17,Day,12,Low
Delhi,SEXUAL ASSAULT,2020,1,2020-12-18 06:00:00,6,Day,12,High
Thane,ASSAULT,2020,1,2020-12-18 07:00:00,7,Day,12,Low
Delhi,KIDNAPPING,2020,1,2020-12-18 08:00:00,8,Day,12,High
Chennai,SEXUAL ASSAULT,2020,1,2020-12-18 21:00:00,21,Night,12,High
Hyderabad,ASSAULT,2020,1,2020-12-19 01:00:00,1,Night,12,High
Lucknow,SEXUAL ASSAULT,2020,1,2020-12-19 04:00:00,4,Night,12,High
Ahmedabad,SEXUAL ASSAULT,2020,1,2020-12-19 05:00:00,5,Night,12,High
Meerut,KIDNAPPING,2020,1,2020-12-19 21:00:00,21,Night,12,Low
Bangalore,KIDNAPPING,2020,1,2020-12-19 22:00:00,22,Night,12,High
Agra,ASSAULT,2020,1,2020-12-20 01:00:00,1,Night,12,Medium
Agra,ASSAULT,2020,1,2020-12-20 06:00:00,6,Day,12,Medium
Patna,SEXUAL ASSAULT,2020,1,2020-12-20 09:00:00,9,Day,12,Medium
Bhopal,ASSAULT,2020,1,2020-12-20 23:00:00,23,Night,12,Medium
Mumbai,SEXUAL ASSAULT,2020,1,2020-12-21 10:00:00,10,Day,12,High
Delhi,ASSAULT,2020,1,2020-12-21 12:00:00,12,Day,12,High
Ludhiana,SEXUAL ASSAULT,2020,1,2020-12-21 14:00:00,14,Day,12,Medium
Jaipur,ASSAULT,2020,1,2020-12-22 11:00:00,11,Day,12,High
Patna,ASSAULT,2020,1,2020-12-23 06:00:00,6,Day,12,Medium
Ghaziabad,KIDNAPPING,2020,1,2020-12-23 08:00:00,8,Day,12,Medium
Hyderabad,SEXUAL ASSAULT,2020,1,2020-12-23 09:00:00,9,Day,12,High
Kolkata,ASSAULT,2020,1,2020-12-23 10:00:00,10,Day,12,High
Delhi,SEXUAL ASSAULT,2020,1,2020-12-24 07:00:00,7,Day,12,High
Hyderabad,SEXUAL ASSAULT,2020,1,2020-12-24 18:00:00,18,Night,12,High
Delhi,SEXUAL ASSAULT,2020,1,2020-12-24 19:00:00,19,Night,12,High
Mumbai,ASSAULT,2020,1,2020-12-25 13:00:00,13,Day,12,High
Pune,SEXUAL ASSAULT,2020,1,2020-12-26 03:00:00,3,Night,12,High
Bangalore,ASSAULT,2020,1,2020-12-26 06:00:00,6,Day,12,High
Vasai,SEXUAL ASSAULT,2020,1,2020-12-26 20:00:00,20,Night,12,Low
Hyderabad,SEXUAL ASSAULT,2020,1,2020-12-27 00:00:00,0,Night,12,High
Faridabad,ASSAULT,2020,1,2020-12-27 19:00:00,19,Night,12,Low
Varanasi,KIDNAPPING,2020,1,2020-12-28 19:00:00,19,Night,12,Low
Delhi,ASSAULT,2020,1,2020-12-29 00:00:00,0,Night,12,High
Nagpur,SEXUAL ASSAULT,2020,1,2020-12-29 01:00:00,1,Night,12,Medium
Mumbai,ASSAULT,2020,1,2020-12-29 23:00:00,23,Night,12,High
Chennai,ASSAULT,2020,1,2020-12-30 18:00:00,18,Night,12,High
Ahmedabad,KIDNAPPING,2020,1,2020-12-31 00:00:00,0,Night,12,High
Hyderabad,KIDNAPPING,2020,1,2020-12-31 07:00:00,7,Day,12,High
Thane,KIDNAPPING,2021,1,2021-01-01 05:00:00,5,Night,1,Low
Ahmedabad,KIDNAPPING,2021,1,2021-01-01 11:00:00,11,Day,1,High
Hyderabad,SEXUAL ASSAULT,2021,1,2021-01-01 15:00:00,15,Day,1,High
Chennai,KIDNAPPING,2021,1,2021-01-02 04:00:00,4,Night,1,High
Chennai,KIDNAPPING,2021,1,2021-01-02 11:00:00,11,Day,1,High
Hyderabad,ASSAULT,2021,1,2021-01-03 04:00:00,4,Night,1,High
Kolkata,SEXUAL ASSAULT,2021,1,2021-01-03 06:00:00,6,Day,1,High
Mumbai,ASSAULT,2021,1,2021-01-03 09:00:00,9,Day,1,High
Ahmedabad,KIDNAPPING,2021,1,2021-01-03 15:00:00,15,Day,1,High
Patna,SEXUAL ASSAULT,2021,1,2021-01-03 17:00:00,17,Day,1,Medium
Ghaziabad,SEXUAL ASSAULT,2021,1,2021-01-04 19:00:00,19,Night,1,Medium
Patna,SEXUAL ASSAULT,2021,1,2021-01-04 23:00:00,23,Night,1,Medium
Patna,ASSAULT,2021,1,2021-01-05 02:00:00,2,Night,1,Medium
Bangalore,SEXUAL ASSAULT,2021,1,2021-01-05 15:00:00,15,Day,1,High
Hyderabad,KIDNAPPING,2021,1,2021-01-05 20:00:00,20,Night,1,High
Chennai,KIDNAPPING,2021,1,2021-01-06 03:00:00,3,Night,1,High
Meerut,SEXUAL ASSAULT,2021,1,2021-01-06 23:00:00,23,Night,1,Low
Rajkot,KIDNAPPING,2021,1,2021-01-07 08:00:00,8,Day,1,Low
Kolkata,SEXUAL ASSAULT,2021,1,2021-01-07 10:00:00,10,Day,1,High
Delhi,SEXUAL ASSAULT,2021,1,2021-01-07 17:00:00,17,Day,1,High
Nagpur,SEXUAL ASSAULT,2021,1,2021-01-07 23:00:00,23,Night,1,Medium
Bangalore,ASSAULT,2021,1,2021-01-08 03:00:00,3,Night,1,High
Lucknow,SEXUAL ASSAULT,2021,1,2021-01-08 07:00:00,7,Day,1,High
Hyderabad,ASSAULT,2021,1,2021-01-09 02:00:00,2,Night,1,High
Kolkata,KIDNAPPING,2021,1,2021-01-09 18:00:00,18,Night,1,High
Jaipur,KIDNAPPING,2021,1,2021-01-09 19:00:00,19,Night,1,High
Mumbai,KIDNAPPING,2021,1,2021-01-09 23:00:00,23,Night,1,High
Delhi,SEXUAL ASSAULT,2021,1,2021-01-10 06:00:00,6,Day,1,High
Ghaziabad,SEXUAL ASSAULT,2021,1,2021-01-10 16:00:00,16,Day,1,Medium
Pune,ASSAULT,2021,1,2021-01-10 21:00:00,21,Night,1,High
Nashik,SEXUAL ASSAULT,2021,1,2021-01-11 17:00:00,17,Day,1,Low
Nagpur,ASSAULT,2021,1,2021-01-11 19:00:00,19,Night,1,Medium
Jaipur,KIDNAPPING,2021,1,2021-01-11 21:00:00,21,Night,1,High
Chennai,KIDNAPPING,2021,1,2021-01-12 02:00:00,2,Night,1,High
Thane,SEXUAL ASSAULT,2021,1,2021-01-12 03:00:00,3,Night,1,Low
Bangalore,ASSAULT,2021,1,2021-01-12 04:00:00,4,Night,1,High
Delhi,KIDNAPPING,2021,1,2021-01-12 11:00:00,11,Day,1,High
Pune,ASSAULT,2021,1,2021-01-12 16:00:00,16,Day,1,High
Jaipur,KIDNAPPING,2021,1,2021-01-13 05:00:00,5,Night,1,High
Delhi,KIDNAPPING,2021,1,2021-01-14 01:00:00,1,Night,1,High
Delhi,ASSAULT,2021,1,2021-01-14 02:00:00,2,Night,1,High
Mumbai,ASSAULT,2021,1,2021-01-14 20:00:00,20,Night,1,High
Ludhiana,KIDNAPPING,2021,1,2021-01-15 19:00:00,19,Night,1,Medium
Ludhiana,SEXUAL ASSAULT,2021,1,2021-01-16 15:00:00,15,Day,1,Medium
Mumbai,SEXUAL ASSAULT,2021,1,2021-01-17 17:00:00,17,Day,1,High
Bhopal,SEXUAL ASSAULT,2021,1,2021-01-18 04:00:00,4,Night,1,Medium
Visakhapatnam,KIDNAPPING,2021,1,2021-01-18 15:00:00,15,Day,1,Low
Delhi,KIDNAPPING,2021,1,2021-01-19 02:00:00,2,Night,1,High
Nashik,SEXUAL ASSAULT,2021,1,2021-01-19 14:00:00,14,Day,1,Low
Mumbai,SEXUAL ASSAULT,2021,1,2021-01-19 22:00:00,22,Night,1,High
Pune,SEXUAL ASSAULT,2021,1,2021-01-20 09:00:00,9,Day,1,High
Kolkata,ASSAULT,2021,1,2021-01-21 20:00:00,20,Night,1,High
Patna,KIDNAPPING,2021,1,2021-01-22 11:00:00,11,Day,1,Medium
Rajkot,KIDNAPPING,2021,1,2021-01-22 19:00:00,19,Night,1,Low
Srinagar,SEXUAL ASSAULT,2021,1,2021-01-23 21:00:00,21,Night,1,Low
Lucknow,SEXUAL ASSAULT,2021,1,2021-01-24 18:00:00,18,Night,1,High
Mumbai,KIDNAPPING,2021,1,2021-01-25 02:00:00,2,Night,1,High
Delhi,KIDNAPPING,2021,1,2021-01-25 17:00:00,17,Day,1,High
Kanpur,ASSAULT,2021,1,2021-01-25 21:00:00,21,Night,1,Medium
Chennai,ASSAULT,2021,1,2021-01-26 00:00:00,0,Night,1,High
Ahmedabad,SEXUAL ASSAULT,2021,1,2021-01-26 05:00:00,5,Night,1,High
Kalyan,SEXUAL ASSAULT,2021,1,2021-01-26 17:00:00,17,Day,1,Low
Delhi,ASSAULT,2021,1,2021-01-26 19:00:00,19,Night,1,High
Hyderabad,ASSAULT,2021,1,2021-01-26 21:00:00,21,Night,1,High
Delhi,SEXUAL ASSAULT,2021,1,2021-01-27 07:00:00,7,Day,1,High
Lucknow,ASSAULT,2021,1,2021-01-27 21:00:00,21,Night,1,High
Delhi,SEXUAL ASSAULT,2021,1,2021-01-29 07:00:00,7,Day,1,High
Nagpur,ASSAULT,2021,1,2021-01-29 13:00:00,13,Day,1,Medium
Chennai,SEXUAL ASSAULT,2021,1,2021-01-30 02:00:00,2,Night,1,High
Visakhapatnam,KIDNAPPING,2021,1,2021-01-30 15:00:00,15,Day,1,Low
Vasai,ASSAULT,2021,1,2021-01-30 21:00:00,21,Night,1,Low
Hyderabad,SEXUAL ASSAULT,2021,1,2021-01-31 08:00:00,8,Day,1,High
Kolkata,SEXUAL ASSAULT,2021,1,2021-01-31 11:00:00,11,Day,1,High
Bangalore,ASSAULT,2021,1,2021-02-01 07:00:00,7,Day,2,High
Kolkata,ASSAULT,2021,1,2021-02-01 14:00:00,14,Day,2,High
Surat,SEXUAL ASSAULT,2021,1,2021-02-01 22:00:00,22,Night,2,Medium
Kolkata,KIDNAPPING,2021,1,2021-02-02 03:00:00,3,Night,2,High
Ahmedabad,KIDNAPPING,2021,1,2021-02-02 23:00:00,23,Night,2,High
Mumbai,KIDNAPPING,2021,1,2021-02-03 11:00:00,11,Day,2,High
Vasai,SEXUAL ASSAULT,2021,1,2021-02-04 09:00:00,9,Day,2,Low
Kolkata,ASSAULT,2021,1,2021-02-04 16:00:00,16,Day,2,High
Delhi,SEXUAL ASSAULT,2021,1,2021-02-04 18:00:00,18,Night,2,High
Visakhapatnam,SEXUAL ASSAULT,2021,1,2021-02-05 07:00:00,7,Day,2,Low
Surat,SEXUAL ASSAULT,2021,1,2021-02-05 08:00:00,8,Day,2,Medium
Kanpur,SEXUAL ASSAULT,2021,1,2021-02-05 18:00:00,18,Night,2,Medium
Lucknow,KIDNAPPING,2021,1,2021-02-06 11:00:00,11,Day,2,High
Mumbai,KIDNAPPING,2021,1,2021-02-06 16:00:00,16,Day,2,High
Hyderabad,SEXUAL ASSAULT,2021,1,2021-02-06 17:00:00,17,Day,2,High
Delhi,ASSAULT,2021,1,2021-02-06 20:00:00,20,Night,2,High
Kolkata,KIDNAPPING,2021,1,2021-02-07 19:00:00,19,Night,2,High
Mumbai,KIDNAPPING,2021,1,2021-02-08 09:00:00,9,Day,2,High
Hyderabad,SEXUAL ASSAULT,2021,1,2021-02-09 05:00:00,5,Night,2,High
Jaipur,ASSAULT,2021,1,2021-02-09 12:00:00,12,Day,2,High
Mumbai,KIDNAPPING,2021,1,2021-02-09 14:00:00,14,Day,2,High
Mumbai,SEXUAL ASSAULT,2021,1,2021-02-09 18:00:00,18,Night,2,High
Hyderabad,SEXUAL ASSAULT,2021,1,2021-02-09 19:00:00,19,Night,2,High
Mumbai,ASSAULT,2021,1,2021-02-09 20:00:00,20,Night,2,High
Agra,ASSAULT,2021,1,2021-02-09 21:00:00,21,Night,2,Medium
Delhi,ASSAULT,2021,1,2021-02-10 02:00:00,2,Night,2,High
Hyderabad,ASSAULT,2021,1,2021-02-10 06:00:00,6,Day,2,High
Delhi,ASSAULT,2021,1,2021-02-11 02:00:00,2,Night,2,High
Chennai,SEXUAL ASSAULT,2021,1,2021-02-11 08:00:00,8,Day,2,High
Mumbai,SEXUAL ASSAULT,2021,1,2021-02-11 13:00:00,13,Day,2,High
Jaipur,SEXUAL ASSAULT,2021,1,2021-02-11 18:00:00,18,Night,2,High
Nashik,SEXUAL ASSAULT,2021,1,2021-02-11 20:00:00,20,Night,2,Low
Bangalore,KIDNAPPING,2021,1,2021-02-11 21:00:00,21,Night,2,High
Chennai,SEXUAL ASSAULT,2021,1,2021-02-12 07:00:00,7,Day,2,High
Chennai,ASSAULT,2021,1,2021-02-12 09:00:00,9,Day,2,High
Delhi,KIDNAPPING,2021,1,2021-02-12 15:00:00,15,Day,2,High
Mumbai,KIDNAPPING,2021,1,2021-02-13 19:00:00,19,Night,2,High
Mumbai,ASSAULT,2021,1,2021-02-14 00:00:00,0,Night,2,High
Lucknow,ASSAULT,2021,1,2021-02-14 12:00:00,12,Day,2,High
Delhi,ASSAULT,2021,1,2021-02-14 15:00:00,15,Day,2,High
Kolkata,KIDNAPPING,2021,1,2021-02-15 02:00:00,2,Night,2,High
Meerut,ASSAULT,2021,1,2021-02-15 19:00:00,19,Night,2,Low
Mumbai,KIDNAPPING,2021,1,2021-02-16 05:00:00,5,Night,2,High
Jaipur,ASSAULT,2021,1,2021-02-16 07:00:00,7,Day,2,High
Ahmedabad,SEXUAL ASSAULT,2021,1,2021-02-18 10:00:00,10,Day,2,High
Mumbai,KIDNAPPING,2021,1,2021-02-18 16:00:00,16,Day,2,High
Mumbai,KIDNAPPING,2021,1,2021-02-18 19:00:00,19,Night,2,High
Surat,ASSAULT,2021,1,2021-02-18 21:00:00,21,Night,2,Medium
Visakhapatnam,SEXUAL ASSAULT,2021,1,2021-02-18 22:00:00,22,Night,2,Low
Delhi,SEXUAL ASSAULT,2021,1,2021-02-19 05:00:00,5,Night,2,High
Delhi,SEXUAL ASSAULT,2021,1,2021-02-19 18:00:00,18,Night,2,High
Chennai,SEXUAL ASSAULT,2021,1,2021-02-20 00:00:00,0,Night,2,High
Kolkata,ASSAULT,2021,1,2021-02-20 07:00:00,7,Day,2,High
Bangalore,ASSAULT,2021,1,2021-02-20 15:00:00,15,Day,2,High
Bangalore,KIDNAPPING,2021,1,2021-02-22 12:00:00,12,Day,2,High
Delhi,KIDNAPPING,2021,1,2021-02-22 18:00:00,18,Night,2,High
Delhi,ASSAULT,2021,1,2021-02-22 22:00:00,22,Night,2,High
Nashik,ASSAULT,2021,1,2021-02-23 05:00:00,5,Night,2,Low
Mumbai,SEXUAL ASSAULT,2021,1,2021-02-24 03:00:00,3,Night,2,High
Chennai,SEXUAL ASSAULT,2021,1,2021-02-24 09:00:00,9,Day,2,High
Hyderabad,KIDNAPPING,2021,1,2021-02-24 21:00:00,21,Night,2,High
Hyderabad,KIDNAPPING,2021,1,2021-02-25 07:00:00,7,Day,2,High
Pune,KIDNAPPING,2021,1,2021-02-25 12:00:00,12,Day,2,High
Pune,SEXUAL ASSAULT,2021,1,2021-02-25 13:00:00,13,Day,2,High
Kolkata,ASSAULT,2021,1,2021-02-26 11:00:00,11,Day,2,High
Thane,KIDNAPPING,2021,1,2021-02-27 23:00:00,23,Night,2,Low
Jaipur,KIDNAPPING,2021,1,2021-02-28 01:00:00,1,Night,2,High
Mumbai,KIDNAPPING,2021,1,2021-02-28 13:00:00,13,Day,2,High
Kolkata,ASSAULT,2021,1,2021-03-01 01:00:00,1,Night,3,High
Jaipur,SEXUAL ASSAULT,2021,1,2021-03-01 12:00:00,12,Day,3,High
Bhopal,SEXUAL ASSAULT,2021,1,2021-03-01 15:00:00,15,Day,3,Medium
Chennai,ASSAULT,2021,1,2021-03-01 17:00:00,17,Day,3,High
Kanpur,SEXUAL ASSAULT,2021,1,2021-03-01 20:00:00,20,Night,3,Medium
Chennai,SEXUAL ASSAULT,2021,1,2021-03-02 07:00:00,7,Day,3,High
Chennai,SEXUAL ASSAULT,2021,1,2021-03-02 16:00:00,16,Day,3,High
Nagpur,ASSAULT,2021,1,2021-03-02 23:00:00,23,Night,3,Medium
Lucknow,ASSAULT,2021,1,2021-03-03 03:00:00,3,Night,3,High
Lucknow,KIDNAPPING,2021,1,2021-03-04 04:00:00,4,Night,3,High
Hyderabad,ASSAULT,2021,1,2021-03-04 08:00:00,8,Day,3,High
Ahmedabad,KIDNAPPING,2021,1,2021-03-04 20:00:00,20,Night,3,High
Visakhapatnam,KIDNAPPING,2021,1,2021-03-05 08:00:00,8,Day,3,Low
Surat,SEXUAL ASSAULT,2021,1,2021-03-05 17:00:00,17,Day,3,Medium
Thane,KIDNAPPING,2021,1,2021-03-06 03:00:00,3,Night,3,Low
Bangalore,KIDNAPPING,2021,1,2021-03-06 04:00:00,4,Night,3,High
Bangalore,ASSAULT,2021,1,2021-03-06 09:00:00,9,Day,3,High
Lucknow,KIDNAPPING,2021,1,2021-03-06 12:00:00,12,Day,3,High
Delhi,KIDNAPPING,2021,1,2021-03-06 16:00:00,16,Day,3,High
Jaipur,SEXUAL ASSAULT,2021,1,2021-03-06 22:00:00,22,Night,3,High
Patna,SEXUAL ASSAULT,2021,1,2021-03-07 03:00:00,3,Night,3,Medium
Bangalore,SEXUAL ASSAULT,2021,1,2021-03-07 17:00:00,17,Day,3,High
Delhi,ASSAULT,2021,1,2021-03-07 21:00:00,21,Night,3,High
Vasai,SEXUAL ASSAULT,2021,1,2021-03-07 22:00:00,22,Night,3,Low
Bangalore,KIDNAPPING,2021,1,2021-03-08 11:00:00,11,Day,3,High
Srinagar,ASSAULT,2021,1,2021-03-08 12:00:00,12,Day,3,Low
Delhi,ASSAULT,2021,1,2021-03-09 00:00:00,0,Night,3,High
Delhi,ASSAULT,2021,1,2021-03-09 01:00:00,1,Night,3,High
Chennai,KIDNAPPING,2021,1,2021-03-09 15:00:00,15,Day,3,High
Hyderabad,SEXUAL ASSAULT,2021,1,2021-03-10 00:00:00,0,Night,3,High
Kolkata,SEXUAL ASSAULT,2021,1,2021-03-10 05:00:00,5,Night,3,High
Kanpur,KIDNAPPING,2021,1,2021-03-10 14:00:00,14,Day,3,Medium
Kanpur,KIDNAPPING,2021,1,2021-03-11 01:00:00,1,Night,3,Medium
Kolkata,ASSAULT,2021,1,2021-03-11 14:00:00,14,Day,3,High
Pune,ASSAULT,2021,1,2021-03-12 11:00:00,11,Day,3,High
Bangalore,SEXUAL ASSAULT,2021,1,2021-03-12 19:00:00,19,Night,3,High
Kolkata,ASSAULT,2021,1,2021-03-13 19:00:00,19,Night,3,High
Delhi,KIDNAPPING,2021,1,2021-03-14 16:00:00,16,Day,3,High
Mumbai,ASSAULT,2021,1,2021-03-14 22:00:00,22,Night,3,High
Jaipur,KIDNAPPING,2021,1,2021-03-16 03:00:00,3,Night,3,High
Surat,ASSAULT,2021,1,2021-03-16 04:00:00,4,Night,3,Medium
Surat,KIDNAPPING,2021,1,2021-03-16 12:00:00,12,Day,3,Medium
Ahmedabad,SEXUAL ASSAULT,2021,1,2021-03-16 19:00:00,19,Night,3,High
Kolkata,KIDNAPPING,2021,1,2021-03-17 10:00:00,10,Day,3,High
Indore,KIDNAPPING,2021,1,2021-03-18 04:00:00,4,Night,3,Medium
Surat,KIDNAPPING,2021,1,2021-03-18 14:00:00,14,Day,3,Medium
Nashik,SEXUAL ASSAULT,2021,1,2021-03-18 20:00:00,20,Night,3,Low
Hyderabad,ASSAULT,2021,1,2021-03-18 21:00:00,21,Night,3,High
Kanpur,SEXUAL ASSAULT,2021,1,2021-03-18 22:00:00,22,Night,3,Medium
Pune,KIDNAPPING,2021,1,2021-03-19 08:00:00,8,Day,3,High
Hyderabad,ASSAULT,2021,1,2021-03-19 11:00:00,11,Day,3,High
Ahmedabad,KIDNAPPING,2021,1,2021-03-19 18:00:00,18,Night,3,High
Lucknow,KIDNAPPING,2021,1,2021-03-20 03:00:00,3,Night,3,High
Ghaziabad,KIDNAPPING,2021,1,2021-03-20 13:00:00,13,Day,3,Medium
Delhi,KIDNAPPING,2021,1,2021-03-20 16:00:00,16,Day,3,High
Varanasi,ASSAULT,2021,1,2021-03-21 04:00:00,4,Night,3,Low
Kanpur,ASSAULT,2021,1,2021-03-21 17:00:00,17,Day,3,Medium
Chennai,KIDNAPPING,2021,1,2021-03-21 18:00:00,18,Night,3,High
Pune,KIDNAPPING,2021,1,2021-03-22 22:00:00,22,Night,3,High
Hyderabad,KIDNAPPING,2021,1,2021-03-23 06:00:00,6,Day,3,High
Chennai,KIDNAPPING,2021,1,2021-03-23 17:00:00,17,Day,3,High
Lucknow,ASSAULT,2021,1,2021-03-23 21:00:00,21,Night,3,High
Pune,ASSAULT,2021,1,2021-03-25 14:00:00,14,Day,3,High
Delhi,SEXUAL ASSAULT,2021,1,2021-03-26 15:00:00,15,Day,3,High
Jaipur,SEXUAL ASSAULT,2021,1,2021-03-27 04:00:00,4,Night,3,High
Kalyan,ASSAULT,2021,1,2021-03-27 09:00:00,9,Day,3,Low
Chennai,SEXUAL ASSAULT,2021,1,2021-03-27 18:00:00,18,Night,3,High
Delhi,SEXUAL ASSAULT,2021,1,2021-03-28 22:00:00,22,Night,3,High
Indore,SEXUAL ASSAULT,2021,1,2021-03-29 07:00:00,7,Day,3,Medium
Pune,KIDNAPPING,2021,1,2021-03-31 02:00:00,2,Night,3,High
Bangalore,ASSAULT,2021,1,2021-03-31 08:00:00,8,Day,3,High
Delhi,ASSAULT,2021,1,2021-04-01 00:00:00,0,Night,4,High
Pune,SEXUAL ASSAULT,2021,1,2021-04-01 07:00:00,7,Day,4,High
Srinagar,KIDNAPPING,2021,1,2021-04-01 18:00:00,18,Night,4,Low
Delhi,ASSAULT,2021,1,2021-04-03 04:00:00,4,Night,4,High
Chennai,KIDNAPPING,2021,1,2021-04-03 08:00:00,8,Day,4,High
Kanpur,ASSAULT,2021,1,2021-04-03 18:00:00,18,Night,4,Medium
Indore,KIDNAPPING,2021,1,2021-04-04 06:00:00,6,Day,4,Medium
Mumbai,ASSAULT,2021,1,2021-04-04 13:00:00,13,Day,4,High
Bangalore,SEXUAL ASSAULT,2021,1,2021-04-04 22:00:00,22,Night,4,High
Pune,KIDNAPPING,2021,1,2021-04-05 09:00:00,9,Day,4,High
Kolkata,SEXUAL ASSAULT,2021,1,2021-04-05 20:00:00,20,Night,4,High
Patna,ASSAULT,2021,1,2021-04-06 04:00:00,4,Night,4,Medium
Bangalore,KIDNAPPING,2021,1,2021-04-06 09:00:00,9,Day,4,High
Jaipur,SEXUAL ASSAULT,2021,1,2021-04-07 10:00:00,10,Day,4,High
Kanpur,SEXUAL ASSAULT,2021,1,2021-04-08 14:00:00,14,Day,4,Medium
Srinagar,SEXUAL ASSAULT,2021,1,2021-04-08 23:00:00,23,Night,4,Low
Agra,ASSAULT,2021,1,2021-04-09 01:00:00,1,Night,4,Medium
Delhi,KIDNAPPING,2021,1,2021-04-09 08:00:00,8,Day,4,High
Bangalore,ASSAULT,2021,1,2021-04-09 18:00:00,18,Night,4,High
Delhi,SEXUAL ASSAULT,2021,1,2021-04-10 00:00:00,0,Night,4,High
Bangalore,ASSAULT,2021,1,2021-04-10 07:00:00,7,Day,4,High
Agra,ASSAULT,2021,1,2021-04-10 21:00:00,21,Night,4,Medium
Mumbai,ASSAULT,2021,1,2021-04-11 01:00:00,1,Night,4,High
Hyderabad,SEXUAL ASSAULT,2021,1,2021-04-11 03:00:00,3,Night,4,High
Bangalore,ASSAULT,2021,1,2021-04-11 09:00:00,9,Day,4,High
Delhi,KIDNAPPING,2021,1,2021-04-11 11:00:00,11,Day,4,High
Chennai,ASSAULT,2021,1,2021-04-13 05:00:00,5,Night,4,High
Mumbai,SEXUAL ASSAULT,2021,1,2021-04-13 13:00:00,13,Day,4,High
Meerut,SEXUAL ASSAULT,2021,1,2021-04-14 10:00:00,10,Day,4,Low
Ahmedabad,KIDNAPPING,2021,1,2021-04-14 21:00:00,21,Night,4,High
Kolkata,KIDNAPPING,2021,1,2021-04-14 23:00:00,23,Night,4,High
Bangalore,KIDNAPPING,2021,1,2021-04-15 07:00:00,7,Day,4,High
Agra,KIDNAPPING,2021,1,2021-04-15 21:00:00,21,Night,4,Medium
Mumbai,KIDNAPPING,2021,1,2021-04-16 01:00:00,1,Night,4,High
Lucknow,KIDNAPPING,2021,1,2021-04-16 07:00:00,7,Day,4,High
Hyderabad,ASSAULT,2021,1,2021-04-16 21:00:00,21,Night,4,High
Mumbai,SEXUAL ASSAULT,2021,1,2021-04-17 09:00:00,9,Day,4,High
Kolkata,SEXUAL ASSAULT,2021,1,2021-04-17 15:00:00,15,Day,4,High
Patna,SEXUAL ASSAULT,2021,1,2021-04-17 17:00:00,17,Day,4,Medium
Mumbai,ASSAULT,2021,1,2021-04-17 20:00:00,20,Night,4,High
Patna,SEXUAL ASSAULT,2021,1,2021-04-18 01:00:00,1,Night,4,Medium
Pune,ASSAULT,2021,1,2021-04-19 03:00:00,3,Night,4,High
Mumbai,KIDNAPPING,2021,1,2021-04-19 15:00:00,15,Day,4,High
Delhi,ASSAULT,2021,1,2021-04-20 00:00:00,0,Night,4,High
Bangalore,SEXUAL ASSAULT,2021,1,2021-04-20 03:00:00,3,Night,4,High
Surat,SEXUAL ASSAULT,2021,1,2021-04-21 13:00:00,13,Day,4,Medium
Chennai,SEXUAL ASSAULT,2021,1,2021-04-21 18:00:00,18,Night,4,High
Bangalore,SEXUAL ASSAULT,2021,1,2021-04-21 19:00:00,19,Night,4,High
Chennai,SEXUAL ASSAULT,2021,1,2021-04-21 21:00:00,21,Night,4,High
Delhi,SEXUAL ASSAULT,2021,1,2021-04-23 06:00:00,6,Day,4,High
Delhi,SEXUAL ASSAULT,2021,1,2021-04-23 07:00:00,7,Day,4,High
Chennai,KIDNAPPING,2021,1,2021-04-23 11:00:00,11,Day,4,High
Surat,ASSAULT,2021,1,2021-04-23 22:00:00,22,Night,4,Medium
Hyderabad,ASSAULT,2021,1,2021-04-24 15:00:00,15,Day,4,High
Lucknow,ASSAULT,2021,1,2021-04-24 16:00:00,16,Day,4,High
Nagpur,SEXUAL ASSAULT,2021,1,2021-04-25 02:00:00,2,Night,4,Medium
Jaipur,ASSAULT,2021,1,2021-04-26 06:00:00,6,Day,4,High
Kolkata,ASSAULT,2021,1,2021-04-26 07:00:00,7,Day,4,High
Visakhapatnam,KIDNAPPING,2021,1,2021-04-27 10:00:00,10,Day,4,Low
Chennai,KIDNAPPING,2021,1,2021-04-27 14:00:00,14,Day,4,High
Delhi,ASSAULT,2021,1,2021-04-27 16:00:00,16,Day,4,High
Kanpur,KIDNAPPING,2021,1,2021-04-27 17:00:00,17,Day,4,Medium
Pune,SEXUAL ASSAULT,2021,1,2021-04-28 01:00:00,1,Night,4,High
Ghaziabad,SEXUAL ASSAULT,2021,1,2021-04-28 04:00:00,4,Night,4,Medium
Bangalore,ASSAULT,2021,1,2021-04-28 11:00:00,11,Day,4,High
Mumbai,KIDNAPPING,2021,1,2021-04-28 16:00:00,16,Day,4,High
Delhi,SEXUAL ASSAULT,2021,1,2021-04-29 13:00:00,13,Day,4,High
Nagpur,ASSAULT,2021,1,2021-04-29 16:00:00,16,Day,4,Medium
Ahmedabad,KIDNAPPING,2021,1,2021-04-30 00:00:00,0,Night,4,High
Mumbai,KIDNAPPING,2021,1,2021-04-30 06:00:00,6,Day,4,High
Ahmedabad,KIDNAPPING,2021,1,2021-04-30 15:00:00,15,Day,4,High
Lucknow,SEXUAL ASSAULT,2021,1,2021-04-30 19:00:00,19,Night,4,High
Hyderabad,SEXUAL ASSAULT,2021,1,2021-04-30 21:00:00,21,Night,4,High
Delhi,ASSAULT,2021,1,2021-05-01 21:00:00,21,Night,5,High
Bangalore,KIDNAPPING,2021,1,2021-05-02 03:00:00,3,Night,5,High
Kalyan,SEXUAL ASSAULT,2021,1,2021-05-02 05:00:00,5,Night,5,Low
Kolkata,KIDNAPPING,2021,1,2021-05-02 09:00:00,9,Day,5,High
Mumbai,KIDNAPPING,2021,1,2021-05-03 12:00:00,12,Day,5,High
Agra,KIDNAPPING,2021,1,2021-05-04 22:00:00,22,Night,5,Medium
Jaipur,KIDNAPPING,2021,1,2021-05-05 01:00:00,1,Night,5,High
Delhi,KIDNAPPING,2021,1,2021-05-05 13:00:00,13,Day,5,High
Nagpur,ASSAULT,2021,1,2021-05-06 13:00:00,13,Day,5,Medium
Chennai,KIDNAPPING,2021,1,2021-05-07 18:00:00,18,Night,5,High
Mumbai,ASSAULT,2021,1,2021-05-08 02:00:00,2,Night,5,High
Bangalore,ASSAULT,2021,1,2021-05-08 05:00:00,5,Night,5,High
Pune,KIDNAPPING,2021,1,2021-05-08 06:00:00,6,Day,5,High
Mumbai,ASSAULT,2021,1,2021-05-08 10:00:00,10,Day,5,High
Vasai,SEXUAL ASSAULT,2021,1,2021-05-08 15:00:00,15,Day,5,Low
Delhi,ASSAULT,2021,1,2021-05-08 22:00:00,22,Night,5,High
Hyderabad,SEXUAL ASSAULT,2021,1,2021-05-09 01:00:00,1,Night,5,High
Pune,KIDNAPPING,2021,1,2021-05-09 19:00:00,19,Night,5,High
Mumbai,SEXUAL ASSAULT,2021,1,2021-05-09 20:00:00,20,Night,5,High
Pune,SEXUAL ASSAULT,2021,1,2021-05-10 05:00:00,5,Night,5,High
Bangalore,ASSAULT,2021,1,2021-05-10 08:00:00,8,Day,5,High
Bangalore,ASSAULT,2021,1,2021-05-10 15:00:00,15,Day,5,High
Nashik,KIDNAPPING,2021,1,2021-05-11 06:00:00,6,Day,5,Low
Nagpur,ASSAULT,2021,1,2021-05-11 19:00:00,19,Night,5,Medium
Patna,ASSAULT,2021,1,2021-05-11 20:00:00,20,Night,5,Medium
Surat,ASSAULT,2021,1,2021-05-12 05:00:00,5,Night,5,Medium
Mumbai,ASSAULT,2021,1,2021-05-12 09:00:00,9,Day,5,High
Mumbai,SEXUAL ASSAULT,2021,1,2021-05-12 11:00:00,11,Day,5,High
Delhi,SEXUAL ASSAULT,2021,1,2021-05-12 16:00:00,16,Day,5,High
Mumbai,KIDNAPPING,2021,1,2021-05-13 05:00:00,5,Night,5,High
Delhi,ASSAULT,2021,1,2021-05-13 12:00:00,12,Day,5,High
Pune,KIDNAPPING,2021,1,2021-05-13 15:00:00,15,Day,5,High
Kolkata,SEXUAL ASSAULT,2021,1,2021-05-14 00:00:00,0,Night,5,High
Ahmedabad,KIDNAPPING,2021,1,2021-05-14 07:00:00,7,Day,5,High
Lucknow,SEXUAL ASSAULT,2021,1,2021-05-15 03:00:00,3,Night,5,High
Pune,KIDNAPPING,2021,1,2021-05-16 15:00:00,15,Day,5,High
Thane,KIDNAPPING,2021,1,2021-05-16 19:00:00,19,Night,5,Low
Mumbai,KIDNAPPING,2021,1,2021-05-17 14:00:00,14,Day,5,High
Delhi,ASSAULT,2021,1,2021-05-17 18:00:00,18,Night,5,High
Mumbai,KIDNAPPING,2021,1,2021-05-17 22:00:00,22,Night,5,High
Delhi,KIDNAPPING,2021,1,2021-05-18 00:00:00,0,Night,5,High
Kalyan,ASSAULT,2021,1,2021-05-18 12:00:00,12,Day,5,Low
Mumbai,SEXUAL ASSAULT,2021,1,2021-05-18 17:00:00,17,Day,5,High
Ahmedabad,SEXUAL ASSAULT,2021,1,2021-05-20 04:00:00,4,Night,5,High
Pune,KIDNAPPING,2021,1,2021-05-20 05:00:00,5,Night,5,High
Delhi,SEXUAL ASSAULT,2021,1,2021-05-20 20:00:00,20,Night,5,High
Hyderabad,KIDNAPPING,2021,1,2021-05-20 23:00:00,23,Night,5,High
Thane,KIDNAPPING,2021,1,2021-05-23 14:00:00,14,Day,5,Low
Delhi,SEXUAL ASSAULT,2021,1,2021-05-24 07:00:00,7,Day,5,High
Jaipur,KIDNAPPING,2021,1,2021-05-24 16:00:00,16,Day,5,High
Delhi,SEXUAL ASSAULT,2021,1,2021-05-24 22:00:00,22,Night,5,High
Mumbai,SEXUAL ASSAULT,2021,1,2021-05-25 22:00:00,22,Night,5,High
Hyderabad,SEXUAL ASSAULT,2021,1,2021-05-26 04:00:00,4,Night,5,High
Delhi,KIDNAPPING,2021,1,2021-05-26 07:00:00,7,Day,5,High
Agra,KIDNAPPING,2021,1,2021-05-26 08:00:00,8,Day,5,Medium
Delhi,ASSAULT,2021,1,2021-05-26 20:00:00,20,Night,5,High
Ludhiana,KIDNAPPING,2021,1,2021-05-26 21:00:00,21,Night,5,Medium
Ghaziabad,KIDNAPPING,2021,1,2021-05-27 16:00:00,16,Day,5,Medium
Ahmedabad,ASSAULT,2021,1,2021-05-28 04:00:00,4,Night,5,High
Ahmedabad,KIDNAPPING,2021,1,2021-05-28 05:00:00,5,Night,5,High
Delhi,SEXUAL ASSAULT,2021,1,2021-05-28 07:00:00,7,Day,5,High
Lucknow,ASSAULT,2021,1,2021-05-28 14:00:00,14,Day,5,High
Pune,KIDNAPPING,2021,1,2021-05-29 12:00:00,12,Day,5,High
Bangalore,SEXUAL ASSAULT,2021,1,2021-05-29 14:00:00,14,Day,5,High
Delhi,KIDNAPPING,2021,1,2021-05-29 18:00:00,18,Night,5,High
Chennai,ASSAULT,2021,1,2021-05-30 00:00:00,0,Night,5,High
Surat,SEXUAL ASSAULT,2021,1,2021-05-30 15:00:00,15,Day,5,Medium
Srinagar,SEXUAL ASSAULT,2021,1,2021-05-30 18:00:00,18,Night,5,Low
Delhi,SEXUAL ASSAULT,2021,1,2021-05-31 19:00:00,19,Night,5,High
Kolkata,KIDNAPPING,2021,1,2021-05-31 21:00:00,21,Night,5,High
Mumbai,SEXUAL ASSAULT,2021,1,2021-06-01 10:00:00,10,Day,6,High
Ludhiana,SEXUAL ASSAULT,2021,1,2021-06-02 06:00:00,6,Day,6,Medium
Pune,KIDNAPPING,2021,1,2021-06-02 17:00:00,17,Day,6,High
Kanpur,ASSAULT,2021,1,2021-06-02 20:00:00,20,Night,6,Medium
Lucknow,ASSAULT,2021,1,2021-06-02 23:00:00,23,Night,6,High
Srinagar,KIDNAPPING,2021,1,2021-06-03 11:00:00,11,Day,6,Low
Ahmedabad,SEXUAL ASSAULT,2021,1,2021-06-03 13:00:00,13,Day,6,High
Nagpur,SEXUAL ASSAULT,2021,1,2021-06-04 10:00:00,10,Day,6,Medium
Bangalore,ASSAULT,2021,1,2021-06-05 00:00:00,0,Night,6,High
Surat,SEXUAL ASSAULT,2021,1,2021-06-05 05:00:00,5,Night,6,Medium
Hyderabad,KIDNAPPING,2021,1,2021-06-05 08:00:00,8,Day,6,High
Mumbai,KIDNAPPING,2021,1,2021-06-05 14:00:00,14,Day,6,High
Lucknow,ASSAULT,2021,1,2021-06-05 23:00:00,23,Night,6,High
Delhi,ASSAULT,2021,1,2021-06-06 18:00:00,18,Night,6,High
Mumbai,KIDNAPPING,2021,1,2021-06-07 01:00:00,1,Night,6,High
Delhi,SEXUAL ASSAULT,2021,1,2021-06-07 02:00:00,2,Night,6,High
Mumbai,SEXUAL ASSAULT,2021,1,2021-06-07 18:00:00,18,Night,6,High
Jaipur,SEXUAL ASSAULT,2021,1,2021-06-08 20:00:00,20,Night,6,High
Bangalore,ASSAULT,2021,1,2021-06-10 15:00:00,15,Day,6,High
Bangalore,ASSAULT,2021,1,2021-06-10 16:00:00,16,Day,6,High
Kolkata,KIDNAPPING,2021,1,2021-06-10 20:00:00,20,Night,6,High
Delhi,SEXUAL ASSAULT,2021,1,2021-06-11 00:00:00,0,Night,6,High
Jaipur,KIDNAPPING,2021,1,2021-06-11 04:00:00,4,Night,6,High
Kanpur,KIDNAPPING,2021,1,2021-06-11 22:00:00,22,Night,6,Medium
Mumbai,SEXUAL ASSAULT,2021,1,2021-06-12 00:00:00,0,Night,6,High
Lucknow,KIDNAPPING,2021,1,2021-06-12 10:00:00,10,Day,6,High
Hyderabad,KIDNAPPING,2021,1,2021-06-12 20:00:00,20,Night,6,High
Nagpur,SEXUAL ASSAULT,2021,1,2021-06-13 11:00:00,11,Day,6,Medium
Delhi,KIDNAPPING,2021,1,2021-06-13 16:00:00,16,Day,6,High
Mumbai,SEXUAL ASSAULT,2021,1,2021-06-13 21:00:00,21,Night,6,High
Bangalore,SEXUAL ASSAULT,2021,1,2021-06-14 03:00:00,3,Night,6,High
Mumbai,SEXUAL ASSAULT,2021,1,2021-06-14 07:00:00,7,Day,6,High
Ludhiana,KIDNAPPING,2021,1,2021-06-14 10:00:00,10,Day,6,Medium
Varanasi,KIDNAPPING,2021,1,2021-06-14 14:00:00,14,Day,6,Low
Bhopal,ASSAULT,2021,1,2021-06-14 19:00:00,19,Night,6,Medium
Delhi,SEXUAL ASSAULT,2021,1,2021-06-15 00:00:00,0,Night,6,High
Bangalore,KIDNAPPING,2021,1,2021-06-15 01:00:00,1,Night,6,High
Pune,ASSAULT,2021,1,2021-06-15 06:00:00,6,Day,6,High
Ludhiana,SEXUAL ASSAULT,2021,1,2021-06-15 23:00:00,23,Night,6,Medium
Ludhiana,ASSAULT,2021,1,2021-06-16 20:00:00,20,Night,6,Medium
Lucknow,ASSAULT,2021,1,2021-06-17 17:00:00,17,Day,6,High
Nashik,KIDNAPPING,2021,1,2021-06-18 01:00:00,1,Night,6,Low
Agra,ASSAULT,2021,1,2021-06-18 02:00:00,2,Night,6,Medium
Mumbai,ASSAULT,2021,1,2021-06-18 18:00:00,18,Night,6,High
Jaipur,SEXUAL ASSAULT,2021,1,2021-06-18 19:00:00,19,Night,6,High
Pune,SEXUAL ASSAULT,2021,1,2021-06-18 23:00:00,23,Night,6,High
Mumbai,KIDNAPPING,2021,1,2021-06-20 08:00:00,8,Day,6,High
Hyderabad,KIDNAPPING,2021,1,2021-06-20 12:00:00,12,Day,6,High
Bangalore,SEXUAL ASSAULT,2021,1,2021-06-20 14:00:00,14,Day,6,High
Ludhiana,ASSAULT,2021,1,2021-06-20 15:00:00,15,Day,6,Medium
Nagpur,ASSAULT,2021,1,2021-06-21 13:00:00,13,Day,6,Medium
Bhopal,KIDNAPPING,2021,1,2021-06-22 03:00:00,3,Night,6,Medium
Jaipur,ASSAULT,2021,1,2021-06-23 04:00:00,4,Night,6,High
Mumbai,SEXUAL ASSAULT,2021,1,2021-06-23 09:00:00,9,Day,6,High
Bangalore,KIDNAPPING,2021,1,2021-06-23 22:00:00,22,Night,6,High
Kanpur,KIDNAPPING,2021,1,2021-06-24 04:00:00,4,Night,6,Medium
Jaipur,ASSAULT,2021,1,2021-06-24 15:00:00,15,Day,6,High
Bangalore,KIDNAPPING,2021,1,2021-06-25 02:00:00,2,Night,6,High
Kolkata,KIDNAPPING,2021,1,2021-06-25 08:00:00,8,Day,6,High
Delhi,KIDNAPPING,2021,1,2021-06-25 09:00:00,9,Day,6,High
Bangalore,SEXUAL ASSAULT,2021,1,2021-06-25 10:00:00,10,Day,6,High
Thane,ASSAULT,2021,1,2021-06-25 14:00:00,14,Day,6,Low
Bangalore,SEXUAL ASSAULT,2021,1,2021-06-25 22:00:00,22,Night,6,High
Bangalore,KIDNAPPING,2021,1,2021-06-26 04:00:00,4,Night,6,High
Nagpur,ASSAULT,2021,1,2021-06-26 19:00:00,19,Night,6,Medium
Varanasi,ASSAULT,2021,1,2021-06-27 11:00:00,11,Day,6,Low
Kanpur,KIDNAPPING,2021,1,2021-06-27 16:00:00,16,Day,6,Medium
Patna,SEXUAL ASSAULT,2021,1,2021-06-27 17:00:00,17,Day,6,Medium
Delhi,SEXUAL ASSAULT,2021,1,2021-06-27 22:00:00,22,Night,6,High
Agra,KIDNAPPING,2021,1,2021-06-28 06:00:00,6,Day,6,Medium
Kolkata,SEXUAL ASSAULT,2021,1,2021-06-28 21:00:00,21,Night,6,High
Hyderabad,SEXUAL ASSAULT,2021,1,2021-06-28 22:00:00,22,Night,6,High
Bangalore,ASSAULT,2021,1,2021-06-30 04:00:00,4,Night,6,High
Delhi,ASSAULT,2021,1,2021-06-30 16:00:00,16,Day,6,High
Bangalore,KIDNAPPING,2021,1,2021-06-30 22:00:00,22,Night,6,High
Jaipur,ASSAULT,2021,1,2021-07-01 06:00:00,6,Day,7,High
Nashik,ASSAULT,2021,1,2021-07-01 16:00:00,16,Day,7,Low
Hyderabad,ASSAULT,2021,1,2021-07-01 21:00:00,21,Night,7,High
Vasai,SEXUAL ASSAULT,2021,1,2021-07-02 03:00:00,3,Night,7,Low
Patna,SEXUAL ASSAULT,2021,1,2021-07-02 13:00:00,13,Day,7,Medium
Ahmedabad,SEXUAL ASSAULT,2021,1,2021-07-02 17:00:00,17,Day,7,High
Nagpur,ASSAULT,2021,1,2021-07-02 22:00:00,22,Night,7,Medium
Surat,KIDNAPPING,2021,1,2021-07-03 06:00:00,6,Day,7,Medium
Nagpur,KIDNAPPING,2021,1,2021-07-03 16:00:00,16,Day,7,Medium
Hyderabad,KIDNAPPING,2021,1,2021-07-04 04:00:00,4,Night,7,High
Bangalore,KIDNAPPING,2021,1,2021-07-04 15:00:00,15,Day,7,High
Bhopal,ASSAULT,2021,1,2021-07-04 20:00:00,20,Night,7,Medium
Bangalore,SEXUAL ASSAULT,2021,1,2021-07-05 07:00:00,7,Day,7,High
Mumbai,SEXUAL ASSAULT,2021,1,2021-07-05 21:00:00,21,Night,7,High
Bhopal,ASSAULT,2021,1,2021-07-05 23:00:00,23,Night,7,Medium
Kolkata,ASSAULT,2021,1,2021-07-06 05:00:00,5,Night,7,High
Visakhapatnam,ASSAULT,2021,1,2021-07-06 09:00:00,9,Day,7,Low
Delhi,KIDNAPPING,2021,1,2021-07-06 12:00:00,12,Day,7,High
Kolkata,ASSAULT,2021,1,2021-07-07 13:00:00,13,Day,7,High
Ahmedabad,ASSAULT,2021,1,2021-07-07 22:00:00,22,Night,7,High
Chennai,ASSAULT,2021,1,2021-07-08 00:00:00,0,Night,7,High
Indore,ASSAULT,2021,1,2021-07-08 09:00:00,9,Day,7,Medium
Bangalore,KIDNAPPING,2021,1,2021-07-08 12:00:00,12,Day,7,High
Surat,KIDNAPPING,2021,1,2021-07-08 13:00:00,13,Day,7,Medium
Delhi,KIDNAPPING,2021,1,2021-07-10 07:00:00,7,Day,7,High
Bangalore,KIDNAPPING,2021,1,2021-07-10 11:00:00,11,Day,7,High
Kanpur,ASSAULT,2021,1,2021-07-10 12:00:00,12,Day,7,Medium
Hyderabad,SEXUAL ASSAULT,2021,1,2021-07-11 15:00:00,15,Day,7,High
Bangalore,ASSAULT,2021,1,2021-07-11 16:00:00,16,Day,7,High
Delhi,SEXUAL ASSAULT,2021,1,2021-07-12 07:00:00,7,Day,7,High
Mumbai,ASSAULT,2021,1,2021-07-12 11:00:00,11,Day,7,High
Mumbai,ASSAULT,2021,1,2021-07-13 02:00:00,2,Night,7,High
Mumbai,KIDNAPPING,2021,1,2021-07-13 12:00:00,12,Day,7,High
Delhi,ASSAULT,2021,1,2021-07-13 19:00:00,19,Night,7,High
Kolkata,ASSAULT,2021,1,2021-07-14 01:00:00,1,Night,7,High
Faridabad,KIDNAPPING,2021,1,2021-07-14 07:00:00,7,Day,7,Low
Mumbai,KIDNAPPING,2021,1,2021-07-14 14:00:00,14,Day,7,High
Pune,SEXUAL ASSAULT,2021,1,2021-07-14 15:00:00,15,Day,7,High
Delhi,ASSAULT,2021,1,2021-07-14 21:00:00,21,Night,7,High
Chennai,KIDNAPPING,2021,1,2021-07-14 23:00:00,23,Night,7,High
Ahmedabad,ASSAULT,2021,1,2021-07-15 13:00:00,13,Day,7,High
Pune,ASSAULT,2021,1,2021-07-15 17:00:00,17,Day,7,High
Jaipur,KIDNAPPING,2021,1,2021-07-16 03:00:00,3,Night,7,High
Hyderabad,SEXUAL ASSAULT,2021,1,2021-07-16 17:00:00,17,Day,7,High
Bangalore,ASSAULT,2021,1,2021-07-17 03:00:00,3,Night,7,High
Ludhiana,SEXUAL ASSAULT,2021,1,2021-07-17 06:00:00,6,Day,7,Medium
Hyderabad,ASSAULT,2021,1,2021-07-17 19:00:00,19,Night,7,High
Delhi,KIDNAPPING,2021,1,2021-07-18 02:00:00,2,Night,7,High
Mumbai,KIDNAPPING,2021,1,2021-07-18 07:00:00,7,Day,7,High
Kolkata,ASSAULT,2021,1,2021-07-18 22:00:00,22,Night,7,High
Kanpur,ASSAULT,2021,1,2021-07-19 03:00:00,3,Night,7,Medium
Jaipur,KIDNAPPING,2021,1,2021-07-19 16:00:00,16,Day,7,High
Nagpur,SEXUAL ASSAULT,2021,1,2021-07-21 01:00:00,1,Night,7,Medium
Meerut,KIDNAPPING,2021,1,2021-07-21 05:00:00,5,Night,7,Low
Nagpur,KIDNAPPING,2021,1,2021-07-21 08:00:00,8,Day,7,Medium
Delhi,SEXUAL ASSAULT,2021,1,2021-07-21 09:00:00,9,Day,7,High
Bangalore,SEXUAL ASSAULT,2021,1,2021-07-21 17:00:00,17,Day,7,High
Visakhapatnam,ASSAULT,2021,1,2021-07-21 21:00:00,21,Night,7,Low
Faridabad,ASSAULT,2021,1,2021-07-21 23:00:00,23,Night,7,Low
Mumbai,ASSAULT,2021,1,2021-07-22 06:00:00,6,Day,7,High
Jaipur,KIDNAPPING,2021,1,2021-07-22 07:00:00,7,Day,7,High
Delhi,SEXUAL ASSAULT,2021,1,2021-07-22 17:00:00,17,Day,7,High
Delhi,SEXUAL ASSAULT,2021,1,2021-07-22 21:00:00,21,Night,7,High
Chennai,KIDNAPPING,2021,1,2021-07-23 06:00:00,6,Day,7,High
Chennai,KIDNAPPING,2021,1,2021-07-23 23:00:00,23,Night,7,High
Mumbai,ASSAULT,2021,1,2021-07-24 07:00:00,7,Day,7,High
Delhi,KIDNAPPING,2021,1,2021-07-24 15:00:00,15,Day,7,High
Lucknow,KIDNAPPING,2021,1,2021-07-25 04:00:00,4,Night,7,High
Chennai,KIDNAPPING,2021,1,2021-07-25 11:00:00,11,Day,7,High
Mumbai,KIDNAPPING,2021,1,2021-07-25 22:00:00,22,Night,7,High
Jaipur,SEXUAL ASSAULT,2021,1,2021-07-27 01:00:00,1,Night,7,High
Delhi,SEXUAL ASSAULT,2021,1,2021-07-27 03:00:00,3,Night,7,High
Chennai,SEXUAL ASSAULT,2021,1,2021-07-27 11:00:00,11,Day,7,High
Surat,ASSAULT,2021,1,2021-07-28 03:00:00,3,Night,7,Medium
Mumbai,ASSAULT,2021,1,2021-07-28 07:00:00,7,Day,7,High
Hyderabad,SEXUAL ASSAULT,2021,1,2021-07-28 11:00:00,11,Day,7,High
Thane,ASSAULT,2021,1,2021-07-30 08:00:00,8,Day,7,Low
Delhi,KIDNAPPING,2021,1,2021-07-31 04:00:00,4,Night,7,High
Mumbai,SEXUAL ASSAULT,2021,1,2021-07-31 14:00:00,14,Day,7,High
Jaipur,SEXUAL ASSAULT,2021,1,2021-07-31 22:00:00,22,Night,7,High
Surat,ASSAULT,2021,1,2021-08-01 14:00:00,14,Day,8,Medium
Mumbai,ASSAULT,2021,1,2021-08-02 03:00:00,3,Night,8,High
Ludhiana,SEXUAL ASSAULT,2021,1,2021-08-02 17:00:00,17,Day,8,Medium
Bangalore,ASSAULT,2021,1,2021-08-02 20:00:00,20,Night,8,High
Pune,KIDNAPPING,2021,1,2021-08-03 00:00:00,0,Night,8,High
Ludhiana,KIDNAPPING,2021,1,2021-08-03 03:00:00,3,Night,8,Medium
Kolkata,ASSAULT,2021,1,2021-08-03 20:00:00,20,Night,8,High
Lucknow,SEXUAL ASSAULT,2021,1,2021-08-04 05:00:00,5,Night,8,High
Ludhiana,ASSAULT,2021,1,2021-08-04 08:00:00,8,Day,8,Medium
Vasai,SEXUAL ASSAULT,2021,1,2021-08-06 03:00:00,3,Night,8,Low
Hyderabad,SEXUAL ASSAULT,2021,1,2021-08-08 04:00:00,4,Night,8,High
Delhi,ASSAULT,2021,1,2021-08-08 08:00:00,8,Day,8,High
Ghaziabad,SEXUAL ASSAULT,2021,1,2021-08-08 15:00:00,15,Day,8,Medium
Delhi,SEXUAL ASSAULT,2021,1,2021-08-09 10:00:00,10,Day,8,High
Mumbai,SEXUAL ASSAULT,2021,1,2021-08-10 03:00:00,3,Night,8,High
Jaipur,ASSAULT,2021,1,2021-08-10 10:00:00,10,Day,8,High
Meerut,KIDNAPPING,2021,1,2021-08-10 17:00:00,17,Day,8,Low
Faridabad,SEXUAL ASSAULT,2021,1,2021-08-10 21:00:00,21,Night,8,Low
Pune,SEXUAL ASSAULT,2021,1,2021-08-11 07:00:00,7,Day,8,High
Jaipur,SEXUAL ASSAULT,2021,1,2021-08-12 08:00:00,8,Day,8,High
Kanpur,KIDNAPPING,2021,1,2021-08-12 18:00:00,18,Night,8,Medium
Ahmedabad,ASSAULT,2021,1,2021-08-13 04:00:00,4,Night,8,High
Kolkata,ASSAULT,2021,1,2021-08-13 15:00:00,15,Day,8,High
Bangalore,KIDNAPPING,2021,1,2021-08-13 23:00:00,23,Night,8,High
Mumbai,KIDNAPPING,2021,1,2021-08-14 10:00:00,10,Day,8,High
Delhi,SEXUAL ASSAULT,2021,1,2021-08-15 17:00:00,17,Day,8,High
Mumbai,KIDNAPPING,2021,1,2021-08-15 19:00:00,19,Night,8,High
Lucknow,ASSAULT,2021,1,2021-08-15 21:00:00,21,Night,8,High
Pune,ASSAULT,2021,1,2021-08-16 01:00:00,1,Night,8,High
Delhi,KIDNAPPING,2021,1,2021-08-16 09:00:00,9,Day,8,High
Bangalore,KIDNAPPING,2021,1,2021-08-16 11:00:00,11,Day,8,High
Bangalore,ASSAULT,2021,1,2021-08-16 23:00:00,23,Night,8,High
Mumbai,SEXUAL ASSAULT,2021,1,2021-08-18 05:00:00,5,Night,8,High
Jaipur,SEXUAL ASSAULT,2021,1,2021-08-20 00:00:00,0,Night,8,High
Surat,SEXUAL ASSAULT,2021,1,2021-08-20 17:00:00,17,Day,8,Medium
Kalyan,SEXUAL ASSAULT,2021,1,2021-08-21 03:00:00,3,Night,8,Low
Chennai,SEXUAL ASSAULT,2021,1,2021-08-25 06:00:00,6,Day,8,High
Mumbai,KIDNAPPING,2021,1,2021-08-25 12:00:00,12,Day,8,High
Surat,SEXUAL ASSAULT,2021,1,2021-08-25 21:00:00,21,Night,8,Medium
Hyderabad,ASSAULT,2021,1,2021-08-26 15:00:00,15,Day,8,High
Delhi,KIDNAPPING,2021,1,2021-08-27 03:00:00,3,Night,8,High
Pune,KIDNAPPING,2021,1,2021-08-27 07:00:00,7,Day,8,High
Delhi,ASSAULT,2021,1,2021-08-27 13:00:00,13,Day,8,High
Ghaziabad,KIDNAPPING,2021,1,2021-08-27 16:00:00,16,Day,8,Medium
Ahmedabad,SEXUAL ASSAULT,2021,1,2021-08-27 20:00:00,20,Night,8,High
Chennai,KIDNAPPING,2021,1,2021-08-27 21:00:00,21,Night,8,High
Lucknow,ASSAULT,2021,1,2021-08-28 15:00:00,15,Day,8,High
Delhi,KIDNAPPING,2021,1,2021-08-28 16:00:00,16,Day,8,High
Meerut,ASSAULT,2021,1,2021-08-29 00:00:00,0,Night,8,Low
Bangalore,SEXUAL ASSAULT,2021,1,2021-08-29 03:00:00,3,Night,8,High
Ahmedabad,KIDNAPPING,2021,1,2021-08-29 08:00:00,8,Day,8,High
Lucknow,KIDNAPPING,2021,1,2021-08-30 10:00:00,10,Day,8,High
Delhi,SEXUAL ASSAULT,2021,1,2021-08-31 04:00:00,4,Night,8,High
Pune,ASSAULT,2021,1,2021-08-31 08:00:00,8,Day,8,High
Pune,ASSAULT,2021,1,2021-08-31 19:00:00,19,Night,8,High
Kanpur,KIDNAPPING,2021,1,2021-09-01 09:00:00,9,Day,9,Medium
Delhi,SEXUAL ASSAULT,2021,1,2021-09-01 10:00:00,10,Day,9,High
Mumbai,KIDNAPPING,2021,1,2021-09-01 22:00:00,22,Night,9,High
Ahmedabad,SEXUAL ASSAULT,2021,1,2021-09-02 07:00:00,7,Day,9,High
Chennai,ASSAULT,2021,1,2021-09-03 01:00:00,1,Night,9,High
Visakhapatnam,ASSAULT,2021,1,2021-09-03 13:00:00,13,Day,9,Low
Mumbai,SEXUAL ASSAULT,2021,1,2021-09-03 15:00:00,15,Day,9,High
Patna,KIDNAPPING,2021,1,2021-09-03 18:00:00,18,Night,9,Medium
Pune,KIDNAPPING,2021,1,2021-09-03 22:00:00,22,Night,9,High
Nagpur,ASSAULT,2021,1,2021-09-04 06:00:00,6,Day,9,Medium
Nagpur,KIDNAPPING,2021,1,2021-09-04 08:00:00,8,Day,9,Medium
Hyderabad,ASSAULT,2021,1,2021-09-04 18:00:00,18,Night,9,High
Kolkata,SEXUAL ASSAULT,2021,1,2021-09-04 20:00:00,20,Night,9,High
Mumbai,KIDNAPPING,2021,1,2021-09-05 00:00:00,0,Night,9,High
Meerut,SEXUAL ASSAULT,2021,1,2021-09-05 01:00:00,1,Night,9,Low
Lucknow,KIDNAPPING,2021,1,2021-09-05 10:00:00,10,Day,9,High
Chennai,SEXUAL ASSAULT,2021,1,2021-09-06 01:00:00,1,Night,9,High
Srinagar,KIDNAPPING,2021,1,2021-09-06 18:00:00,18,Night,9,Low
Rajkot,SEXUAL ASSAULT,2021,1,2021-09-07 04:00:00,4,Night,9,Low
Bangalore,ASSAULT,2021,1,2021-09-07 10:00:00,10,Day,9,High
Ludhiana,KIDNAPPING,2021,1,2021-09-07 23:00:00,23,Night,9,Medium
Chennai,SEXUAL ASSAULT,2021,1,2021-09-08 06:00:00,6,Day,9,High
Varanasi,ASSAULT,2021,1,2021-09-08 19:00:00,19,Night,9,Low
Delhi,KIDNAPPING,2021,1,2021-09-09 22:00:00,22,Night,9,High
Bhopal,SEXUAL ASSAULT,2021,1,2021-09-10 03:00:00,3,Night,9,Medium
Hyderabad,ASSAULT,2021,1,2021-09-11 06:00:00,6,Day,9,High
Mumbai,ASSAULT,2021,1,2021-09-11 07:00:00,7,Day,9,High
Hyderabad,KIDNAPPING,2021,1,2021-09-12 06:00:00,6,Day,9,High
Bangalore,KIDNAPPING,2021,1,2021-09-13 06:00:00,6,Day,9,High
Ahmedabad,SEXUAL ASSAULT,2021,1,2021-09-13 10:00:00,10,Day,9,High
Surat,ASSAULT,2021,1,2021-09-14 01:00:00,1,Night,9,Medium
Jaipur,SEXUAL ASSAULT,2021,1,2021-09-14 10:00:00,10,Day,9,High
Bangalore,KIDNAPPING,2021,1,2021-09-14 16:00:00,16,Day,9,High
Ahmedabad,SEXUAL ASSAULT,2021,1,2021-09-15 08:00:00,8,Day,9,High
Delhi,KIDNAPPING,2021,1,2021-09-15 20:00:00,20,Night,9,High
Thane,SEXUAL ASSAULT,2021,1,2021-09-15 21:00:00,21,Night,9,Low
Bangalore,KIDNAPPING,2021,1,2021-09-16 02:00:00,2,Night,9,High
Lucknow,KIDNAPPING,2021,1,2021-09-16 14:00:00,14,Day,9,High
Agra,SEXUAL ASSAULT,2021,1,2021-09-17 21:00:00,21,Night,9,Medium
Mumbai,KIDNAPPING,2021,1,2021-09-17 22:00:00,22,Night,9,High
Mumbai,SEXUAL ASSAULT,2021,1,2021-09-18 05:00:00,5,Night,9,High
Bangalore,KIDNAPPING,2021,1,2021-09-18 15:00:00,15,Day,9,High
Mumbai,ASSAULT,2021,1,2021-09-18 17:00:00,17,Day,9,High
Lucknow,KIDNAPPING,2021,1,2021-09-18 20:00:00,20,Night,9,High
Patna,ASSAULT,2021,1,2021-09-18 21:00:00,21,Night,9,Medium
Mumbai,KIDNAPPING,2021,1,2021-09-19 05:00:00,5,Night,9,High
Chennai,KIDNAPPING,2021,1,2021-09-19 12:00:00,12,Day,9,High
Pune,SEXUAL ASSAULT,2021,1,2021-09-19 20:00:00,20,Night,9,High
Kolkata,KIDNAPPING,2021,1,2021-09-20 01:00:00,1,Night,9,High
Delhi,SEXUAL ASSAULT,2021,1,2021-09-21 05:00:00,5,Night,9,High
Jaipur,KIDNAPPING,2021,1,2021-09-21 09:00:00,9,Day,9,High
Lucknow,KIDNAPPING,2021,1,2021-09-21 19:00:00,19,Night,9,High
Kanpur,SEXUAL ASSAULT,2021,1,2021-09-22 01:00:00,1,Night,9,Medium
Chennai,SEXUAL ASSAULT,2021,1,2021-09-22 05:00:00,5,Night,9,High
Kolkata,ASSAULT,2021,1,2021-09-22 10:00:00,10,Day,9,High
Ludhiana,ASSAULT,2021,1,2021-09-22 12:00:00,12,Day,9,Medium
Bangalore,KIDNAPPING,2021,1,2021-09-23 00:00:00,0,Night,9,High
Indore,ASSAULT,2021,1,2021-09-23 03:00:00,3,Night,9,Medium
Rajkot,SEXUAL ASSAULT,2021,1,2021-09-23 06:00:00,6,Day,9,Low
Kolkata,ASSAULT,2021,1,2021-09-24 07:00:00,7,Day,9,High
Jaipur,ASSAULT,2021,1,2021-09-25 02:00:00,2,Night,9,High
Visakhapatnam,ASSAULT,2021,1,2021-09-26 04:00:00,4,Night,9,Low
Bangalore,KIDNAPPING,2021,1,2021-09-26 11:00:00,11,Day,9,High
Faridabad,KIDNAPPING,2021,1,2021-09-26 17:00:00,17,Day,9,Low
Chennai,KIDNAPPING,2021,1,2021-09-26 20:00:00,20,Night,9,High
Bangalore,SEXUAL ASSAULT,2021,1,2021-09-26 23:00:00,23,Night,9,High
Delhi,ASSAULT,2021,1,2021-09-27 01:00:00,1,Night,9,High
Delhi,KIDNAPPING,2021,1,2021-09-27 14:00:00,14,Day,9,High
Pune,SEXUAL ASSAULT,2021,1,2021-09-27 21:00:00,21,Night,9,High
Bangalore,ASSAULT,2021,1,2021-09-28 01:00:00,1,Night,9,High
Kanpur,KIDNAPPING,2021,1,2021-09-28 04:00:00,4,Night,9,Medium
Mumbai,KIDNAPPING,2021,1,2021-09-28 11:00:00,11,Day,9,High
Delhi,SEXUAL ASSAULT,2021,1,2021-09-28 18:00:00,18,Night,9,High
Bhopal,SEXUAL ASSAULT,2021,1,2021-09-29 05:00:00,5,Night,9,Medium
Bangalore,KIDNAPPING,2021,1,2021-09-29 08:00:00,8,Day,9,High
Kolkata,SEXUAL ASSAULT,2021,1,2021-09-30 04:00:00,4,Night,9,High
Meerut,SEXUAL ASSAULT,2021,1,2021-09-30 06:00:00,6,Day,9,Low
Lucknow,ASSAULT,2021,1,2021-09-30 09:00:00,9,Day,9,High
Srinagar,KIDNAPPING,2021,1,2021-10-01 11:00:00,11,Day,10,Low
Kolkata,KIDNAPPING,2021,1,2021-10-01 21:00:00,21,Night,10,High
Delhi,KIDNAPPING,2021,1,2021-10-02 00:00:00,0,Night,10,High
Pune,KIDNAPPING,2021,1,2021-10-02 07:00:00,7,Day,10,High
Thane,ASSAULT,2021,1,2021-10-02 13:00:00,13,Day,10,Low
Indore,SEXUAL ASSAULT,2021,1,2021-10-03 11:00:00,11,Day,10,Medium
Agra,ASSAULT,2021,1,2021-10-03 14:00:00,14,Day,10,Medium
Nagpur,SEXUAL ASSAULT,2021,1,2021-10-03 23:00:00,23,Night,10,Medium
Kolkata,KIDNAPPING,2021,1,2021-10-04 01:00:00,1,Night,10,High
Bangalore,SEXUAL ASSAULT,2021,1,2021-10-04 03:00:00,3,Night,10,High
Mumbai,ASSAULT,2021,1,2021-10-04 04:00:00,4,Night,10,High
Bangalore,SEXUAL ASSAULT,2021,1,2021-10-04 05:00:00,5,Night,10,High
Delhi,SEXUAL ASSAULT,2021,1,2021-10-04 18:00:00,18,Night,10,High
Chennai,SEXUAL ASSAULT,2021,1,2021-10-05 01:00:00,1,Night,10,High
Kanpur,KIDNAPPING,2021,1,2021-10-05 11:00:00,11,Day,10,Medium
Kalyan,ASSAULT,2021,1,2021-10-05 13:00:00,13,Day,10,Low
Lucknow,KIDNAPPING,2021,1,2021-10-05 18:00:00,18,Night,10,High
Lucknow,ASSAULT,2021,1,2021-10-05 20:00:00,20,Night,10,High
Nagpur,ASSAULT,2021,1,2021-10-06 15:00:00,15,Day,10,Medium
Jaipur,SEXUAL ASSAULT,2021,1,2021-10-06 19:00:00,19,Night,10,High
Mumbai,SEXUAL ASSAULT,2021,1,2021-10-06 21:00:00,21,Night,10,High
Hyderabad,ASSAULT,2021,1,2021-10-06 22:00:00,22,Night,10,High
Surat,SEXUAL ASSAULT,2021,1,2021-10-07 02:00:00,2,Night,10,Medium
Kolkata,ASSAULT,2021,1,2021-10-07 11:00:00,11,Day,10,High
Visakhapatnam,ASSAULT,2021,1,2021-10-07 12:00:00,12,Day,10,Low
Delhi,SEXUAL ASSAULT,2021,1,2021-10-07 23:00:00,23,Night,10,High
Surat,ASSAULT,2021,1,2021-10-08 03:00:00,3,Night,10,Medium
Hyderabad,KIDNAPPING,2021,1,2021-10-08 13:00:00,13,Day,10,High
Hyderabad,KIDNAPPING,2021,1,2021-10-08 22:00:00,22,Night,10,High
Mumbai,KIDNAPPING,2021,1,2021-10-09 06:00:00,6,Day,10,High
Ahmedabad,SEXUAL ASSAULT,2021,1,2021-10-09 21:00:00,21,Night,10,High
Mumbai,KIDNAPPING,2021,1,2021-10-10 06:00:00,6,Day,10,High
Delhi,ASSAULT,2021,1,2021-10-10 11:00:00,11,Day,10,High
Agra,ASSAULT,2021,1,2021-10-11 07:00:00,7,Day,10,Medium
Indore,ASSAULT,2021,1,2021-10-11 15:00:00,15,Day,10,Medium
Delhi,ASSAULT,2021,1,2021-10-13 10:00:00,10,Day,10,High
Hyderabad,SEXUAL ASSAULT,2021,1,2021-10-14 11:00:00,11,Day,10,High
Delhi,SEXUAL ASSAULT,2021,1,2021-10-14 17:00:00,17,Day,10,High
Patna,SEXUAL ASSAULT,2021,1,2021-10-15 17:00:00,17,Day,10,Medium
Hyderabad,KIDNAPPING,2021,1,2021-10-16 05:00:00,5,Night,10,High
Nagpur,ASSAULT,2021,1,2021-10-16 07:00:00,7,Day,10,Medium
Nagpur,KIDNAPPING,2021,1,2021-10-16 09:00:00,9,Day,10,Medium
Chennai,SEXUAL ASSAULT,2021,1,2021-10-17 13:00:00,13,Day,10,High
Delhi,SEXUAL ASSAULT,2021,1,2021-10-17 14:00:00,14,Day,10,High
Ludhiana,KIDNAPPING,2021,1,2021-10-18 02:00:00,2,Night,10,Medium
Lucknow,KIDNAPPING,2021,1,2021-10-18 05:00:00,5,Night,10,High
Delhi,SEXUAL ASSAULT,2021,1,2021-10-18 17:00:00,17,Day,10,High
Jaipur,SEXUAL ASSAULT,2021,1,2021-10-19 01:00:00,1,Night,10,High
Ahmedabad,ASSAULT,2021,1,2021-10-19 06:00:00,6,Day,10,High
Rajkot,ASSAULT,2021,1,2021-10-19 12:00:00,12,Day,10,Low
Indore,ASSAULT,2021,1,2021-10-20 05:00:00,5,Night,10,Medium
Thane,SEXUAL ASSAULT,2021,1,2021-10-20 12:00:00,12,Day,10,Low
Delhi,SEXUAL ASSAULT,2021,1,2021-10-21 00:00:00,0,Night,10,High
Agra,SEXUAL ASSAULT,2021,1,2021-10-21 21:00:00,21,Night,10,Medium
Indore,ASSAULT,2021,1,2021-10-22 17:00:00,17,Day,10,Medium
Mumbai,ASSAULT,2021,1,2021-10-22 18:00:00,18,Night,10,High
Mumbai,SEXUAL ASSAULT,2021,1,2021-10-22 21:00:00,21,Night,10,High
Delhi,SEXUAL ASSAULT,2021,1,2021-10-23 02:00:00,2,Night,10,High
Hyderabad,KIDNAPPING,2021,1,2021-10-23 10:00:00,10,Day,10,High
Bangalore,ASSAULT,2021,1,2021-10-23 12:00:00,12,Day,10,High
Ahmedabad,ASSAULT,2021,1,2021-10-23 14:00:00,14,Day,10,High
Hyderabad,ASSAULT,2021,1,2021-10-23 15:00:00,15,Day,10,High
Mumbai,ASSAULT,2021,1,2021-10-23 17:00:00,17,Day,10,High
Ahmedabad,KIDNAPPING,2021,1,2021-10-23 22:00:00,22,Night,10,High
Chennai,KIDNAPPING,2021,1,2021-10-25 01:00:00,1,Night,10,High
Surat,SEXUAL ASSAULT,2021,1,2021-10-25 08:00:00,8,Day,10,Medium
Bangalore,SEXUAL ASSAULT,2021,1,2021-10-26 21:00:00,21,Night,10,High
Bhopal,ASSAULT,2021,1,2021-10-27 03:00:00,3,Night,10,Medium
Ludhiana,KIDNAPPING,2021,1,2021-10-27 17:00:00,17,Day,10,Medium
Kolkata,SEXUAL ASSAULT,2021,1,2021-10-28 03:00:00,3,Night,10,High
Delhi,KIDNAPPING,2021,1,2021-10-29 08:00:00,8,Day,10,High
Kanpur,KIDNAPPING,2021,1,2021-10-29 21:00:00,21,Night,10,Medium
Delhi,SEXUAL ASSAULT,2021,1,2021-10-29 22:00:00,22,Night,10,High
Jaipur,ASSAULT,2021,1,2021-10-30 14:00:00,14,Day,10,High
Mumbai,KIDNAPPING,2021,1,2021-10-31 05:00:00,5,Night,10,High
Delhi,KIDNAPPING,2021,1,2021-11-01 22:00:00,22,Night,11,High
Ahmedabad,ASSAULT,2021,1,2021-11-02 03:00:00,3,Night,11,High
Kolkata,SEXUAL ASSAULT,2021,1,2021-11-02 08:00:00,8,Day,11,High
Jaipur,SEXUAL ASSAULT,2021,1,2021-11-02 12:00:00,12,Day,11,High
Kolkata,ASSAULT,2021,1,2021-11-02 18:00:00,18,Night,11,High
Hyderabad,SEXUAL ASSAULT,2021,1,2021-11-03 02:00:00,2,Night,11,High
Pune,KIDNAPPING,2021,1,2021-11-04 02:00:00,2,Night,11,High
Pune,SEXUAL ASSAULT,2021,1,2021-11-04 12:00:00,12,Day,11,High
Bangalore,KIDNAPPING,2021,1,2021-11-05 06:00:00,6,Day,11,High
Ahmedabad,SEXUAL ASSAULT,2021,1,2021-11-05 11:00:00,11,Day,11,High
Surat,ASSAULT,2021,1,2021-11-06 01:00:00,1,Night,11,Medium
Mumbai,SEXUAL ASSAULT,2021,1,2021-11-06 08:00:00,8,Day,11,High
Mumbai,ASSAULT,2021,1,2021-11-06 16:00:00,16,Day,11,High
Mumbai,KIDNAPPING,2021,1,2021-11-07 01:00:00,1,Night,11,High
Bangalore,SEXUAL ASSAULT,2021,1,2021-11-07 10:00:00,10,Day,11,High
Pune,SEXUAL ASSAULT,2021,1,2021-11-09 08:00:00,8,Day,11,High
Ahmedabad,SEXUAL ASSAULT,2021,1,2021-11-09 12:00:00,12,Day,11,High
Mumbai,SEXUAL ASSAULT,2021,1,2021-11-10 02:00:00,2,Night,11,High
Nagpur,ASSAULT,2021,1,2021-11-10 03:00:00,3,Night,11,Medium
Bangalore,ASSAULT,2021,1,2021-11-10 16:00:00,16,Day,11,High
Bangalore,ASSAULT,2021,1,2021-11-11 07:00:00,7,Day,11,High
Mumbai,ASSAULT,2021,1,2021-11-11 18:00:00,18,Night,11,High
Hyderabad,ASSAULT,2021,1,2021-11-12 01:00:00,1,Night,11,High
Kolkata,SEXUAL ASSAULT,2021,1,2021-11-12 13:00:00,13,Day,11,High
Thane,SEXUAL ASSAULT,2021,1,2021-11-12 17:00:00,17,Day,11,Low
Pune,ASSAULT,2021,1,2021-11-13 20:00:00,20,Night,11,High
Delhi,SEXUAL ASSAULT,2021,1,2021-11-16 04:00:00,4,Night,11,High
Chennai,SEXUAL ASSAULT,2021,1,2021-11-16 16:00:00,16,Day,11,High
Delhi,ASSAULT,2021,1,2021-11-16 17:00:00,17,Day,11,High
Bangalore,ASSAULT,2021,1,2021-11-18 05:00:00,5,Night,11,High
Ahmedabad,SEXUAL ASSAULT,2021,1,2021-11-21 09:00:00,9,Day,11,High
Jaipur,SEXUAL ASSAULT,2021,1,2021-11-22 02:00:00,2,Night,11,High
Varanasi,KIDNAPPING,2021,1,2021-11-22 06:00:00,6,Day,11,Low
Thane,SEXUAL ASSAULT,2021,1,2021-11-23 00:00:00,0,Night,11,Low
Delhi,ASSAULT,2021,1,2021-11-23 07:00:00,7,Day,11,High
Jaipur,ASSAULT,2021,1,2021-11-24 05:00:00,5,Night,11,High
Thane,KIDNAPPING,2021,1,2021-11-25 05:00:00,5,Night,11,Low
Delhi,SEXUAL ASSAULT,2021,1,2021-11-25 22:00:00,22,Night,11,High
Srinagar,SEXUAL ASSAULT,2021,1,2021-11-27 14:00:00,14,Day,11,Low
Delhi,KIDNAPPING,2021,1,2021-11-29 04:00:00,4,Night,11,High
Bangalore,KIDNAPPING,2021,1,2021-11-29 11:00:00,11,Day,11,High
Mumbai,ASSAULT,2021,1,2021-11-29 14:00:00,14,Day,11,High
Hyderabad,SEXUAL ASSAULT,2021,1,2021-11-30 08:00:00,8,Day,11,High
Delhi,KIDNAPPING,2021,1,2021-12-01 17:00:00,17,Day,12,High
Nagpur,ASSAULT,2021,1,2021-12-02 14:00:00,14,Day,12,Medium
Chennai,SEXUAL ASSAULT,2021,1,2021-12-03 03:00:00,3,Night,12,High
Mumbai,SEXUAL ASSAULT,2021,1,2021-12-03 14:00:00,14,Day,12,High
Delhi,KIDNAPPING,2021,1,2021-12-03 16:00:00,16,Day,12,High
Hyderabad,SEXUAL ASSAULT,2021,1,2021-12-04 10:00:00,10,Day,12,High
Mumbai,SEXUAL ASSAULT,2021,1,2021-12-04 14:00:00,14,Day,12,High
Kolkata,ASSAULT,2021,1,2021-12-04 21:00:00,21,Night,12,High
Mumbai,SEXUAL ASSAULT,2021,1,2021-12-05 20:00:00,20,Night,12,High
Kolkata,SEXUAL ASSAULT,2021,1,2021-12-06 11:00:00,11,Day,12,High
Chennai,KIDNAPPING,2021,1,2021-12-08 03:00:00,3,Night,12,High
Kalyan,SEXUAL ASSAULT,2021,1,2021-12-10 03:00:00,3,Night,12,Low
Ahmedabad,SEXUAL ASSAULT,2021,1,2021-12-10 07:00:00,7,Day,12,High
Chennai,ASSAULT,2021,1,2021-12-10 08:00:00,8,Day,12,High
Agra,SEXUAL ASSAULT,2021,1,2021-12-12 18:00:00,18,Night,12,Medium
Hyderabad,ASSAULT,2021,1,2021-12-13 16:00:00,16,Day,12,High
Delhi,KIDNAPPING,2021,1,2021-12-16 06:00:00,6,Day,12,High
Mumbai,KIDNAPPING,2021,1,2021-12-16 11:00:00,11,Day,12,High
Hyderabad,SEXUAL ASSAULT,2021,1,2021-12-16 23:00:00,23,Night,12,High
Bhopal,ASSAULT,2021,1,2021-12-17 05:00:00,5,Night,12,Medium
Kolkata,ASSAULT,2021,1,2021-12-17 14:00:00,14,Day,12,High
Surat,ASSAULT,2021,1,2021-12-17 19:00:00,19,Night,12,Medium
Delhi,ASSAULT,2021,1,2021-12-18 04:00:00,4,Night,12,High
Jaipur,SEXUAL ASSAULT,2021,1,2021-12-19 05:00:00,5,Night,12,High
Thane,KIDNAPPING,2021,1,2021-12-21 10:00:00,10,Day,12,Low
Thane,ASSAULT,2021,1,2021-12-22 20:00:00,20,Night,12,Low
Lucknow,ASSAULT,2021,1,2021-12-23 13:00:00,13,Day,12,High
Ahmedabad,KIDNAPPING,2021,1,2021-12-24 19:00:00,19,Night,12,High
Indore,ASSAULT,2021,1,2021-12-25 01:00:00,1,Night,12,Medium
Ahmedabad,KIDNAPPING,2021,1,2021-12-25 03:00:00,3,Night,12,High
Delhi,ASSAULT,2021,1,2021-12-25 05:00:00,5,Night,12,High
Thane,KIDNAPPING,2021,1,2021-12-26 09:00:00,9,Day,12,Low
Visakhapatnam,SEXUAL ASSAULT,2021,1,2021-12-28 07:00:00,7,Day,12,Low
Delhi,ASSAULT,2021,1,2021-12-28 17:00:00,17,Day,12,High
Mumbai,KIDNAPPING,2021,1,2021-12-28 23:00:00,23,Night,12,High
Kolkata,ASSAULT,2021,1,2021-12-29 00:00:00,0,Night,12,High
Delhi,ASSAULT,2021,1,2021-12-29 10:00:00,10,Day,12,High
Patna,SEXUAL ASSAULT,2021,1,2021-12-30 20:00:00,20,Night,12,Medium
Hyderabad,SEXUAL ASSAULT,2021,1,2021-12-31 02:00:00,2,Night,12,High
Bangalore,SEXUAL ASSAULT,2022,1,2022-01-01 23:00:00,23,Night,1,High
Mumbai,KIDNAPPING,2022,1,2022-01-03 11:00:00,11,Day,1,High
Meerut,SEXUAL ASSAULT,2022,1,2022-01-03 19:00:00,19,Night,1,Low
Pune,SEXUAL ASSAULT,2022,1,2022-01-03 23:00:00,23,Night,1,High
Lucknow,SEXUAL ASSAULT,2022,1,2022-01-04 19:00:00,19,Night,1,High
Kolkata,SEXUAL ASSAULT,2022,1,2022-01-05 05:00:00,5,Night,1,High
Mumbai,SEXUAL ASSAULT,2022,1,2022-01-07 07:00:00,7,Day,1,High
Kanpur,KIDNAPPING,2022,1,2022-01-10 07:00:00,7,Day,1,Medium
Kolkata,KIDNAPPING,2022,1,2022-01-11 12:00:00,12,Day,1,High
Pune,KIDNAPPING,2022,1,2022-01-11 22:00:00,22,Night,1,High
Nagpur,ASSAULT,2022,1,2022-01-13 00:00:00,0,Night,1,Medium
Lucknow,ASSAULT,2022,1,2022-01-13 14:00:00,14,Day,1,High
Kolkata,SEXUAL ASSAULT,2022,1,2022-01-13 23:00:00,23,Night,1,High
Delhi,SEXUAL ASSAULT,2022,1,2022-01-14 02:00:00,2,Night,1,High
Pune,ASSAULT,2022,1,2022-01-15 09:00:00,9,Day,1,High
Hyderabad,ASSAULT,2022,1,2022-01-16 23:00:00,23,Night,1,High
Agra,ASSAULT,2022,1,2022-01-17 13:00:00,13,Day,1,Medium
Kolkata,KIDNAPPING,2022,1,2022-01-18 01:00:00,1,Night,1,High
Hyderabad,KIDNAPPING,2022,1,2022-01-18 07:00:00,7,Day,1,High
Delhi,ASSAULT,2022,1,2022-01-19 04:00:00,4,Night,1,High
Faridabad,SEXUAL ASSAULT,2022,1,2022-01-20 07:00:00,7,Day,1,Low
Mumbai,SEXUAL ASSAULT,2022,1,2022-01-20 18:00:00,18,Night,1,High
Lucknow,ASSAULT,2022,1,2022-01-21 04:00:00,4,Night,1,High
Kolkata,SEXUAL ASSAULT,2022,1,2022-01-21 06:00:00,6,Day,1,High
Bhopal,ASSAULT,2022,1,2022-01-22 07:00:00,7,Day,1,Medium
Chennai,SEXUAL ASSAULT,2022,1,2022-01-22 15:00:00,15,Day,1,High
Delhi,SEXUAL ASSAULT,2022,1,2022-01-23 21:00:00,21,Night,1,High
Kolkata,KIDNAPPING,2022,1,2022-01-25 01:00:00,1,Night,1,High
Delhi,ASSAULT,2022,1,2022-01-25 13:00:00,13,Day,1,High
Jaipur,ASSAULT,2022,1,2022-01-26 01:00:00,1,Night,1,High
Jaipur,SEXUAL ASSAULT,2022,1,2022-01-26 18:00:00,18,Night,1,High
Hyderabad,ASSAULT,2022,1,2022-01-27 01:00:00,1,Night,1,High
Mumbai,KIDNAPPING,2022,1,2022-01-28 23:00:00,23,Night,1,High
Chennai,ASSAULT,2022,1,2022-01-29 13:00:00,13,Day,1,High
Indore,KIDNAPPING,2022,1,2022-01-31 04:00:00,4,Night,1,Medium
Ahmedabad,SEXUAL ASSAULT,2022,1,2022-01-31 07:00:00,7,Day,1,High
Kolkata,KIDNAPPING,2022,1,2022-01-31 19:00:00,19,Night,1,High
Delhi,SEXUAL ASSAULT,2022,1,2022-02-01 05:00:00,5,Night,2,High
Surat,SEXUAL ASSAULT,2022,1,2022-02-02 05:00:00,5,Night,2,Medium
Mumbai,ASSAULT,2022,1,2022-02-05 19:00:00,19,Night,2,High
Surat,ASSAULT,2022,1,2022-02-05 23:00:00,23,Night,2,Medium
Mumbai,KIDNAPPING,2022,1,2022-02-06 03:00:00,3,Night,2,High
Jaipur,SEXUAL ASSAULT,2022,1,2022-02-08 14:00:00,14,Day,2,High
Delhi,ASSAULT,2022,1,2022-02-09 02:00:00,2,Night,2,High
Mumbai,KIDNAPPING,2022,1,2022-02-10 21:00:00,21,Night,2,High
Nagpur,ASSAULT,2022,1,2022-02-12 00:00:00,0,Night,2,Medium
Pune,KIDNAPPING,2022,1,2022-02-12 04:00:00,4,Night,2,High
Bangalore,SEXUAL ASSAULT,2022,1,2022-02-12 22:00:00,22,Night,2,High
Surat,SEXUAL ASSAULT,2022,1,2022-02-12 23:00:00,23,Night,2,Medium
Pune,ASSAULT,2022,1,2022-02-13 00:00:00,0,Night,2,High
Lucknow,ASSAULT,2022,1,2022-02-13 12:00:00,12,Day,2,High
Chennai,SEXUAL ASSAULT,2022,1,2022-02-14 04:00:00,4,Night,2,High
Ghaziabad,KIDNAPPING,2022,1,2022-02-14 18:00:00,18,Night,2,Medium
Pune,SEXUAL ASSAULT,2022,1,2022-02-18 07:00:00,7,Day,2,High
Hyderabad,KIDNAPPING,2022,1,2022-02-18 15:00:00,15,Day,2,High
Surat,SEXUAL ASSAULT,2022,1,2022-02-19 00:00:00,0,Night,2,Medium
Delhi,ASSAULT,2022,1,2022-02-19 07:00:00,7,Day,2,High
Agra,ASSAULT,2022,1,2022-02-19 12:00:00,12,Day,2,Medium
Ludhiana,SEXUAL ASSAULT,2022,1,2022-02-21 12:00:00,12,Day,2,Medium
Ahmedabad,ASSAULT,2022,1,2022-02-22 02:00:00,2,Night,2,High
Kolkata,KIDNAPPING,2022,1,2022-02-24 02:00:00,2,Night,2,High
Delhi,SEXUAL ASSAULT,2022,1,2022-02-24 13:00:00,13,Day,2,High
Visakhapatnam,ASSAULT,2022,1,2022-02-26 12:00:00,12,Day,2,Low
Jaipur,ASSAULT,2022,1,2022-02-26 23:00:00,23,Night,2,High
Ahmedabad,ASSAULT,2022,1,2022-02-28 15:00:00,15,Day,2,High
Bangalore,SEXUAL ASSAULT,2022,1,2022-03-01 15:00:00,15,Day,3,High
Ahmedabad,SEXUAL ASSAULT,2022,1,2022-03-01 19:00:00,19,Night,3,High
Visakhapatnam,ASSAULT,2022,1,2022-03-02 21:00:00,21,Night,3,Low
Pune,KIDNAPPING,2022,1,2022-03-03 00:00:00,0,Night,3,High
Lucknow,ASSAULT,2022,1,2022-03-04 09:00:00,9,Day,3,High
Delhi,ASSAULT,2022,1,2022-03-05 15:00:00,15,Day,3,High
Kanpur,ASSAULT,2022,1,2022-03-06 19:00:00,19,Night,3,Medium
Delhi,KIDNAPPING,2022,1,2022-03-08 00:00:00,0,Night,3,High
Nashik,ASSAULT,2022,1,2022-03-08 05:00:00,5,Night,3,Low
Kolkata,ASSAULT,2022,1,2022-03-08 12:00:00,12,Day,3,High
Surat,ASSAULT,2022,1,2022-03-09 23:00:00,23,Night,3,Medium
Ahmedabad,ASSAULT,2022,1,2022-03-11 04:00:00,4,Night,3,High
Pune,KIDNAPPING,2022,1,2022-03-11 05:00:00,5,Night,3,High
Delhi,KIDNAPPING,2022,1,2022-03-12 14:00:00,14,Day,3,High
Varanasi,KIDNAPPING,2022,1,2022-03-12 16:00:00,16,Day,3,Low
Delhi,SEXUAL ASSAULT,2022,1,2022-03-12 23:00:00,23,Night,3,High
Patna,ASSAULT,2022,1,2022-03-13 02:00:00,2,Night,3,Medium
Ahmedabad,SEXUAL ASSAULT,2022,1,2022-03-13 10:00:00,10,Day,3,High
Bangalore,SEXUAL ASSAULT,2022,1,2022-03-15 08:00:00,8,Day,3,High
Mumbai,KIDNAPPING,2022,1,2022-03-16 00:00:00,0,Night,3,High
Surat,KIDNAPPING,2022,1,2022-03-16 05:00:00,5,Night,3,Medium
Bhopal,SEXUAL ASSAULT,2022,1,2022-03-17 10:00:00,10,Day,3,Medium
Bangalore,KIDNAPPING,2022,1,2022-03-19 09:00:00,9,Day,3,High
Surat,KIDNAPPING,2022,1,2022-03-19 12:00:00,12,Day,3,Medium
Mumbai,SEXUAL ASSAULT,2022,1,2022-03-19 16:00:00,16,Day,3,High
Kolkata,ASSAULT,2022,1,2022-03-19 18:00:00,18,Night,3,High
Ahmedabad,ASSAULT,2022,1,2022-03-22 13:00:00,13,Day,3,High
Srinagar,KIDNAPPING,2022,1,2022-03-23 06:00:00,6,Day,3,Low
Kolkata,ASSAULT,2022,1,2022-03-23 23:00:00,23,Night,3,High
Bangalore,ASSAULT,2022,1,2022-03-24 15:00:00,15,Day,3,High
Jaipur,ASSAULT,2022,1,2022-03-25 18:00:00,18,Night,3,High
Faridabad,SEXUAL ASSAULT,2022,1,2022-03-26 08:00:00,8,Day,3,Low
Bangalore,ASSAULT,2022,1,2022-03-26 15:00:00,15,Day,3,High
Ludhiana,KIDNAPPING,2022,1,2022-03-27 17:00:00,17,Day,3,Medium
Delhi,KIDNAPPING,2022,1,2022-03-28 04:00:00,4,Night,3,High
Faridabad,SEXUAL ASSAULT,2022,1,2022-03-30 17:00:00,17,Day,3,Low
Bangalore,SEXUAL ASSAULT,2022,1,2022-03-31 13:00:00,13,Day,3,High
Ahmedabad,SEXUAL ASSAULT,2022,1,2022-04-04 16:00:00,16,Day,4,High
Jaipur,ASSAULT,2022,1,2022-04-05 03:00:00,3,Night,4,High
Mumbai,KIDNAPPING,2022,1,2022-04-05 17:00:00,17,Day,4,High
Delhi,KIDNAPPING,2022,1,2022-04-07 04:00:00,4,Night,4,High
Chennai,SEXUAL ASSAULT,2022,1,2022-04-08 02:00:00,2,Night,4,High
Faridabad,KIDNAPPING,2022,1,2022-04-08 04:00:00,4,Night,4,Low
Vasai,SEXUAL ASSAULT,2022,1,2022-04-08 20:00:00,20,Night,4,Low
Ahmedabad,ASSAULT,2022,1,2022-04-09 20:00:00,20,Night,4,High
Bangalore,ASSAULT,2022,1,2022-04-11 00:00:00,0,Night,4,High
Bangalore,ASSAULT,2022,1,2022-04-11 06:00:00,6,Day,4,High
Bangalore,KIDNAPPING,2022,1,2022-04-11 10:00:00,10,Day,4,High
Patna,SEXUAL ASSAULT,2022,1,2022-04-12 03:00:00,3,Night,4,Medium
Delhi,KIDNAPPING,2022,1,2022-04-13 04:00:00,4,Night,4,High
Varanasi,KIDNAPPING,2022,1,2022-04-13 14:00:00,14,Day,4,Low
Jaipur,ASSAULT,2022,1,2022-04-16 01:00:00,1,Night,4,High
Patna,SEXUAL ASSAULT,2022,1,2022-04-16 23:00:00,23,Night,4,Medium
Surat,ASSAULT,2022,1,2022-04-17 03:00:00,3,Night,4,Medium
Kanpur,ASSAULT,2022,1,2022-04-19 20:00:00,20,Night,4,Medium
Hyderabad,KIDNAPPING,2022,1,2022-04-20 15:00:00,15,Day,4,High
Kanpur,ASSAULT,2022,1,2022-04-20 16:00:00,16,Day,4,Medium
Kolkata,SEXUAL ASSAULT,2022,1,2022-04-21 21:00:00,21,Night,4,High
Ahmedabad,ASSAULT,2022,1,2022-04-22 10:00:00,10,Day,4,High
Kolkata,KIDNAPPING,2022,1,2022-04-24 01:00:00,1,Night,4,High
Mumbai,ASSAULT,2022,1,2022-04-24 14:00:00,14,Day,4,High
Agra,SEXUAL ASSAULT,2022,1,2022-04-24 19:00:00,19,Night,4,Medium
Pune,KIDNAPPING,2022,1,2022-04-24 20:00:00,20,Night,4,High
Mumbai,SEXUAL ASSAULT,2022,1,2022-04-24 22:00:00,22,Night,4,High
Faridabad,ASSAULT,2022,1,2022-04-25 14:00:00,14,Day,4,Low
Vasai,ASSAULT,2022,1,2022-04-27 01:00:00,1,Night,4,Low
Nagpur,KIDNAPPING,2022,1,2022-04-27 06:00:00,6,Day,4,Medium
Mumbai,SEXUAL ASSAULT,2022,1,2022-04-27 17:00:00,17,Day,4,High
Delhi,KIDNAPPING,2022,1,2022-04-28 17:00:00,17,Day,4,High
Nagpur,SEXUAL ASSAULT,2022,1,2022-04-28 18:00:00,18,Night,4,Medium
Ghaziabad,ASSAULT,2022,1,2022-04-28 19:00:00,19,Night,4,Medium
Kolkata,KIDNAPPING,2022,1,2022-04-28 20:00:00,20,Night,4,High
Chennai,KIDNAPPING,2022,1,2022-04-30 00:00:00,0,Night,4,High
Chennai,ASSAULT,2022,1,2022-04-30 15:00:00,15,Day,4,High
Delhi,ASSAULT,2022,1,2022-05-01 07:00:00,7,Day,5,High
Delhi,KIDNAPPING,2022,1,2022-05-01 20:00:00,20,Night,5,High
Delhi,ASSAULT,2022,1,2022-05-02 02:00:00,2,Night,5,High
Mumbai,SEXUAL ASSAULT,2022,1,2022-05-03 14:00:00,14,Day,5,High
Ahmedabad,SEXUAL ASSAULT,2022,1,2022-05-03 23:00:00,23,Night,5,High
Delhi,ASSAULT,2022,1,2022-05-04 14:00:00,14,Day,5,High
Hyderabad,KIDNAPPING,2022,1,2022-05-07 14:00:00,14,Day,5,High
Kolkata,ASSAULT,2022,1,2022-05-07 22:00:00,22,Night,5,High
Kanpur,KIDNAPPING,2022,1,2022-05-08 21:00:00,21,Night,5,Medium
Mumbai,KIDNAPPING,2022,1,2022-05-10 02:00:00,2,Night,5,High
Kolkata,SEXUAL ASSAULT,2022,1,2022-05-10 06:00:00,6,Day,5,High
Bangalore,ASSAULT,2022,1,2022-05-11 13:00:00,13,Day,5,High
Agra,ASSAULT,2022,1,2022-05-12 02:00:00,2,Night,5,Medium
Chennai,KIDNAPPING,2022,1,2022-05-13 13:00:00,13,Day,5,High
Delhi,ASSAULT,2022,1,2022-05-13 23:00:00,23,Night,5,High
Kalyan,ASSAULT,2022,1,2022-05-14 16:00:00,16,Day,5,Low
Bangalore,SEXUAL ASSAULT,2022,1,2022-05-15 17:00:00,17,Day,5,High
Ahmedabad,KIDNAPPING,2022,1,2022-05-19 17:00:00,17,Day,5,High
Lucknow,KIDNAPPING,2022,1,2022-05-20 11:00:00,11,Day,5,High
Hyderabad,KIDNAPPING,2022,1,2022-05-21 02:00:00,2,Night,5,High
Jaipur,SEXUAL ASSAULT,2022,1,2022-05-21 12:00:00,12,Day,5,High
Jaipur,SEXUAL ASSAULT,2022,1,2022-05-23 19:00:00,19,Night,5,High
Nashik,KIDNAPPING,2022,1,2022-05-24 15:00:00,15,Day,5,Low
Vasai,KIDNAPPING,2022,1,2022-05-24 17:00:00,17,Day,5,Low
Delhi,ASSAULT,2022,1,2022-05-24 18:00:00,18,Night,5,High
Bangalore,ASSAULT,2022,1,2022-05-27 13:00:00,13,Day,5,High
Chennai,ASSAULT,2022,1,2022-05-28 14:00:00,14,Day,5,High
Hyderabad,ASSAULT,2022,1,2022-05-29 20:00:00,20,Night,5,High
Bangalore,KIDNAPPING,2022,1,2022-05-30 04:00:00,4,Night,5,High
Mumbai,SEXUAL ASSAULT,2022,1,2022-05-30 07:00:00,7,Day,5,High
Thane,SEXUAL ASSAULT,2022,1,2022-05-31 13:00:00,13,Day,5,Low
Nagpur,ASSAULT,2022,1,2022-05-31 15:00:00,15,Day,5,Medium
Bangalore,SEXUAL ASSAULT,2022,1,2022-06-01 02:00:00,2,Night,6,High
Bangalore,ASSAULT,2022,1,2022-06-02 19:00:00,19,Night,6,High
Bangalore,KIDNAPPING,2022,1,2022-06-03 00:00:00,0,Night,6,High
Mumbai,ASSAULT,2022,1,2022-06-03 09:00:00,9,Day,6,High
Ahmedabad,SEXUAL ASSAULT,2022,1,2022-06-04 02:00:00,2,Night,6,High
Nagpur,KIDNAPPING,2022,1,2022-06-06 15:00:00,15,Day,6,Medium
Ahmedabad,KIDNAPPING,2022,1,2022-06-08 04:00:00,4,Night,6,High
Hyderabad,ASSAULT,2022,1,2022-06-10 03:00:00,3,Night,6,High
Delhi,SEXUAL ASSAULT,2022,1,2022-06-11 08:00:00,8,Day,6,High
Thane,KIDNAPPING,2022,1,2022-06-12 06:00:00,6,Day,6,Low
Ludhiana,SEXUAL ASSAULT,2022,1,2022-06-14 00:00:00,0,Night,6,Medium
Ahmedabad,ASSAULT,2022,1,2022-06-14 20:00:00,20,Night,6,High
Delhi,ASSAULT,2022,1,2022-06-14 21:00:00,21,Night,6,High
Delhi,ASSAULT,2022,1,2022-06-15 01:00:00,1,Night,6,High
Kanpur,ASSAULT,2022,1,2022-06-15 06:00:00,6,Day,6,Medium
Bangalore,ASSAULT,2022,1,2022-06-15 09:00:00,9,Day,6,High
Mumbai,ASSAULT,2022,1,2022-06-17 14:00:00,14,Day,6,High
Meerut,KIDNAPPING,2022,1,2022-06-17 22:00:00,22,Night,6,Low
Kalyan,KIDNAPPING,2022,1,2022-06-18 20:00:00,20,Night,6,Low
Kolkata,SEXUAL ASSAULT,2022,1,2022-06-18 21:00:00,21,Night,6,High
Lucknow,SEXUAL ASSAULT,2022,1,2022-06-19 12:00:00,12,Day,6,High
Nagpur,SEXUAL ASSAULT,2022,1,2022-06-19 13:00:00,13,Day,6,Medium
Chennai,SEXUAL ASSAULT,2022,1,2022-06-21 11:00:00,11,Day,6,High
Pune,SEXUAL ASSAULT,2022,1,2022-06-22 13:00:00,13,Day,6,High
Mumbai,SEXUAL ASSAULT,2022,1,2022-06-23 09:00:00,9,Day,6,High
Hyderabad,SEXUAL ASSAULT,2022,1,2022-06-23 22:00:00,22,Night,6,High
Mumbai,KIDNAPPING,2022,1,2022-06-24 19:00:00,19,Night,6,High
Bangalore,ASSAULT,2022,1,2022-06-25 12:00:00,12,Day,6,High
Ahmedabad,SEXUAL ASSAULT,2022,1,2022-06-25 21:00:00,21,Night,6,High
Jaipur,SEXUAL ASSAULT,2022,1,2022-06-26 01:00:00,1,Night,6,High
Hyderabad,ASSAULT,2022,1,2022-06-26 04:00:00,4,Night,6,High
Visakhapatnam,KIDNAPPING,2022,1,2022-06-26 06:00:00,6,Day,6,Low
Chennai,KIDNAPPING,2022,1,2022-06-27 03:00:00,3,Night,6,High
Chennai,SEXUAL ASSAULT,2022,1,2022-06-27 14:00:00,14,Day,6,High
Hyderabad,ASSAULT,2022,1,2022-06-27 19:00:00,19,Night,6,High
Delhi,SEXUAL ASSAULT,2022,1,2022-06-28 14:00:00,14,Day,6,High
Bhopal,SEXUAL ASSAULT,2022,1,2022-06-28 20:00:00,20,Night,6,Medium
Delhi,KIDNAPPING,2022,1,2022-06-29 03:00:00,3,Night,6,High
Kanpur,SEXUAL ASSAULT,2022,1,2022-06-30 05:00:00,5,Night,6,Medium
Mumbai,SEXUAL ASSAULT,2022,1,2022-07-02 12:00:00,12,Day,7,High
Jaipur,KIDNAPPING,2022,1,2022-07-03 03:00:00,3,Night,7,High
Mumbai,ASSAULT,2022,1,2022-07-03 19:00:00,19,Night,7,High
Kolkata,SEXUAL ASSAULT,2022,1,2022-07-04 23:00:00,23,Night,7,High
Kolkata,KIDNAPPING,2022,1,2022-07-05 07:00:00,7,Day,7,High
Hyderabad,ASSAULT,2022,1,2022-07-10 05:00:00,5,Night,7,High
Kolkata,ASSAULT,2022,1,2022-07-10 19:00:00,19,Night,7,High
Jaipur,SEXUAL ASSAULT,2022,1,2022-07-11 17:00:00,17,Day,7,High
Bangalore,KIDNAPPING,2022,1,2022-07-11 19:00:00,19,Night,7,High
Hyderabad,ASSAULT,2022,1,2022-07-12 20:00:00,20,Night,7,High
Delhi,ASSAULT,2022,1,2022-07-13 01:00:00,1,Night,7,High
Rajkot,KIDNAPPING,2022,1,2022-07-13 07:00:00,7,Day,7,Low
Patna,SEXUAL ASSAULT,2022,1,2022-07-15 21:00:00,21,Night,7,Medium
Chennai,KIDNAPPING,2022,1,2022-07-16 22:00:00,22,Night,7,High
Jaipur,ASSAULT,2022,1,2022-07-17 10:00:00,10,Day,7,High
Ahmedabad,SEXUAL ASSAULT,2022,1,2022-07-17 21:00:00,21,Night,7,High
Ahmedabad,ASSAULT,2022,1,2022-07-20 18:00:00,18,Night,7,High
Kanpur,KIDNAPPING,2022,1,2022-07-20 20:00:00,20,Night,7,Medium
Mumbai,KIDNAPPING,2022,1,2022-07-21 23:00:00,23,Night,7,High
Ahmedabad,SEXUAL ASSAULT,2022,1,2022-07-22 01:00:00,1,Night,7,High
Bangalore,SEXUAL ASSAULT,2022,1,2022-07-22 10:00:00,10,Day,7,High
Meerut,SEXUAL ASSAULT,2022,1,2022-07-22 15:00:00,15,Day,7,Low
Kolkata,KIDNAPPING,2022,1,2022-07-24 06:00:00,6,Day,7,High
Kanpur,KIDNAPPING,2022,1,2022-07-24 10:00:00,10,Day,7,Medium
Hyderabad,SEXUAL ASSAULT,2022,1,2022-07-25 03:00:00,3,Night,7,High
Jaipur,ASSAULT,2022,1,2022-07-25 19:00:00,19,Night,7,High
Ahmedabad,SEXUAL ASSAULT,2022,1,2022-07-26 02:00:00,2,Night,7,High
Lucknow,SEXUAL ASSAULT,2022,1,2022-07-27 00:00:00,0,Night,7,High
Delhi,KIDNAPPING,2022,1,2022-07-27 08:00:00,8,Day,7,High
Mumbai,SEXUAL ASSAULT,2022,1,2022-07-28 05:00:00,5,Night,7,High
Kolkata,KIDNAPPING,2022,1,2022-07-28 17:00:00,17,Day,7,High
Kolkata,SEXUAL ASSAULT,2022,1,2022-07-28 21:00:00,21,Night,7,High
Surat,SEXUAL ASSAULT,2022,1,2022-07-29 00:00:00,0,Night,7,Medium
Chennai,SEXUAL ASSAULT,2022,1,2022-07-29 03:00:00,3,Night,7,High
Indore,ASSAULT,2022,1,2022-07-30 23:00:00,23,Night,7,Medium
Nagpur,SEXUAL ASSAULT,2022,1,2022-07-31 00:00:00,0,Night,7,Medium
Thane,SEXUAL ASSAULT,2022,1,2022-07-31 06:00:00,6,Day,7,Low
Agra,KIDNAPPING,2022,1,2022-07-31 13:00:00,13,Day,7,Medium
Mumbai,ASSAULT,2022,1,2022-07-31 16:00:00,16,Day,7,High
Pune,ASSAULT,2022,1,2022-08-01 13:00:00,13,Day,8,High
Indore,ASSAULT,2022,1,2022-08-03 10:00:00,10,Day,8,Medium
Chennai,SEXUAL ASSAULT,2022,1,2022-08-04 12:00:00,12,Day,8,High
Delhi,SEXUAL ASSAULT,2022,1,2022-08-04 21:00:00,21,Night,8,High
Kolkata,SEXUAL ASSAULT,2022,1,2022-08-05 03:00:00,3,Night,8,High
Bangalore,SEXUAL ASSAULT,2022,1,2022-08-05 14:00:00,14,Day,8,High
Mumbai,KIDNAPPING,2022,1,2022-08-07 04:00:00,4,Night,8,High
Hyderabad,SEXUAL ASSAULT,2022,1,2022-08-07 11:00:00,11,Day,8,High
Kanpur,KIDNAPPING,2022,1,2022-08-08 17:00:00,17,Day,8,Medium
Nashik,ASSAULT,2022,1,2022-08-08 19:00:00,19,Night,8,Low
Visakhapatnam,KIDNAPPING,2022,1,2022-08-08 20:00:00,20,Night,8,Low
Delhi,ASSAULT,2022,1,2022-08-08 21:00:00,21,Night,8,High
Nagpur,SEXUAL ASSAULT,2022,1,2022-08-10 14:00:00,14,Day,8,Medium
Jaipur,SEXUAL ASSAULT,2022,1,2022-08-10 19:00:00,19,Night,8,High
Delhi,SEXUAL ASSAULT,2022,1,2022-08-14 09:00:00,9,Day,8,High
Bangalore,KIDNAPPING,2022,1,2022-08-14 17:00:00,17,Day,8,High
Bangalore,KIDNAPPING,2022,1,2022-08-15 14:00:00,14,Day,8,High
Mumbai,ASSAULT,2022,1,2022-08-16 17:00:00,17,Day,8,High
Pune,KIDNAPPING,2022,1,2022-08-17 10:00:00,10,Day,8,High
Visakhapatnam,SEXUAL ASSAULT,2022,1,2022-08-19 01:00:00,1,Night,8,Low
Mumbai,SEXUAL ASSAULT,2022,1,2022-08-19 16:00:00,16,Day,8,High
Lucknow,SEXUAL ASSAULT,2022,1,2022-08-19 19:00:00,19,Night,8,High
Bangalore,KIDNAPPING,2022,1,2022-08-20 16:00:00,16,Day,8,High
Surat,KIDNAPPING,2022,1,2022-08-23 03:00:00,3,Night,8,Medium
Kolkata,SEXUAL ASSAULT,2022,1,2022-08-23 06:00:00,6,Day,8,High
Hyderabad,KIDNAPPING,2022,1,2022-08-24 03:00:00,3,Night,8,High
Bhopal,KIDNAPPING,2022,1,2022-08-25 07:00:00,7,Day,8,Medium
Bangalore,ASSAULT,2022,1,2022-08-25 18:00:00,18,Night,8,High
Kanpur,SEXUAL ASSAULT,2022,1,2022-08-27 08:00:00,8,Day,8,Medium
Delhi,SEXUAL ASSAULT,2022,1,2022-08-28 18:00:00,18,Night,8,High
Agra,ASSAULT,2022,1,2022-08-30 08:00:00,8,Day,8,Medium
Delhi,SEXUAL ASSAULT,2022,1,2022-08-30 18:00:00,18,Night,8,High
Bhopal,ASSAULT,2022,1,2022-09-01 13:00:00,13,Day,9,Medium
Vasai,SEXUAL ASSAULT,2022,1,2022-09-01 22:00:00,22,Night,9,Low
Delhi,SEXUAL ASSAULT,2022,1,2022-09-02 07:00:00,7,Day,9,High
Delhi,SEXUAL ASSAULT,2022,1,2022-09-04 21:00:00,21,Night,9,High
Indore,ASSAULT,2022,1,2022-09-05 00:00:00,0,Night,9,Medium
Bangalore,ASSAULT,2022,1,2022-09-05 12:00:00,12,Day,9,High
Nagpur,SEXUAL ASSAULT,2022,1,2022-09-05 14:00:00,14,Day,9,Medium
Bangalore,KIDNAPPING,2022,1,2022-09-06 00:00:00,0,Night,9,High
Kolkata,ASSAULT,2022,1,2022-09-07 14:00:00,14,Day,9,High
Nashik,ASSAULT,2022,1,2022-09-09 07:00:00,7,Day,9,Low
Lucknow,SEXUAL ASSAULT,2022,1,2022-09-09 10:00:00,10,Day,9,High
Hyderabad,SEXUAL ASSAULT,2022,1,2022-09-10 14:00:00,14,Day,9,High
Kolkata,KIDNAPPING,2022,1,2022-09-11 07:00:00,7,Day,9,High
Mumbai,SEXUAL ASSAULT,2022,1,2022-09-11 19:00:00,19,Night,9,High
Kanpur,ASSAULT,2022,1,2022-09-12 09:00:00,9,Day,9,Medium
Ahmedabad,ASSAULT,2022,1,2022-09-13 05:00:00,5,Night,9,High
Ahmedabad,SEXUAL ASSAULT,2022,1,2022-09-15 18:00:00,18,Night,9,High
Nagpur,KIDNAPPING,2022,1,2022-09-16 04:00:00,4,Night,9,Medium
Thane,KIDNAPPING,2022,1,2022-09-16 08:00:00,8,Day,9,Low
Jaipur,KIDNAPPING,2022,1,2022-09-18 19:00:00,19,Night,9,High
Patna,KIDNAPPING,2022,1,2022-09-19 09:00:00,9,Day,9,Medium
Pune,ASSAULT,2022,1,2022-09-19 17:00:00,17,Day,9,High
Mumbai,SEXUAL ASSAULT,2022,1,2022-09-19 21:00:00,21,Night,9,High
Hyderabad,KIDNAPPING,2022,1,2022-09-20 02:00:00,2,Night,9,High
Nagpur,SEXUAL ASSAULT,2022,1,2022-09-21 00:00:00,0,Night,9,Medium
Hyderabad,ASSAULT,2022,1,2022-09-21 03:00:00,3,Night,9,High
Delhi,KIDNAPPING,2022,1,2022-09-21 07:00:00,7,Day,9,High
Varanasi,KIDNAPPING,2022,1,2022-09-25 02:00:00,2,Night,9,Low
Pune,ASSAULT,2022,1,2022-09-25 04:00:00,4,Night,9,High
Mumbai,ASSAULT,2022,1,2022-09-26 01:00:00,1,Night,9,High
Mumbai,KIDNAPPING,2022,1,2022-09-26 09:00:00,9,Day,9,High
Kanpur,KIDNAPPING,2022,1,2022-09-26 12:00:00,12,Day,9,Medium
Surat,KIDNAPPING,2022,1,2022-09-28 18:00:00,18,Night,9,Medium
Ghaziabad,ASSAULT,2022,1,2022-10-01 04:00:00,4,Night,10,Medium
Bangalore,SEXUAL ASSAULT,2022,1,2022-10-01 09:00:00,9,Day,10,High
Bangalore,ASSAULT,2022,1,2022-10-01 19:00:00,19,Night,10,High
Kolkata,ASSAULT,2022,1,2022-10-02 18:00:00,18,Night,10,High
Chennai,KIDNAPPING,2022,1,2022-10-04 02:00:00,2,Night,10,High
Lucknow,ASSAULT,2022,1,2022-10-04 03:00:00,3,Night,10,High
Hyderabad,KIDNAPPING,2022,1,2022-10-06 06:00:00,6,Day,10,High
Thane,SEXUAL ASSAULT,2022,1,2022-10-07 11:00:00,11,Day,10,Low
Kolkata,ASSAULT,2022,1,2022-10-07 17:00:00,17,Day,10,High
Kolkata,SEXUAL ASSAULT,2022,1,2022-10-08 19:00:00,19,Night,10,High
Ahmedabad,ASSAULT,2022,1,2022-10-08 20:00:00,20,Night,10,High
Visakhapatnam,SEXUAL ASSAULT,2022,1,2022-10-10 21:00:00,21,Night,10,Low
Delhi,ASSAULT,2022,1,2022-10-10 22:00:00,22,Night,10,High
Hyderabad,KIDNAPPING,2022,1,2022-10-11 04:00:00,4,Night,10,High
Hyderabad,KIDNAPPING,2022,1,2022-10-11 05:00:00,5,Night,10,High
Delhi,KIDNAPPING,2022,1,2022-10-14 12:00:00,12,Day,10,High
Chennai,ASSAULT,2022,1,2022-10-14 13:00:00,13,Day,10,High
Bangalore,SEXUAL ASSAULT,2022,1,2022-10-16 12:00:00,12,Day,10,High
Ahmedabad,KIDNAPPING,2022,1,2022-10-18 05:00:00,5,Night,10,High
Visakhapatnam,SEXUAL ASSAULT,2022,1,2022-10-19 01:00:00,1,Night,10,Low
Mumbai,KIDNAPPING,2022,1,2022-10-19 22:00:00,22,Night,10,High
Pune,ASSAULT,2022,1,2022-10-20 02:00:00,2,Night,10,High
Ghaziabad,KIDNAPPING,2022,1,2022-10-20 13:00:00,13,Day,10,Medium
Varanasi,ASSAULT,2022,1,2022-10-21 00:00:00,0,Night,10,Low
Jaipur,SEXUAL ASSAULT,2022,1,2022-10-21 19:00:00,19,Night,10,High
Chennai,SEXUAL ASSAULT,2022,1,2022-10-24 07:00:00,7,Day,10,High
Delhi,ASSAULT,2022,1,2022-10-25 06:00:00,6,Day,10,High
Bangalore,KIDNAPPING,2022,1,2022-10-26 08:00:00,8,Day,10,High
Lucknow,KIDNAPPING,2022,1,2022-10-26 12:00:00,12,Day,10,High
Vasai,ASSAULT,2022,1,2022-10-26 13:00:00,13,Day,10,Low
Bangalore,ASSAULT,2022,1,2022-10-26 23:00:00,23,Night,10,High
Ghaziabad,KIDNAPPING,2022,1,2022-10-27 09:00:00,9,Day,10,Medium
Meerut,SEXUAL ASSAULT,2022,1,2022-10-29 10:00:00,10,Day,10,Low
Hyderabad,ASSAULT,2022,1,2022-10-29 14:00:00,14,Day,10,High
Mumbai,SEXUAL ASSAULT,2022,1,2022-10-31 06:00:00,6,Day,10,High
Pune,KIDNAPPING,2022,1,2022-10-31 11:00:00,11,Day,10,High
Bhopal,SEXUAL ASSAULT,2022,1,2022-10-31 13:00:00,13,Day,10,Medium
Nashik,SEXUAL ASSAULT,2022,1,2022-11-01 14:00:00,14,Day,11,Low
Agra,SEXUAL ASSAULT,2022,1,2022-11-02 03:00:00,3,Night,11,Medium
Delhi,SEXUAL ASSAULT,2022,1,2022-11-02 19:00:00,19,Night,11,High
Mumbai,SEXUAL ASSAULT,2022,1,2022-11-04 07:00:00,7,Day,11,High
Mumbai,KIDNAPPING,2022,1,2022-11-04 13:00:00,13,Day,11,High
Nagpur,KIDNAPPING,2022,1,2022-11-05 02:00:00,2,Night,11,Medium
Patna,ASSAULT,2022,1,2022-11-06 03:00:00,3,Night,11,Medium
Surat,ASSAULT,2022,1,2022-11-06 11:00:00,11,Day,11,Medium
Indore,ASSAULT,2022,1,2022-11-07 01:00:00,1,Night,11,Medium
Kanpur,SEXUAL ASSAULT,2022,1,2022-11-09 06:00:00,6,Day,11,Medium
Kolkata,KIDNAPPING,2022,1,2022-11-09 10:00:00,10,Day,11,High
Meerut,SEXUAL ASSAULT,2022,1,2022-11-13 03:00:00,3,Night,11,Low
Mumbai,SEXUAL ASSAULT,2022,1,2022-11-15 02:00:00,2,Night,11,High
Kolkata,SEXUAL ASSAULT,2022,1,2022-11-15 06:00:00,6,Day,11,High
Chennai,SEXUAL ASSAULT,2022,1,2022-11-15 09:00:00,9,Day,11,High
Mumbai,SEXUAL ASSAULT,2022,1,2022-11-15 16:00:00,16,Day,11,High
Delhi,SEXUAL ASSAULT,2022,1,2022-11-16 00:00:00,0,Night,11,High
Hyderabad,ASSAULT,2022,1,2022-11-16 08:00:00,8,Day,11,High
Lucknow,ASSAULT,2022,1,2022-11-16 15:00:00,15,Day,11,High
Mumbai,ASSAULT,2022,1,2022-11-16 17:00:00,17,Day,11,High
Bangalore,KIDNAPPING,2022,1,2022-11-18 07:00:00,7,Day,11,High
Nagpur,ASSAULT,2022,1,2022-11-18 09:00:00,9,Day,11,Medium
Delhi,KIDNAPPING,2022,1,2022-11-18 20:00:00,20,Night,11,High
Bangalore,KIDNAPPING,2022,1,2022-11-19 01:00:00,1,Night,11,High
Bangalore,ASSAULT,2022,1,2022-11-19 15:00:00,15,Day,11,High
Jaipur,KIDNAPPING,2022,1,2022-11-20 03:00:00,3,Night,11,High
Delhi,SEXUAL ASSAULT,2022,1,2022-11-20 17:00:00,17,Day,11,High
Hyderabad,KIDNAPPING,2022,1,2022-11-21 02:00:00,2,Night,11,High
Rajkot,KIDNAPPING,2022,1,2022-11-21 10:00:00,10,Day,11,Low
Jaipur,SEXUAL ASSAULT,2022,1,2022-11-22 13:00:00,13,Day,11,High
Rajkot,ASSAULT,2022,1,2022-11-22 23:00:00,23,Night,11,Low
Kolkata,SEXUAL ASSAULT,2022,1,2022-11-24 04:00:00,4,Night,11,High
Bangalore,ASSAULT,2022,1,2022-11-26 08:00:00,8,Day,11,High
Hyderabad,SEXUAL ASSAULT,2022,1,2022-11-28 06:00:00,6,Day,11,High
Thane,KIDNAPPING,2022,1,2022-11-29 15:00:00,15,Day,11,Low
Bangalore,SEXUAL ASSAULT,2022,1,2022-11-29 21:00:00,21,Night,11,High
Pune,ASSAULT,2022,1,2022-11-30 16:00:00,16,Day,11,High
Pune,SEXUAL ASSAULT,2022,1,2022-12-01 07:00:00,7,Day,12,High
Delhi,KIDNAPPING,2022,1,2022-12-01 16:00:00,16,Day,12,High
Ghaziabad,SEXUAL ASSAULT,2022,1,2022-12-02 22:00:00,22,Night,12,Medium
Kolkata,KIDNAPPING,2022,1,2022-12-03 05:00:00,5,Night,12,High
Bhopal,ASSAULT,2022,1,2022-12-04 08:00:00,8,Day,12,Medium
Lucknow,KIDNAPPING,2022,1,2022-12-05 12:00:00,12,Day,12,High
Mumbai,KIDNAPPING,2022,1,2022-12-05 18:00:00,18,Night,12,High
Delhi,ASSAULT,2022,1,2022-12-06 03:00:00,3,Night,12,High
Hyderabad,KIDNAPPING,2022,1,2022-12-07 01:00:00,1,Night,12,High
Pune,ASSAULT,2022,1,2022-12-08 16:00:00,16,Day,12,High
Hyderabad,SEXUAL ASSAULT,2022,1,2022-12-08 21:00:00,21,Night,12,High
Delhi,SEXUAL ASSAULT,2022,1,2022-12-09 08:00:00,8,Day,12,High
Delhi,KIDNAPPING,2022,1,2022-12-09 10:00:00,10,Day,12,High
Surat,ASSAULT,2022,1,2022-12-11 00:00:00,0,Night,12,Medium
Hyderabad,SEXUAL ASSAULT,2022,1,2022-12-12 02:00:00,2,Night,12,High
Lucknow,SEXUAL ASSAULT,2022,1,2022-12-12 04:00:00,4,Night,12,High
Chennai,SEXUAL ASSAULT,2022,1,2022-12-13 06:00:00,6,Day,12,High
Patna,ASSAULT,2022,1,2022-12-13 08:00:00,8,Day,12,Medium
Ahmedabad,SEXUAL ASSAULT,2022,1,2022-12-13 14:00:00,14,Day,12,High
Kanpur,SEXUAL ASSAULT,2022,1,2022-12-13 15:00:00,15,Day,12,Medium
Pune,KIDNAPPING,2022,1,2022-12-14 20:00:00,20,Night,12,High
Delhi,SEXUAL ASSAULT,2022,1,2022-12-15 01:00:00,1,Night,12,High
Ghaziabad,KIDNAPPING,2022,1,2022-12-15 05:00:00,5,Night,12,Medium
Ghaziabad,SEXUAL ASSAULT,2022,1,2022-12-15 08:00:00,8,Day,12,Medium
Ahmedabad,ASSAULT,2022,1,2022-12-16 21:00:00,21,Night,12,High
Jaipur,SEXUAL ASSAULT,2022,1,2022-12-17 19:00:00,19,Night,12,High
Kolkata,KIDNAPPING,2022,1,2022-12-21 04:00:00,4,Night,12,High
Bangalore,SEXUAL ASSAULT,2022,1,2022-12-22 02:00:00,2,Night,12,High
Ghaziabad,SEXUAL ASSAULT,2022,1,2022-12-27 03:00:00,3,Night,12,Medium
Mumbai,SEXUAL ASSAULT,2022,1,2022-12-27 06:00:00,6,Day,12,High
Mumbai,SEXUAL ASSAULT,2022,1,2022-12-29 21:00:00,21,Night,12,High
Kolkata,KIDNAPPING,2022,1,2022-12-30 03:00:00,3,Night,12,High
Mumbai,SEXUAL ASSAULT,2022,1,2022-12-31 01:00:00,1,Night,12,High
Meerut,KIDNAPPING,2023,1,2023-01-01 23:00:00,23,Night,1,Low
Kolkata,SEXUAL ASSAULT,2023,1,2023-01-02 05:00:00,5,Night,1,High
Agra,KIDNAPPING,2023,1,2023-01-03 19:00:00,19,Night,1,Medium
Ludhiana,SEXUAL ASSAULT,2023,1,2023-01-04 08:00:00,8,Day,1,Medium
Kolkata,SEXUAL ASSAULT,2023,1,2023-01-09 06:00:00,6,Day,1,High
Hyderabad,SEXUAL ASSAULT,2023,1,2023-01-09 22:00:00,22,Night,1,High
Delhi,KIDNAPPING,2023,1,2023-01-13 22:00:00,22,Night,1,High
Pune,SEXUAL ASSAULT,2023,1,2023-01-14 12:00:00,12,Day,1,High
Bhopal,KIDNAPPING,2023,1,2023-01-15 10:00:00,10,Day,1,Medium
Mumbai,KIDNAPPING,2023,1,2023-01-15 23:00:00,23,Night,1,High
Bangalore,KIDNAPPING,2023,1,2023-01-16 04:00:00,4,Night,1,High
Mumbai,SEXUAL ASSAULT,2023,1,2023-01-16 12:00:00,12,Day,1,High
Mumbai,SEXUAL ASSAULT,2023,1,2023-01-17 03:00:00,3,Night,1,High
Mumbai,SEXUAL ASSAULT,2023,1,2023-01-17 20:00:00,20,Night,1,High
Mumbai,ASSAULT,2023,1,2023-01-19 22:00:00,22,Night,1,High
Lucknow,KIDNAPPING,2023,1,2023-01-20 05:00:00,5,Night,1,High
Chennai,KIDNAPPING,2023,1,2023-01-20 22:00:00,22,Night,1,High
Bangalore,KIDNAPPING,2023,1,2023-01-21 14:00:00,14,Day,1,High
Agra,SEXUAL ASSAULT,2023,1,2023-01-24 07:00:00,7,Day,1,Medium
Pune,SEXUAL ASSAULT,2023,1,2023-01-24 15:00:00,15,Day,1,High
Hyderabad,ASSAULT,2023,1,2023-01-25 04:00:00,4,Night,1,High
Jaipur,KIDNAPPING,2023,1,2023-01-26 00:00:00,0,Night,1,High
Mumbai,SEXUAL ASSAULT,2023,1,2023-01-26 02:00:00,2,Night,1,High
Chennai,ASSAULT,2023,1,2023-01-27 02:00:00,2,Night,1,High
Nagpur,SEXUAL ASSAULT,2023,1,2023-01-28 13:00:00,13,Day,1,Medium
Ahmedabad,KIDNAPPING,2023,1,2023-01-29 00:00:00,0,Night,1,High
Bangalore,ASSAULT,2023,1,2023-01-29 19:00:00,19,Night,1,High
Thane,ASSAULT,2023,1,2023-01-29 22:00:00,22,Night,1,Low
Kanpur,KIDNAPPING,2023,1,2023-02-01 04:00:00,4,Night,2,Medium
Bangalore,KIDNAPPING,2023,1,2023-02-02 22:00:00,22,Night,2,High
Chennai,KIDNAPPING,2023,1,2023-02-03 10:00:00,10,Day,2,High
Pune,KIDNAPPING,2023,1,2023-02-03 23:00:00,23,Night,2,High
Mumbai,ASSAULT,2023,1,2023-02-04 08:00:00,8,Day,2,High
Ludhiana,KIDNAPPING,2023,1,2023-02-04 16:00:00,16,Day,2,Medium
Nagpur,SEXUAL ASSAULT,2023,1,2023-02-04 17:00:00,17,Day,2,Medium
Chennai,KIDNAPPING,2023,1,2023-02-06 14:00:00,14,Day,2,High
Kolkata,KIDNAPPING,2023,1,2023-02-06 19:00:00,19,Night,2,High
Bhopal,KIDNAPPING,2023,1,2023-02-07 14:00:00,14,Day,2,Medium
Delhi,KIDNAPPING,2023,1,2023-02-09 13:00:00,13,Day,2,High
Hyderabad,SEXUAL ASSAULT,2023,1,2023-02-09 15:00:00,15,Day,2,High
Kolkata,ASSAULT,2023,1,2023-02-11 09:00:00,9,Day,2,High
Kolkata,KIDNAPPING,2023,1,2023-02-13 10:00:00,10,Day,2,High
Patna,ASSAULT,2023,1,2023-02-15 15:00:00,15,Day,2,Medium
Faridabad,KIDNAPPING,2023,1,2023-02-16 04:00:00,4,Night,2,Low
Chennai,KIDNAPPING,2023,1,2023-02-16 19:00:00,19,Night,2,High
Hyderabad,KIDNAPPING,2023,1,2023-02-17 01:00:00,1,Night,2,High
Rajkot,KIDNAPPING,2023,1,2023-02-17 18:00:00,18,Night,2,Low
Delhi,SEXUAL ASSAULT,2023,1,2023-02-17 22:00:00,22,Night,2,High
Agra,SEXUAL ASSAULT,2023,1,2023-02-19 05:00:00,5,Night,2,Medium
Bangalore,SEXUAL ASSAULT,2023,1,2023-02-19 11:00:00,11,Day,2,High
Chennai,KIDNAPPING,2023,1,2023-02-20 11:00:00,11,Day,2,High
Patna,SEXUAL ASSAULT,2023,1,2023-02-20 14:00:00,14,Day,2,Medium
Mumbai,KIDNAPPING,2023,1,2023-02-23 06:00:00,6,Day,2,High
Bangalore,KIDNAPPING,2023,1,2023-02-24 08:00:00,8,Day,2,High
Ghaziabad,ASSAULT,2023,1,2023-02-24 22:00:00,22,Night,2,Medium
Surat,KIDNAPPING,2023,1,2023-02-25 05:00:00,5,Night,2,Medium
Delhi,SEXUAL ASSAULT,2023,1,2023-02-25 18:00:00,18,Night,2,High
Mumbai,KIDNAPPING,2023,1,2023-02-26 11:00:00,11,Day,2,High
Bangalore,KIDNAPPING,2023,1,2023-02-26 17:00:00,17,Day,2,High
Vasai,KIDNAPPING,2023,1,2023-02-26 22:00:00,22,Night,2,Low
Hyderabad,SEXUAL ASSAULT,2023,1,2023-02-28 01:00:00,1,Night,2,High
Mumbai,ASSAULT,2023,1,2023-02-28 08:00:00,8,Day,2,High
Ahmedabad,KIDNAPPING,2023,1,2023-03-02 18:00:00,18,Night,3,High
Mumbai,KIDNAPPING,2023,1,2023-03-03 04:00:00,4,Night,3,High
Nagpur,ASSAULT,2023,1,2023-03-03 21:00:00,21,Night,3,Medium
Mumbai,SEXUAL ASSAULT,2023,1,2023-03-06 02:00:00,2,Night,3,High
Bangalore,ASSAULT,2023,1,2023-03-08 08:00:00,8,Day,3,High
Ahmedabad,SEXUAL ASSAULT,2023,1,2023-03-10 18:00:00,18,Night,3,High
Mumbai,ASSAULT,2023,1,2023-03-11 23:00:00,23,Night,3,High
Delhi,KIDNAPPING,2023,1,2023-03-12 15:00:00,15,Day,3,High
Mumbai,KIDNAPPING,2023,1,2023-03-14 00:00:00,0,Night,3,High
Kalyan,KIDNAPPING,2023,1,2023-03-15 14:00:00,14,Day,3,Low
Chennai,KIDNAPPING,2023,1,2023-03-16 07:00:00,7,Day,3,High
Mumbai,KIDNAPPING,2023,1,2023-03-18 19:00:00,19,Night,3,High
Hyderabad,ASSAULT,2023,1,2023-03-19 02:00:00,2,Night,3,High
Delhi,SEXUAL ASSAULT,2023,1,2023-03-19 23:00:00,23,Night,3,High
Hyderabad,ASSAULT,2023,1,2023-03-21 02:00:00,2,Night,3,High
Bangalore,SEXUAL ASSAULT,2023,1,2023-03-21 18:00:00,18,Night,3,High
Kanpur,ASSAULT,2023,1,2023-03-24 16:00:00,16,Day,3,Medium
Mumbai,SEXUAL ASSAULT,2023,1,2023-03-25 22:00:00,22,Night,3,High
Lucknow,KIDNAPPING,2023,1,2023-03-27 12:00:00,12,Day,3,High
Ahmedabad,SEXUAL ASSAULT,2023,1,2023-03-28 15:00:00,15,Day,3,High
Indore,SEXUAL ASSAULT,2023,1,2023-03-30 22:00:00,22,Night,3,Medium
Agra,KIDNAPPING,2023,1,2023-03-31 08:00:00,8,Day,3,Medium
Bhopal,KIDNAPPING,2023,1,2023-04-01 03:00:00,3,Night,4,Medium
Bhopal,KIDNAPPING,2023,1,2023-04-04 16:00:00,16,Day,4,Medium
Bangalore,ASSAULT,2023,1,2023-04-07 07:00:00,7,Day,4,High
Kolkata,ASSAULT,2023,1,2023-04-07 20:00:00,20,Night,4,High
Ahmedabad,ASSAULT,2023,1,2023-04-10 08:00:00,8,Day,4,High
Patna,ASSAULT,2023,1,2023-04-11 09:00:00,9,Day,4,Medium
Mumbai,KIDNAPPING,2023,1,2023-04-13 18:00:00,18,Night,4,High
Ludhiana,SEXUAL ASSAULT,2023,1,2023-04-14 12:00:00,12,Day,4,Medium
Mumbai,SEXUAL ASSAULT,2023,1,2023-04-16 02:00:00,2,Night,4,High
Delhi,SEXUAL ASSAULT,2023,1,2023-04-16 03:00:00,3,Night,4,High
Kolkata,SEXUAL ASSAULT,2023,1,2023-04-16 20:00:00,20,Night,4,High
Bangalore,KIDNAPPING,2023,1,2023-04-16 23:00:00,23,Night,4,High
Bangalore,ASSAULT,2023,1,2023-04-17 02:00:00,2,Night,4,High
Chennai,SEXUAL ASSAULT,2023,1,2023-04-17 18:00:00,18,Night,4,High
Kolkata,KIDNAPPING,2023,1,2023-04-18 02:00:00,2,Night,4,High
Faridabad,ASSAULT,2023,1,2023-04-19 18:00:00,18,Night,4,Low
Ludhiana,SEXUAL ASSAULT,2023,1,2023-04-21 02:00:00,2,Night,4,Medium
Mumbai,KIDNAPPING,2023,1,2023-04-23 08:00:00,8,Day,4,High
Delhi,ASSAULT,2023,1,2023-04-24 19:00:00,19,Night,4,High
Patna,SEXUAL ASSAULT,2023,1,2023-04-25 01:00:00,1,Night,4,Medium
Kanpur,ASSAULT,2023,1,2023-04-26 18:00:00,18,Night,4,Medium
Kolkata,SEXUAL ASSAULT,2023,1,2023-04-27 04:00:00,4,Night,4,High
Agra,ASSAULT,2023,1,2023-04-27 07:00:00,7,Day,4,Medium
Bangalore,SEXUAL ASSAULT,2023,1,2023-04-27 11:00:00,11,Day,4,High
Kolkata,SEXUAL ASSAULT,2023,1,2023-04-27 15:00:00,15,Day,4,High
Bangalore,KIDNAPPING,2023,1,2023-04-28 06:00:00,6,Day,4,High
Hyderabad,KIDNAPPING,2023,1,2023-04-28 09:00:00,9,Day,4,High
Mumbai,SEXUAL ASSAULT,2023,1,2023-04-29 13:00:00,13,Day,4,High
Mumbai,ASSAULT,2023,1,2023-04-29 18:00:00,18,Night,4,High
Pune,SEXUAL ASSAULT,2023,1,2023-04-30 13:00:00,13,Day,4,High
Delhi,KIDNAPPING,2023,1,2023-05-01 00:00:00,0,Night,5,High
Nashik,KIDNAPPING,2023,1,2023-05-04 11:00:00,11,Day,5,Low
Delhi,KIDNAPPING,2023,1,2023-05-04 21:00:00,21,Night,5,High
Mumbai,ASSAULT,2023,1,2023-05-05 00:00:00,0,Night,5,High
Mumbai,ASSAULT,2023,1,2023-05-06 00:00:00,0,Night,5,High
Nagpur,KIDNAPPING,2023,1,2023-05-06 04:00:00,4,Night,5,Medium
Kolkata,KIDNAPPING,2023,1,2023-05-06 08:00:00,8,Day,5,High
Kanpur,SEXUAL ASSAULT,2023,1,2023-05-06 20:00:00,20,Night,5,Medium
Ahmedabad,KIDNAPPING,2023,1,2023-05-07 00:00:00,0,Night,5,High
Kolkata,KIDNAPPING,2023,1,2023-05-07 10:00:00,10,Day,5,High
Hyderabad,ASSAULT,2023,1,2023-05-07 12:00:00,12,Day,5,High
Delhi,ASSAULT,2023,1,2023-05-08 14:00:00,14,Day,5,High
Ahmedabad,ASSAULT,2023,1,2023-05-09 12:00:00,12,Day,5,High
Kalyan,KIDNAPPING,2023,1,2023-05-09 13:00:00,13,Day,5,Low
Bangalore,KIDNAPPING,2023,1,2023-05-10 00:00:00,0,Night,5,High
Mumbai,ASSAULT,2023,1,2023-05-11 00:00:00,0,Night,5,High
Kolkata,KIDNAPPING,2023,1,2023-05-11 03:00:00,3,Night,5,High
Chennai,SEXUAL ASSAULT,2023,1,2023-05-11 09:00:00,9,Day,5,High
Delhi,SEXUAL ASSAULT,2023,1,2023-05-11 15:00:00,15,Day,5,High
Mumbai,ASSAULT,2023,1,2023-05-12 00:00:00,0,Night,5,High
Ghaziabad,SEXUAL ASSAULT,2023,1,2023-05-12 07:00:00,7,Day,5,Medium
Delhi,SEXUAL ASSAULT,2023,1,2023-05-12 13:00:00,13,Day,5,High
Kalyan,ASSAULT,2023,1,2023-05-13 21:00:00,21,Night,5,Low
Hyderabad,SEXUAL ASSAULT,2023,1,2023-05-13 23:00:00,23,Night,5,High
Meerut,KIDNAPPING,2023,1,2023-05-14 00:00:00,0,Night,5,Low
Agra,ASSAULT,2023,1,2023-05-14 19:00:00,19,Night,5,Medium
Nashik,ASSAULT,2023,1,2023-05-14 20:00:00,20,Night,5,Low
Delhi,ASSAULT,2023,1,2023-05-16 08:00:00,8,Day,5,High
Ghaziabad,SEXUAL ASSAULT,2023,1,2023-05-17 01:00:00,1,Night,5,Medium
Pune,SEXUAL ASSAULT,2023,1,2023-05-17 03:00:00,3,Night,5,High
Mumbai,ASSAULT,2023,1,2023-05-17 11:00:00,11,Day,5,High
Nagpur,ASSAULT,2023,1,2023-05-18 05:00:00,5,Night,5,Medium
Agra,SEXUAL ASSAULT,2023,1,2023-05-18 16:00:00,16,Day,5,Medium
Surat,ASSAULT,2023,1,2023-05-18 18:00:00,18,Night,5,Medium
Mumbai,SEXUAL ASSAULT,2023,1,2023-05-19 13:00:00,13,Day,5,High
Vasai,SEXUAL ASSAULT,2023,1,2023-05-19 16:00:00,16,Day,5,Low
Rajkot,ASSAULT,2023,1,2023-05-19 17:00:00,17,Day,5,Low
Chennai,KIDNAPPING,2023,1,2023-05-19 18:00:00,18,Night,5,High
Delhi,KIDNAPPING,2023,1,2023-05-20 22:00:00,22,Night,5,High
Ghaziabad,KIDNAPPING,2023,1,2023-05-21 00:00:00,0,Night,5,Medium
Rajkot,KIDNAPPING,2023,1,2023-05-21 06:00:00,6,Day,5,Low
Patna,KIDNAPPING,2023,1,2023-05-21 12:00:00,12,Day,5,Medium
Thane,KIDNAPPING,2023,1,2023-05-23 03:00:00,3,Night,5,Low
Lucknow,ASSAULT,2023,1,2023-05-23 06:00:00,6,Day,5,High
Jaipur,KIDNAPPING,2023,1,2023-05-23 07:00:00,7,Day,5,High
Srinagar,ASSAULT,2023,1,2023-05-23 10:00:00,10,Day,5,Low
Delhi,KIDNAPPING,2023,1,2023-05-23 11:00:00,11,Day,5,High
Delhi,SEXUAL ASSAULT,2023,1,2023-05-23 12:00:00,12,Day,5,High
Lucknow,ASSAULT,2023,1,2023-05-23 19:00:00,19,Night,5,High
Ludhiana,KIDNAPPING,2023,1,2023-05-24 02:00:00,2,Night,5,Medium
Delhi,ASSAULT,2023,1,2023-05-24 16:00:00,16,Day,5,High
Ahmedabad,ASSAULT,2023,1,2023-05-24 21:00:00,21,Night,5,High
Hyderabad,SEXUAL ASSAULT,2023,1,2023-05-25 00:00:00,0,Night,5,High
Jaipur,SEXUAL ASSAULT,2023,1,2023-05-25 03:00:00,3,Night,5,High
Chennai,KIDNAPPING,2023,1,2023-05-25 05:00:00,5,Night,5,High
Nagpur,ASSAULT,2023,1,2023-05-25 08:00:00,8,Day,5,Medium
Indore,KIDNAPPING,2023,1,2023-05-25 23:00:00,23,Night,5,Medium
Bangalore,KIDNAPPING,2023,1,2023-05-26 08:00:00,8,Day,5,High
Delhi,KIDNAPPING,2023,1,2023-05-27 07:00:00,7,Day,5,High
Ahmedabad,SEXUAL ASSAULT,2023,1,2023-05-27 15:00:00,15,Day,5,High
Bangalore,SEXUAL ASSAULT,2023,1,2023-05-27 23:00:00,23,Night,5,High
Patna,KIDNAPPING,2023,1,2023-05-28 06:00:00,6,Day,5,Medium
Pune,SEXUAL ASSAULT,2023,1,2023-05-28 17:00:00,17,Day,5,High
Bangalore,ASSAULT,2023,1,2023-05-29 05:00:00,5,Night,5,High
Bangalore,ASSAULT,2023,1,2023-05-29 19:00:00,19,Night,5,High
Ahmedabad,ASSAULT,2023,1,2023-05-29 21:00:00,21,Night,5,High
Delhi,KIDNAPPING,2023,1,2023-05-30 08:00:00,8,Day,5,High
Faridabad,SEXUAL ASSAULT,2023,1,2023-05-30 12:00:00,12,Day,5,Low
Lucknow,SEXUAL ASSAULT,2023,1,2023-05-30 18:00:00,18,Night,5,High
Mumbai,ASSAULT,2023,1,2023-05-31 13:00:00,13,Day,5,High
Mumbai,SEXUAL ASSAULT,2023,1,2023-06-01 02:00:00,2,Night,6,High
Bangalore,ASSAULT,2023,1,2023-06-01 12:00:00,12,Day,6,High
Delhi,SEXUAL ASSAULT,2023,1,2023-06-01 13:00:00,13,Day,6,High
Mumbai,ASSAULT,2023,1,2023-06-01 17:00:00,17,Day,6,High
Ahmedabad,ASSAULT,2023,1,2023-06-02 01:00:00,1,Night,6,High
Ahmedabad,ASSAULT,2023,1,2023-06-02 15:00:00,15,Day,6,High
Kolkata,SEXUAL ASSAULT,2023,1,2023-06-02 16:00:00,16,Day,6,High
Ahmedabad,SEXUAL ASSAULT,2023,1,2023-06-02 19:00:00,19,Night,6,High
Ahmedabad,ASSAULT,2023,1,2023-06-03 09:00:00,9,Day,6,High
Delhi,SEXUAL ASSAULT,2023,1,2023-06-04 00:00:00,0,Night,6,High
Delhi,ASSAULT,2023,1,2023-06-05 02:00:00,2,Night,6,High
Bangalore,KIDNAPPING,2023,1,2023-06-05 06:00:00,6,Day,6,High
Pune,KIDNAPPING,2023,1,2023-06-05 17:00:00,17,Day,6,High
Kolkata,ASSAULT,2023,1,2023-06-06 01:00:00,1,Night,6,High
Bangalore,SEXUAL ASSAULT,2023,1,2023-06-06 08:00:00,8,Day,6,High
Pune,KIDNAPPING,2023,1,2023-06-06 11:00:00,11,Day,6,High
Bangalore,ASSAULT,2023,1,2023-06-06 13:00:00,13,Day,6,High
Jaipur,ASSAULT,2023,1,2023-06-06 15:00:00,15,Day,6,High
Mumbai,ASSAULT,2023,1,2023-06-06 19:00:00,19,Night,6,High
Mumbai,KIDNAPPING,2023,1,2023-06-07 03:00:00,3,Night,6,High
Bangalore,SEXUAL ASSAULT,2023,1,2023-06-07 12:00:00,12,Day,6,High
Meerut,ASSAULT,2023,1,2023-06-07 19:00:00,19,Night,6,Low
Bhopal,KIDNAPPING,2023,1,2023-06-07 23:00:00,23,Night,6,Medium
Surat,SEXUAL ASSAULT,2023,1,2023-06-08 11:00:00,11,Day,6,Medium
Bhopal,SEXUAL ASSAULT,2023,1,2023-06-09 07:00:00,7,Day,6,Medium
Agra,ASSAULT,2023,1,2023-06-09 20:00:00,20,Night,6,Medium
Thane,KIDNAPPING,2023,1,2023-06-10 11:00:00,11,Day,6,Low
Kanpur,SEXUAL ASSAULT,2023,1,2023-06-11 09:00:00,9,Day,6,Medium
Mumbai,ASSAULT,2023,1,2023-06-12 04:00:00,4,Night,6,High
Ghaziabad,ASSAULT,2023,1,2023-06-12 14:00:00,14,Day,6,Medium
Agra,KIDNAPPING,2023,1,2023-06-12 20:00:00,20,Night,6,Medium
Mumbai,SEXUAL ASSAULT,2023,1,2023-06-13 00:00:00,0,Night,6,High
Ahmedabad,ASSAULT,2023,1,2023-06-13 02:00:00,2,Night,6,High
Nagpur,KIDNAPPING,2023,1,2023-06-13 08:00:00,8,Day,6,Medium
Delhi,KIDNAPPING,2023,1,2023-06-14 03:00:00,3,Night,6,High
Nashik,SEXUAL ASSAULT,2023,1,2023-06-14 10:00:00,10,Day,6,Low
Mumbai,SEXUAL ASSAULT,2023,1,2023-06-14 16:00:00,16,Day,6,High
Delhi,ASSAULT,2023,1,2023-06-14 20:00:00,20,Night,6,High
Bangalore,SEXUAL ASSAULT,2023,1,2023-06-15 17:00:00,17,Day,6,High
Hyderabad,SEXUAL ASSAULT,2023,1,2023-06-16 22:00:00,22,Night,6,High
Thane,ASSAULT,2023,1,2023-06-16 23:00:00,23,Night,6,Low
Surat,SEXUAL ASSAULT,2023,1,2023-06-17 01:00:00,1,Night,6,Medium
Nashik,SEXUAL ASSAULT,2023,1,2023-06-17 05:00:00,5,Night,6,Low
Ludhiana,ASSAULT,2023,1,2023-06-17 06:00:00,6,Day,6,Medium
Delhi,SEXUAL ASSAULT,2023,1,2023-06-17 13:00:00,13,Day,6,High
Kanpur,SEXUAL ASSAULT,2023,1,2023-06-17 22:00:00,22,Night,6,Medium
Ludhiana,SEXUAL ASSAULT,2023,1,2023-06-18 15:00:00,15,Day,6,Medium
Ghaziabad,SEXUAL ASSAULT,2023,1,2023-06-19 02:00:00,2,Night,6,Medium
Vasai,ASSAULT,2023,1,2023-06-21 03:00:00,3,Night,6,Low
Bangalore,ASSAULT,2023,1,2023-06-22 08:00:00,8,Day,6,High
Ahmedabad,ASSAULT,2023,1,2023-06-22 15:00:00,15,Day,6,High
Bhopal,KIDNAPPING,2023,1,2023-06-23 00:00:00,0,Night,6,Medium
Pune,ASSAULT,2023,1,2023-06-23 15:00:00,15,Day,6,High
Agra,ASSAULT,2023,1,2023-06-23 16:00:00,16,Day,6,Medium
Pune,ASSAULT,2023,1,2023-06-23 23:00:00,23,Night,6,High
Mumbai,SEXUAL ASSAULT,2023,1,2023-06-24 17:00:00,17,Day,6,High
Lucknow,SEXUAL ASSAULT,2023,1,2023-06-25 14:00:00,14,Day,6,High
Lucknow,SEXUAL ASSAULT,2023,1,2023-06-25 22:00:00,22,Night,6,High
Mumbai,KIDNAPPING,2023,1,2023-06-26 12:00:00,12,Day,6,High
Ludhiana,SEXUAL ASSAULT,2023,1,2023-06-26 22:00:00,22,Night,6,Medium
Bangalore,ASSAULT,2023,1,2023-06-27 03:00:00,3,Night,6,High
Mumbai,KIDNAPPING,2023,1,2023-06-27 12:00:00,12,Day,6,High
Surat,SEXUAL ASSAULT,2023,1,2023-06-28 00:00:00,0,Night,6,Medium
Agra,KIDNAPPING,2023,1,2023-06-28 02:00:00,2,Night,6,Medium
Mumbai,SEXUAL ASSAULT,2023,1,2023-06-28 20:00:00,20,Night,6,High
Patna,KIDNAPPING,2023,1,2023-06-29 02:00:00,2,Night,6,Medium
Delhi,SEXUAL ASSAULT,2023,1,2023-06-29 05:00:00,5,Night,6,High
Faridabad,ASSAULT,2023,1,2023-06-29 08:00:00,8,Day,6,Low
Mumbai,SEXUAL ASSAULT,2023,1,2023-06-29 10:00:00,10,Day,6,High
Ludhiana,ASSAULT,2023,1,2023-06-29 22:00:00,22,Night,6,Medium
Hyderabad,KIDNAPPING,2023,1,2023-06-30 02:00:00,2,Night,6,High
Ahmedabad,ASSAULT,2023,1,2023-06-30 12:00:00,12,Day,6,High
Delhi,KIDNAPPING,2023,1,2023-06-30 13:00:00,13,Day,6,High
Pune,SEXUAL ASSAULT,2023,1,2023-06-30 15:00:00,15,Day,6,High
Delhi,SEXUAL ASSAULT,2023,1,2023-06-30 16:00:00,16,Day,6,High
Delhi,ASSAULT,2023,1,2023-06-30 18:00:00,18,Night,6,High
Delhi,SEXUAL ASSAULT,2023,1,2023-07-02 05:00:00,5,Night,7,High
Surat,ASSAULT,2023,1,2023-07-02 10:00:00,10,Day,7,Medium
Hyderabad,SEXUAL ASSAULT,2023,1,2023-07-02 15:00:00,15,Day,7,High
Kolkata,ASSAULT,2023,1,2023-07-03 12:00:00,12,Day,7,High
Hyderabad,KIDNAPPING,2023,1,2023-07-03 16:00:00,16,Day,7,High
Lucknow,SEXUAL ASSAULT,2023,1,2023-07-03 21:00:00,21,Night,7,High
Jaipur,ASSAULT,2023,1,2023-07-04 03:00:00,3,Night,7,High
Mumbai,ASSAULT,2023,1,2023-07-04 14:00:00,14,Day,7,High
Mumbai,KIDNAPPING,2023,1,2023-07-05 02:00:00,2,Night,7,High
Kanpur,KIDNAPPING,2023,1,2023-07-05 15:00:00,15,Day,7,Medium
Chennai,KIDNAPPING,2023,1,2023-07-06 22:00:00,22,Night,7,High
Surat,ASSAULT,2023,1,2023-07-07 07:00:00,7,Day,7,Medium
Kalyan,SEXUAL ASSAULT,2023,1,2023-07-07 21:00:00,21,Night,7,Low
Hyderabad,KIDNAPPING,2023,1,2023-07-08 08:00:00,8,Day,7,High
Chennai,KIDNAPPING,2023,1,2023-07-08 15:00:00,15,Day,7,High
Agra,ASSAULT,2023,1,2023-07-09 02:00:00,2,Night,7,Medium
Mumbai,KIDNAPPING,2023,1,2023-07-09 12:00:00,12,Day,7,High
Meerut,ASSAULT,2023,1,2023-07-09 15:00:00,15,Day,7,Low
Chennai,KIDNAPPING,2023,1,2023-07-09 20:00:00,20,Night,7,High
Delhi,ASSAULT,2023,1,2023-07-10 05:00:00,5,Night,7,High
Agra,SEXUAL ASSAULT,2023,1,2023-07-10 07:00:00,7,Day,7,Medium
Ahmedabad,ASSAULT,2023,1,2023-07-11 06:00:00,6,Day,7,High
Mumbai,KIDNAPPING,2023,1,2023-07-11 13:00:00,13,Day,7,High
Lucknow,KIDNAPPING,2023,1,2023-07-11 15:00:00,15,Day,7,High
Ahmedabad,ASSAULT,2023,1,2023-07-12 00:00:00,0,Night,7,High
Bhopal,KIDNAPPING,2023,1,2023-07-12 21:00:00,21,Night,7,Medium
Bangalore,ASSAULT,2023,1,2023-07-13 03:00:00,3,Night,7,High
Kolkata,ASSAULT,2023,1,2023-07-13 05:00:00,5,Night,7,High
Nagpur,SEXUAL ASSAULT,2023,1,2023-07-13 06:00:00,6,Day,7,Medium
Chennai,SEXUAL ASSAULT,2023,1,2023-07-13 22:00:00,22,Night,7,High
Bangalore,ASSAULT,2023,1,2023-07-14 11:00:00,11,Day,7,High
Lucknow,KIDNAPPING,2023,1,2023-07-15 05:00:00,5,Night,7,High
Kolkata,SEXUAL ASSAULT,2023,1,2023-07-15 11:00:00,11,Day,7,High
Nagpur,SEXUAL ASSAULT,2023,1,2023-07-15 20:00:00,20,Night,7,Medium
Visakhapatnam,SEXUAL ASSAULT,2023,1,2023-07-16 14:00:00,14,Day,7,Low
Hyderabad,ASSAULT,2023,1,2023-07-16 15:00:00,15,Day,7,High
Thane,KIDNAPPING,2023,1,2023-07-17 03:00:00,3,Night,7,Low
Chennai,ASSAULT,2023,1,2023-07-18 00:00:00,0,Night,7,High
Agra,SEXUAL ASSAULT,2023,1,2023-07-18 13:00:00,13,Day,7,Medium
Visakhapatnam,KIDNAPPING,2023,1,2023-07-18 20:00:00,20,Night,7,Low
Surat,SEXUAL ASSAULT,2023,1,2023-07-18 21:00:00,21,Night,7,Medium
Mumbai,KIDNAPPING,2023,1,2023-07-18 23:00:00,23,Night,7,High
Chennai,KIDNAPPING,2023,1,2023-07-19 18:00:00,18,Night,7,High
Agra,KIDNAPPING,2023,1,2023-07-20 03:00:00,3,Night,7,Medium
Vasai,KIDNAPPING,2023,1,2023-07-20 05:00:00,5,Night,7,Low
Delhi,KIDNAPPING,2023,1,2023-07-20 15:00:00,15,Day,7,High
Agra,ASSAULT,2023,1,2023-07-20 19:00:00,19,Night,7,Medium
Rajkot,ASSAULT,2023,1,2023-07-21 04:00:00,4,Night,7,Low
Kolkata,SEXUAL ASSAULT,2023,1,2023-07-22 00:00:00,0,Night,7,High
Jaipur,ASSAULT,2023,1,2023-07-22 09:00:00,9,Day,7,High
Hyderabad,ASSAULT,2023,1,2023-07-22 11:00:00,11,Day,7,High
Delhi,ASSAULT,2023,1,2023-07-22 17:00:00,17,Day,7,High
Ghaziabad,SEXUAL ASSAULT,2023,1,2023-07-22 19:00:00,19,Night,7,Medium
Kolkata,KIDNAPPING,2023,1,2023-07-23 21:00:00,21,Night,7,High
Delhi,ASSAULT,2023,1,2023-07-26 19:00:00,19,Night,7,High
Kanpur,SEXUAL ASSAULT,2023,1,2023-07-27 05:00:00,5,Night,7,Medium
Bangalore,SEXUAL ASSAULT,2023,1,2023-07-27 13:00:00,13,Day,7,High
Delhi,SEXUAL ASSAULT,2023,1,2023-07-27 15:00:00,15,Day,7,High
Pune,ASSAULT,2023,1,2023-07-28 09:00:00,9,Day,7,High
Bangalore,KIDNAPPING,2023,1,2023-07-28 14:00:00,14,Day,7,High
Surat,ASSAULT,2023,1,2023-07-29 19:00:00,19,Night,7,Medium
Bangalore,ASSAULT,2023,1,2023-07-29 20:00:00,20,Night,7,High
Delhi,SEXUAL ASSAULT,2023,1,2023-07-30 03:00:00,3,Night,7,High
Mumbai,ASSAULT,2023,1,2023-07-30 08:00:00,8,Day,7,High
Delhi,SEXUAL ASSAULT,2023,1,2023-07-31 16:00:00,16,Day,7,High
Kolkata,ASSAULT,2023,1,2023-07-31 21:00:00,21,Night,7,High
Visakhapatnam,KIDNAPPING,2023,1,2023-08-02 07:00:00,7,Day,8,Low
Agra,KIDNAPPING,2023,1,2023-08-03 04:00:00,4,Night,8,Medium
Chennai,ASSAULT,2023,1,2023-08-03 11:00:00,11,Day,8,High
Mumbai,KIDNAPPING,2023,1,2023-08-04 15:00:00,15,Day,8,High
Chennai,SEXUAL ASSAULT,2023,1,2023-08-04 19:00:00,19,Night,8,High
Lucknow,KIDNAPPING,2023,1,2023-08-06 03:00:00,3,Night,8,High
Mumbai,ASSAULT,2023,1,2023-08-06 10:00:00,10,Day,8,High
Pune,SEXUAL ASSAULT,2023,1,2023-08-06 14:00:00,14,Day,8,High
Bangalore,ASSAULT,2023,1,2023-08-06 15:00:00,15,Day,8,High
Delhi,ASSAULT,2023,1,2023-08-06 17:00:00,17,Day,8,High
Hyderabad,KIDNAPPING,2023,1,2023-08-06 19:00:00,19,Night,8,High
Visakhapatnam,ASSAULT,2023,1,2023-08-07 10:00:00,10,Day,8,Low
Bhopal,ASSAULT,2023,1,2023-08-07 23:00:00,23,Night,8,Medium
Lucknow,ASSAULT,2023,1,2023-08-08 07:00:00,7,Day,8,High
Mumbai,SEXUAL ASSAULT,2023,1,2023-08-09 03:00:00,3,Night,8,High
Delhi,ASSAULT,2023,1,2023-08-09 08:00:00,8,Day,8,High
Lucknow,KIDNAPPING,2023,1,2023-08-09 19:00:00,19,Night,8,High
Bangalore,SEXUAL ASSAULT,2023,1,2023-08-10 09:00:00,9,Day,8,High
Indore,SEXUAL ASSAULT,2023,1,2023-08-11 04:00:00,4,Night,8,Medium
Pune,ASSAULT,2023,1,2023-08-11 08:00:00,8,Day,8,High
Patna,SEXUAL ASSAULT,2023,1,2023-08-11 11:00:00,11,Day,8,Medium
Bangalore,SEXUAL ASSAULT,2023,1,2023-08-12 00:00:00,0,Night,8,High
Indore,KIDNAPPING,2023,1,2023-08-12 11:00:00,11,Day,8,Medium
Kolkata,SEXUAL ASSAULT,2023,1,2023-08-12 20:00:00,20,Night,8,High
Ahmedabad,ASSAULT,2023,1,2023-08-13 01:00:00,1,Night,8,High
Mumbai,ASSAULT,2023,1,2023-08-13 22:00:00,22,Night,8,High
Chennai,SEXUAL ASSAULT,2023,1,2023-08-13 23:00:00,23,Night,8,High
Hyderabad,KIDNAPPING,2023,1,2023-08-14 06:00:00,6,Day,8,High
Ahmedabad,SEXUAL ASSAULT,2023,1,2023-08-14 09:00:00,9,Day,8,High
Mumbai,KIDNAPPING,2023,1,2023-08-15 20:00:00,20,Night,8,High
Bhopal,KIDNAPPING,2023,1,2023-08-17 04:00:00,4,Night,8,Medium
Mumbai,KIDNAPPING,2023,1,2023-08-17 07:00:00,7,Day,8,High
Visakhapatnam,SEXUAL ASSAULT,2023,1,2023-08-19 13:00:00,13,Day,8,Low
Ludhiana,SEXUAL ASSAULT,2023,1,2023-08-20 06:00:00,6,Day,8,Medium
Kolkata,ASSAULT,2023,1,2023-08-20 15:00:00,15,Day,8,High
Kanpur,KIDNAPPING,2023,1,2023-08-21 04:00:00,4,Night,8,Medium
Chennai,KIDNAPPING,2023,1,2023-08-21 06:00:00,6,Day,8,High
Kanpur,KIDNAPPING,2023,1,2023-08-22 02:00:00,2,Night,8,Medium
Bangalore,ASSAULT,2023,1,2023-08-22 03:00:00,3,Night,8,High
Chennai,SEXUAL ASSAULT,2023,1,2023-08-22 11:00:00,11,Day,8,High
Bangalore,ASSAULT,2023,1,2023-08-22 17:00:00,17,Day,8,High
Chennai,SEXUAL ASSAULT,2023,1,2023-08-23 18:00:00,18,Night,8,High
Delhi,SEXUAL ASSAULT,2023,1,2023-08-24 07:00:00,7,Day,8,High
Jaipur,KIDNAPPING,2023,1,2023-08-24 08:00:00,8,Day,8,High
Kolkata,SEXUAL ASSAULT,2023,1,2023-08-24 19:00:00,19,Night,8,High
Mumbai,ASSAULT,2023,1,2023-08-24 22:00:00,22,Night,8,High
Jaipur,ASSAULT,2023,1,2023-08-25 03:00:00,3,Night,8,High
Mumbai,ASSAULT,2023,1,2023-08-26 11:00:00,11,Day,8,High
Surat,SEXUAL ASSAULT,2023,1,2023-08-27 01:00:00,1,Night,8,Medium
Jaipur,ASSAULT,2023,1,2023-08-27 05:00:00,5,Night,8,High
Kanpur,SEXUAL ASSAULT,2023,1,2023-08-27 06:00:00,6,Day,8,Medium
Kolkata,ASSAULT,2023,1,2023-08-27 22:00:00,22,Night,8,High
Visakhapatnam,ASSAULT,2023,1,2023-08-28 03:00:00,3,Night,8,Low
Pune,SEXUAL ASSAULT,2023,1,2023-08-28 06:00:00,6,Day,8,High
Mumbai,SEXUAL ASSAULT,2023,1,2023-08-29 03:00:00,3,Night,8,High
Indore,SEXUAL ASSAULT,2023,1,2023-08-29 09:00:00,9,Day,8,Medium
Patna,SEXUAL ASSAULT,2023,1,2023-08-29 12:00:00,12,Day,8,Medium
Hyderabad,SEXUAL ASSAULT,2023,1,2023-08-29 17:00:00,17,Day,8,High
Chennai,SEXUAL ASSAULT,2023,1,2023-08-30 00:00:00,0,Night,8,High
Bangalore,SEXUAL ASSAULT,2023,1,2023-08-30 07:00:00,7,Day,8,High
Kolkata,KIDNAPPING,2023,1,2023-08-30 09:00:00,9,Day,8,High
Lucknow,SEXUAL ASSAULT,2023,1,2023-08-30 11:00:00,11,Day,8,High
Mumbai,SEXUAL ASSAULT,2023,1,2023-08-30 15:00:00,15,Day,8,High
Delhi,SEXUAL ASSAULT,2023,1,2023-08-31 16:00:00,16,Day,8,High
Lucknow,SEXUAL ASSAULT,2023,1,2023-09-01 14:00:00,14,Day,9,High
Ahmedabad,ASSAULT,2023,1,2023-09-01 21:00:00,21,Night,9,High
Ghaziabad,KIDNAPPING,2023,1,2023-09-02 03:00:00,3,Night,9,Medium
Visakhapatnam,SEXUAL ASSAULT,2023,1,2023-09-02 08:00:00,8,Day,9,Low
Mumbai,SEXUAL ASSAULT,2023,1,2023-09-03 23:00:00,23,Night,9,High
Meerut,KIDNAPPING,2023,1,2023-09-04 00:00:00,0,Night,9,Low
Bangalore,SEXUAL ASSAULT,2023,1,2023-09-04 05:00:00,5,Night,9,High
Pune,KIDNAPPING,2023,1,2023-09-05 08:00:00,8,Day,9,High
Pune,KIDNAPPING,2023,1,2023-09-05 13:00:00,13,Day,9,High
Kalyan,ASSAULT,2023,1,2023-09-06 02:00:00,2,Night,9,Low
Kolkata,KIDNAPPING,2023,1,2023-09-07 01:00:00,1,Night,9,High
Delhi,KIDNAPPING,2023,1,2023-09-07 05:00:00,5,Night,9,High
Agra,ASSAULT,2023,1,2023-09-07 08:00:00,8,Day,9,Medium
Chennai,ASSAULT,2023,1,2023-09-07 17:00:00,17,Day,9,High
Chennai,SEXUAL ASSAULT,2023,1,2023-09-07 20:00:00,20,Night,9,High
Chennai,ASSAULT,2023,1,2023-09-08 02:00:00,2,Night,9,High
Nashik,SEXUAL ASSAULT,2023,1,2023-09-08 12:00:00,12,Day,9,Low
Bangalore,SEXUAL ASSAULT,2023,1,2023-09-09 01:00:00,1,Night,9,High
Kolkata,ASSAULT,2023,1,2023-09-09 12:00:00,12,Day,9,High
Lucknow,KIDNAPPING,2023,1,2023-09-09 13:00:00,13,Day,9,High
Bangalore,SEXUAL ASSAULT,2023,1,2023-09-09 20:00:00,20,Night,9,High
Chennai,ASSAULT,2023,1,2023-09-11 00:00:00,0,Night,9,High
Mumbai,SEXUAL ASSAULT,2023,1,2023-09-11 09:00:00,9,Day,9,High
Mumbai,ASSAULT,2023,1,2023-09-11 10:00:00,10,Day,9,High
Thane,SEXUAL ASSAULT,2023,1,2023-09-11 17:00:00,17,Day,9,Low
Indore,ASSAULT,2023,1,2023-09-12 03:00:00,3,Night,9,Medium
Meerut,ASSAULT,2023,1,2023-09-12 17:00:00,17,Day,9,Low
Surat,SEXUAL ASSAULT,2023,1,2023-09-13 04:00:00,4,Night,9,Medium
Bangalore,SEXUAL ASSAULT,2023,1,2023-09-13 08:00:00,8,Day,9,High
Pune,ASSAULT,2023,1,2023-09-13 13:00:00,13,Day,9,High
Hyderabad,ASSAULT,2023,1,2023-09-14 23:00:00,23,Night,9,High
Jaipur,SEXUAL ASSAULT,2023,1,2023-09-15 17:00:00,17,Day,9,High
Pune,KIDNAPPING,2023,1,2023-09-16 08:00:00,8,Day,9,High
Bangalore,ASSAULT,2023,1,2023-09-16 17:00:00,17,Day,9,High
Ahmedabad,KIDNAPPING,2023,1,2023-09-16 21:00:00,21,Night,9,High
Hyderabad,SEXUAL ASSAULT,2023,1,2023-09-17 07:00:00,7,Day,9,High
Kolkata,SEXUAL ASSAULT,2023,1,2023-09-17 10:00:00,10,Day,9,High
Vasai,ASSAULT,2023,1,2023-09-17 11:00:00,11,Day,9,Low
Visakhapatnam,KIDNAPPING,2023,1,2023-09-17 18:00:00,18,Night,9,Low
Pune,SEXUAL ASSAULT,2023,1,2023-09-18 09:00:00,9,Day,9,High
Mumbai,SEXUAL ASSAULT,2023,1,2023-09-21 08:00:00,8,Day,9,High
Ludhiana,ASSAULT,2023,1,2023-09-21 21:00:00,21,Night,9,Medium
Delhi,SEXUAL ASSAULT,2023,1,2023-09-22 05:00:00,5,Night,9,High
Varanasi,KIDNAPPING,2023,1,2023-09-22 07:00:00,7,Day,9,Low
Hyderabad,KIDNAPPING,2023,1,2023-09-22 09:00:00,9,Day,9,High
Chennai,ASSAULT,2023,1,2023-09-22 17:00:00,17,Day,9,High
Indore,ASSAULT,2023,1,2023-09-23 01:00:00,1,Night,9,Medium
Chennai,SEXUAL ASSAULT,2023,1,2023-09-23 04:00:00,4,Night,9,High
Chennai,SEXUAL ASSAULT,2023,1,2023-09-23 17:00:00,17,Day,9,High
Nagpur,ASSAULT,2023,1,2023-09-24 04:00:00,4,Night,9,Medium
Ahmedabad,ASSAULT,2023,1,2023-09-24 09:00:00,9,Day,9,High
Faridabad,KIDNAPPING,2023,1,2023-09-24 14:00:00,14,Day,9,Low
Bangalore,SEXUAL ASSAULT,2023,1,2023-09-25 06:00:00,6,Day,9,High
Mumbai,KIDNAPPING,2023,1,2023-09-25 07:00:00,7,Day,9,High
Delhi,KIDNAPPING,2023,1,2023-09-25 08:00:00,8,Day,9,High
Delhi,SEXUAL ASSAULT,2023,1,2023-09-25 14:00:00,14,Day,9,High
Delhi,KIDNAPPING,2023,1,2023-09-27 07:00:00,7,Day,9,High
Surat,SEXUAL ASSAULT,2023,1,2023-09-27 19:00:00,19,Night,9,Medium
Delhi,SEXUAL ASSAULT,2023,1,2023-09-28 00:00:00,0,Night,9,High
Hyderabad,SEXUAL ASSAULT,2023,1,2023-09-28 03:00:00,3,Night,9,High
Mumbai,ASSAULT,2023,1,2023-09-28 23:00:00,23,Night,9,High
Varanasi,ASSAULT,2023,1,2023-09-29 04:00:00,4,Night,9,Low
Patna,ASSAULT,2023,1,2023-09-29 14:00:00,14,Day,9,Medium
Ghaziabad,SEXUAL ASSAULT,2023,1,2023-09-30 12:00:00,12,Day,9,Medium
Delhi,SEXUAL ASSAULT,2023,1,2023-09-30 13:00:00,13,Day,9,High
Mumbai,SEXUAL ASSAULT,2023,1,2023-09-30 14:00:00,14,Day,9,High
Kolkata,SEXUAL ASSAULT,2023,1,2023-09-30 15:00:00,15,Day,9,High
Delhi,KIDNAPPING,2023,1,2023-10-01 02:00:00,2,Night,10,High
Delhi,KIDNAPPING,2023,1,2023-10-01 07:00:00,7,Day,10,High
Ahmedabad,ASSAULT,2023,1,2023-10-01 13:00:00,13,Day,10,High
Mumbai,KIDNAPPING,2023,1,2023-10-02 08:00:00,8,Day,10,High
Mumbai,KIDNAPPING,2023,1,2023-10-02 11:00:00,11,Day,10,High
Delhi,ASSAULT,2023,1,2023-10-03 20:00:00,20,Night,10,High
Hyderabad,KIDNAPPING,2023,1,2023-10-04 01:00:00,1,Night,10,High
Mumbai,ASSAULT,2023,1,2023-10-04 16:00:00,16,Day,10,High
Chennai,SEXUAL ASSAULT,2023,1,2023-10-05 08:00:00,8,Day,10,High
Delhi,KIDNAPPING,2023,1,2023-10-05 19:00:00,19,Night,10,High
Pune,ASSAULT,2023,1,2023-10-05 22:00:00,22,Night,10,High
Ahmedabad,ASSAULT,2023,1,2023-10-06 13:00:00,13,Day,10,High
Bhopal,ASSAULT,2023,1,2023-10-06 21:00:00,21,Night,10,Medium
Ghaziabad,ASSAULT,2023,1,2023-10-07 06:00:00,6,Day,10,Medium
Meerut,SEXUAL ASSAULT,2023,1,2023-10-07 08:00:00,8,Day,10,Low
Hyderabad,KIDNAPPING,2023,1,2023-10-07 11:00:00,11,Day,10,High
Lucknow,SEXUAL ASSAULT,2023,1,2023-10-07 19:00:00,19,Night,10,High
Mumbai,ASSAULT,2023,1,2023-10-07 21:00:00,21,Night,10,High
Faridabad,ASSAULT,2023,1,2023-10-08 00:00:00,0,Night,10,Low
Pune,KIDNAPPING,2023,1,2023-10-08 01:00:00,1,Night,10,High
Chennai,SEXUAL ASSAULT,2023,1,2023-10-08 06:00:00,6,Day,10,High
Delhi,KIDNAPPING,2023,1,2023-10-08 13:00:00,13,Day,10,High
Mumbai,ASSAULT,2023,1,2023-10-09 02:00:00,2,Night,10,High
Nagpur,ASSAULT,2023,1,2023-10-09 09:00:00,9,Day,10,Medium
Indore,KIDNAPPING,2023,1,2023-10-09 14:00:00,14,Day,10,Medium
Jaipur,ASSAULT,2023,1,2023-10-09 22:00:00,22,Night,10,High
Chennai,ASSAULT,2023,1,2023-10-10 04:00:00,4,Night,10,High
Chennai,SEXUAL ASSAULT,2023,1,2023-10-10 23:00:00,23,Night,10,High
Srinagar,ASSAULT,2023,1,2023-10-11 15:00:00,15,Day,10,Low
Mumbai,SEXUAL ASSAULT,2023,1,2023-10-12 00:00:00,0,Night,10,High
Nagpur,ASSAULT,2023,1,2023-10-12 02:00:00,2,Night,10,Medium
Kanpur,ASSAULT,2023,1,2023-10-12 05:00:00,5,Night,10,Medium
Srinagar,ASSAULT,2023,1,2023-10-12 08:00:00,8,Day,10,Low
Mumbai,KIDNAPPING,2023,1,2023-10-12 13:00:00,13,Day,10,High
Agra,KIDNAPPING,2023,1,2023-10-12 15:00:00,15,Day,10,Medium
Chennai,ASSAULT,2023,1,2023-10-12 20:00:00,20,Night,10,High
Jaipur,SEXUAL ASSAULT,2023,1,2023-10-13 00:00:00,0,Night,10,High
Patna,ASSAULT,2023,1,2023-10-13 06:00:00,6,Day,10,Medium
Ghaziabad,ASSAULT,2023,1,2023-10-13 07:00:00,7,Day,10,Medium
Bhopal,ASSAULT,2023,1,2023-10-13 10:00:00,10,Day,10,Medium
Lucknow,KIDNAPPING,2023,1,2023-10-14 07:00:00,7,Day,10,High
Bangalore,SEXUAL ASSAULT,2023,1,2023-10-14 19:00:00,19,Night,10,High
Hyderabad,ASSAULT,2023,1,2023-10-16 14:00:00,14,Day,10,High
Delhi,ASSAULT,2023,1,2023-10-17 01:00:00,1,Night,10,High
Mumbai,KIDNAPPING,2023,1,2023-10-17 02:00:00,2,Night,10,High
Delhi,KIDNAPPING,2023,1,2023-10-17 08:00:00,8,Day,10,High
Delhi,ASSAULT,2023,1,2023-10-18 01:00:00,1,Night,10,High
Varanasi,SEXUAL ASSAULT,2023,1,2023-10-19 14:00:00,14,Day,10,Low
Mumbai,ASSAULT,2023,1,2023-10-19 20:00:00,20,Night,10,High
Kolkata,ASSAULT,2023,1,2023-10-20 00:00:00,0,Night,10,High
Mumbai,KIDNAPPING,2023,1,2023-10-21 05:00:00,5,Night,10,High
Rajkot,SEXUAL ASSAULT,2023,1,2023-10-21 10:00:00,10,Day,10,Low
Surat,SEXUAL ASSAULT,2023,1,2023-10-22 03:00:00,3,Night,10,Medium
Mumbai,ASSAULT,2023,1,2023-10-22 16:00:00,16,Day,10,High
Kolkata,KIDNAPPING,2023,1,2023-10-23 09:00:00,9,Day,10,High
Mumbai,ASSAULT,2023,1,2023-10-23 21:00:00,21,Night,10,High
Bangalore,ASSAULT,2023,1,2023-10-24 10:00:00,10,Day,10,High
Chennai,ASSAULT,2023,1,2023-10-24 18:00:00,18,Night,10,High
Kanpur,ASSAULT,2023,1,2023-10-25 02:00:00,2,Night,10,Medium
Visakhapatnam,ASSAULT,2023,1,2023-10-25 05:00:00,5,Night,10,Low
Indore,SEXUAL ASSAULT,2023,1,2023-10-25 11:00:00,11,Day,10,Medium
Mumbai,SEXUAL ASSAULT,2023,1,2023-10-26 16:00:00,16,Day,10,High
Pune,SEXUAL ASSAULT,2023,1,2023-10-27 07:00:00,7,Day,10,High
Delhi,ASSAULT,2023,1,2023-10-28 15:00:00,15,Day,10,High
Chennai,ASSAULT,2023,1,2023-10-29 09:00:00,9,Day,10,High
Lucknow,SEXUAL ASSAULT,2023,1,2023-10-29 13:00:00,13,Day,10,High
Mumbai,SEXUAL ASSAULT,2023,1,2023-10-29 17:00:00,17,Day,10,High
Nagpur,KIDNAPPING,2023,1,2023-10-29 21:00:00,21,Night,10,Medium
Chennai,KIDNAPPING,2023,1,2023-10-30 15:00:00,15,Day,10,High
Nagpur,KIDNAPPING,2023,1,2023-10-31 08:00:00,8,Day,10,Medium
Delhi,KIDNAPPING,2023,1,2023-10-31 19:00:00,19,Night,10,High
Kanpur,ASSAULT,2023,1,2023-11-01 10:00:00,10,Day,11,Medium
Chennai,KIDNAPPING,2023,1,2023-11-01 17:00:00,17,Day,11,High
Pune,KIDNAPPING,2023,1,2023-11-01 22:00:00,22,Night,11,High
Chennai,KIDNAPPING,2023,1,2023-11-02 06:00:00,6,Day,11,High
Kolkata,ASSAULT,2023,1,2023-11-02 13:00:00,13,Day,11,High
Mumbai,KIDNAPPING,2023,1,2023-11-03 00:00:00,0,Night,11,High
Lucknow,ASSAULT,2023,1,2023-11-04 09:00:00,9,Day,11,High
Bangalore,KIDNAPPING,2023,1,2023-11-04 12:00:00,12,Day,11,High
Ahmedabad,KIDNAPPING,2023,1,2023-11-04 21:00:00,21,Night,11,High
Delhi,SEXUAL ASSAULT,2023,1,2023-11-05 01:00:00,1,Night,11,High
Thane,ASSAULT,2023,1,2023-11-05 03:00:00,3,Night,11,Low
Kanpur,ASSAULT,2023,1,2023-11-05 04:00:00,4,Night,11,Medium
Nashik,ASSAULT,2023,1,2023-11-05 16:00:00,16,Day,11,Low
Bangalore,SEXUAL ASSAULT,2023,1,2023-11-05 17:00:00,17,Day,11,High
Varanasi,SEXUAL ASSAULT,2023,1,2023-11-05 21:00:00,21,Night,11,Low
Chennai,SEXUAL ASSAULT,2023,1,2023-11-06 08:00:00,8,Day,11,High
Bhopal,SEXUAL ASSAULT,2023,1,2023-11-06 16:00:00,16,Day,11,Medium
Chennai,ASSAULT,2023,1,2023-11-07 06:00:00,6,Day,11,High
Lucknow,KIDNAPPING,2023,1,2023-11-07 14:00:00,14,Day,11,High
Hyderabad,KIDNAPPING,2023,1,2023-11-07 22:00:00,22,Night,11,High
Faridabad,SEXUAL ASSAULT,2023,1,2023-11-08 17:00:00,17,Day,11,Low
Mumbai,KIDNAPPING,2023,1,2023-11-08 19:00:00,19,Night,11,High
Delhi,KIDNAPPING,2023,1,2023-11-08 23:00:00,23,Night,11,High
Kolkata,KIDNAPPING,2023,1,2023-11-09 16:00:00,16,Day,11,High
Patna,KIDNAPPING,2023,1,2023-11-11 13:00:00,13,Day,11,Medium
Mumbai,ASSAULT,2023,1,2023-11-11 18:00:00,18,Night,11,High
Meerut,ASSAULT,2023,1,2023-11-12 03:00:00,3,Night,11,Low
Nashik,SEXUAL ASSAULT,2023,1,2023-11-12 04:00:00,4,Night,11,Low
Ludhiana,ASSAULT,2023,1,2023-11-13 18:00:00,18,Night,11,Medium
Hyderabad,ASSAULT,2023,1,2023-11-14 07:00:00,7,Day,11,High
Hyderabad,SEXUAL ASSAULT,2023,1,2023-11-14 19:00:00,19,Night,11,High
Kalyan,SEXUAL ASSAULT,2023,1,2023-11-14 22:00:00,22,Night,11,Low
Patna,ASSAULT,2023,1,2023-11-15 20:00:00,20,Night,11,Medium
Ghaziabad,ASSAULT,2023,1,2023-11-15 23:00:00,23,Night,11,Medium
Ahmedabad,SEXUAL ASSAULT,2023,1,2023-11-16 23:00:00,23,Night,11,High
Kolkata,SEXUAL ASSAULT,2023,1,2023-11-17 00:00:00,0,Night,11,High
Delhi,KIDNAPPING,2023,1,2023-11-19 14:00:00,14,Day,11,High
Kanpur,SEXUAL ASSAULT,2023,1,2023-11-19 17:00:00,17,Day,11,Medium
Hyderabad,SEXUAL ASSAULT,2023,1,2023-11-21 04:00:00,4,Night,11,High
Srinagar,ASSAULT,2023,1,2023-11-21 14:00:00,14,Day,11,Low
Thane,KIDNAPPING,2023,1,2023-11-22 02:00:00,2,Night,11,Low
Delhi,ASSAULT,2023,1,2023-11-22 17:00:00,17,Day,11,High
Chennai,KIDNAPPING,2023,1,2023-11-22 18:00:00,18,Night,11,High
Kolkata,KIDNAPPING,2023,1,2023-11-23 00:00:00,0,Night,11,High
Hyderabad,ASSAULT,2023,1,2023-11-24 06:00:00,6,Day,11,High
Delhi,KIDNAPPING,2023,1,2023-11-24 13:00:00,13,Day,11,High
Lucknow,ASSAULT,2023,1,2023-11-24 23:00:00,23,Night,11,High
Kolkata,SEXUAL ASSAULT,2023,1,2023-11-25 08:00:00,8,Day,11,High
Srinagar,KIDNAPPING,2023,1,2023-11-26 02:00:00,2,Night,11,Low
Mumbai,ASSAULT,2023,1,2023-11-26 21:00:00,21,Night,11,High
Surat,ASSAULT,2023,1,2023-11-27 01:00:00,1,Night,11,Medium
Ghaziabad,KIDNAPPING,2023,1,2023-11-28 03:00:00,3,Night,11,Medium
Bangalore,SEXUAL ASSAULT,2023,1,2023-11-28 06:00:00,6,Day,11,High
Ludhiana,ASSAULT,2023,1,2023-11-28 10:00:00,10,Day,11,Medium
Ahmedabad,KIDNAPPING,2023,1,2023-11-29 02:00:00,2,Night,11,High
Mumbai,ASSAULT,2023,1,2023-11-29 10:00:00,10,Day,11,High
Mumbai,ASSAULT,2023,1,2023-11-29 11:00:00,11,Day,11,High
Surat,ASSAULT,2023,1,2023-11-29 13:00:00,13,Day,11,Medium
Agra,SEXUAL ASSAULT,2023,1,2023-11-29 19:00:00,19,Night,11,Medium
Bhopal,ASSAULT,2023,1,2023-11-30 02:00:00,2,Night,11,Medium
Ahmedabad,ASSAULT,2023,1,2023-11-30 05:00:00,5,Night,11,High
Rajkot,KIDNAPPING,2023,1,2023-11-30 06:00:00,6,Day,11,Low
Ahmedabad,ASSAULT,2023,1,2023-11-30 08:00:00,8,Day,11,High
Bhopal,KIDNAPPING,2023,1,2023-12-01 14:00:00,14,Day,12,Medium
Ludhiana,ASSAULT,2023,1,2023-12-02 02:00:00,2,Night,12,Medium
Chennai,KIDNAPPING,2023,1,2023-12-02 10:00:00,10,Day,12,High
Srinagar,ASSAULT,2023,1,2023-12-02 12:00:00,12,Day,12,Low
Kanpur,SEXUAL ASSAULT,2023,1,2023-12-02 16:00:00,16,Day,12,Medium
Chennai,SEXUAL ASSAULT,2023,1,2023-12-03 02:00:00,2,Night,12,High
Lucknow,SEXUAL ASSAULT,2023,1,2023-12-03 03:00:00,3,Night,12,High
Surat,ASSAULT,2023,1,2023-12-03 12:00:00,12,Day,12,Medium
Nagpur,KIDNAPPING,2023,1,2023-12-04 12:00:00,12,Day,12,Medium
Bangalore,ASSAULT,2023,1,2023-12-04 15:00:00,15,Day,12,High
Ghaziabad,SEXUAL ASSAULT,2023,1,2023-12-05 00:00:00,0,Night,12,Medium
Surat,KIDNAPPING,2023,1,2023-12-05 23:00:00,23,Night,12,Medium
Bangalore,SEXUAL ASSAULT,2023,1,2023-12-06 12:00:00,12,Day,12,High
Surat,KIDNAPPING,2023,1,2023-12-06 13:00:00,13,Day,12,Medium
Hyderabad,KIDNAPPING,2023,1,2023-12-06 17:00:00,17,Day,12,High
Ahmedabad,KIDNAPPING,2023,1,2023-12-07 00:00:00,0,Night,12,High
Jaipur,ASSAULT,2023,1,2023-12-07 12:00:00,12,Day,12,High
Delhi,KIDNAPPING,2023,1,2023-12-07 14:00:00,14,Day,12,High
Bangalore,KIDNAPPING,2023,1,2023-12-08 03:00:00,3,Night,12,High
Jaipur,ASSAULT,2023,1,2023-12-09 05:00:00,5,Night,12,High
Vasai,ASSAULT,2023,1,2023-12-09 19:00:00,19,Night,12,Low
Lucknow,ASSAULT,2023,1,2023-12-09 22:00:00,22,Night,12,High
Visakhapatnam,ASSAULT,2023,1,2023-12-10 07:00:00,7,Day,12,Low
Jaipur,KIDNAPPING,2023,1,2023-12-10 09:00:00,9,Day,12,High
Bangalore,SEXUAL ASSAULT,2023,1,2023-12-10 11:00:00,11,Day,12,High
Jaipur,SEXUAL ASSAULT,2023,1,2023-12-10 20:00:00,20,Night,12,High
Mumbai,SEXUAL ASSAULT,2023,1,2023-12-10 21:00:00,21,Night,12,High
Mumbai,KIDNAPPING,2023,1,2023-12-11 14:00:00,14,Day,12,High
Lucknow,SEXUAL ASSAULT,2023,1,2023-12-12 01:00:00,1,Night,12,High
Pune,ASSAULT,2023,1,2023-12-12 09:00:00,9,Day,12,High
Lucknow,SEXUAL ASSAULT,2023,1,2023-12-12 21:00:00,21,Night,12,High
Mumbai,ASSAULT,2023,1,2023-12-12 23:00:00,23,Night,12,High
Hyderabad,ASSAULT,2023,1,2023-12-13 04:00:00,4,Night,12,High
Hyderabad,ASSAULT,2023,1,2023-12-13 06:00:00,6,Day,12,High
Thane,SEXUAL ASSAULT,2023,1,2023-12-13 08:00:00,8,Day,12,Low
Chennai,KIDNAPPING,2023,1,2023-12-13 17:00:00,17,Day,12,High
Pune,SEXUAL ASSAULT,2023,1,2023-12-13 22:00:00,22,Night,12,High
Surat,SEXUAL ASSAULT,2023,1,2023-12-14 17:00:00,17,Day,12,Medium
Nagpur,ASSAULT,2023,1,2023-12-14 18:00:00,18,Night,12,Medium
Ludhiana,KIDNAPPING,2023,1,2023-12-15 06:00:00,6,Day,12,Medium
Visakhapatnam,SEXUAL ASSAULT,2023,1,2023-12-15 10:00:00,10,Day,12,Low
Srinagar,KIDNAPPING,2023,1,2023-12-15 11:00:00,11,Day,12,Low
Bangalore,SEXUAL ASSAULT,2023,1,2023-12-15 18:00:00,18,Night,12,High
Delhi,SEXUAL ASSAULT,2023,1,2023-12-16 02:00:00,2,Night,12,High
Indore,ASSAULT,2023,1,2023-12-16 11:00:00,11,Day,12,Medium
Kolkata,KIDNAPPING,2023,1,2023-12-16 12:00:00,12,Day,12,High
Ahmedabad,KIDNAPPING,2023,1,2023-12-16 13:00:00,13,Day,12,High
Bangalore,ASSAULT,2023,1,2023-12-17 15:00:00,15,Day,12,High
Chennai,KIDNAPPING,2023,1,2023-12-17 21:00:00,21,Night,12,High
Bhopal,ASSAULT,2023,1,2023-12-18 02:00:00,2,Night,12,Medium
Hyderabad,SEXUAL ASSAULT,2023,1,2023-12-18 10:00:00,10,Day,12,High
Delhi,KIDNAPPING,2023,1,2023-12-18 11:00:00,11,Day,12,High
Nagpur,ASSAULT,2023,1,2023-12-19 11:00:00,11,Day,12,Medium
Kolkata,ASSAULT,2023,1,2023-12-19 18:00:00,18,Night,12,High
Lucknow,SEXUAL ASSAULT,2023,1,2023-12-19 20:00:00,20,Night,12,High
Bangalore,SEXUAL ASSAULT,2023,1,2023-12-19 22:00:00,22,Night,12,High
Hyderabad,SEXUAL ASSAULT,2023,1,2023-12-20 06:00:00,6,Day,12,High
Mumbai,ASSAULT,2023,1,2023-12-20 12:00:00,12,Day,12,High
Ahmedabad,ASSAULT,2023,1,2023-12-20 14:00:00,14,Day,12,High
Hyderabad,SEXUAL ASSAULT,2023,1,2023-12-21 03:00:00,3,Night,12,High
Bangalore,SEXUAL ASSAULT,2023,1,2023-12-21 04:00:00,4,Night,12,High
Visakhapatnam,ASSAULT,2023,1,2023-12-21 11:00:00,11,Day,12,Low
Kolkata,ASSAULT,2023,1,2023-12-21 19:00:00,19,Night,12,High
Delhi,SEXUAL ASSAULT,2023,1,2023-12-21 20:00:00,20,Night,12,High
Pune,KIDNAPPING,2023,1,2023-12-22 10:00:00,10,Day,12,High
Ahmedabad,KIDNAPPING,2023,1,2023-12-22 11:00:00,11,Day,12,High
Bangalore,ASSAULT,2023,1,2023-12-22 17:00:00,17,Day,12,High
Hyderabad,ASSAULT,2023,1,2023-12-22 23:00:00,23,Night,12,High
Delhi,KIDNAPPING,2023,1,2023-12-23 01:00:00,1,Night,12,High
Visakhapatnam,KIDNAPPING,2023,1,2023-12-23 11:00:00,11,Day,12,Low
Kolkata,ASSAULT,2023,1,2023-12-23 16:00:00,16,Day,12,High
Bangalore,KIDNAPPING,2023,1,2023-12-23 20:00:00,20,Night,12,High
Delhi,ASSAULT,2023,1,2023-12-24 09:00:00,9,Day,12,High
Mumbai,KIDNAPPING,2023,1,2023-12-24 14:00:00,14,Day,12,High
Agra,ASSAULT,2023,1,2023-12-25 23:00:00,23,Night,12,Medium
Bangalore,ASSAULT,2023,1,2023-12-26 02:00:00,2,Night,12,High
Delhi,ASSAULT,2023,1,2023-12-26 14:00:00,14,Day,12,High
Ahmedabad,SEXUAL ASSAULT,2023,1,2023-12-27 00:00:00,0,Night,12,High
Delhi,KIDNAPPING,2023,1,2023-12-27 15:00:00,15,Day,12,High
Kanpur,SEXUAL ASSAULT,2023,1,2023-12-28 04:00:00,4,Night,12,Medium
Bangalore,KIDNAPPING,2023,1,2023-12-28 10:00:00,10,Day,12,High
Kolkata,SEXUAL ASSAULT,2023,1,2023-12-29 03:00:00,3,Night,12,High
Pune,ASSAULT,2023,1,2023-12-29 05:00:00,5,Night,12,High
Bangalore,KIDNAPPING,2023,1,2023-12-29 11:00:00,11,Day,12,High
Indore,SEXUAL ASSAULT,2023,1,2023-12-29 20:00:00,20,Night,12,Medium
Bangalore,KIDNAPPING,2023,1,2023-12-30 15:00:00,15,Day,12,High
Mumbai,KIDNAPPING,2023,1,2023-12-30 22:00:00,22,Night,12,High
Patna,ASSAULT,2023,1,2023-12-31 18:00:00,18,Night,12,Medium
Mumbai,KIDNAPPING,2023,1,2023-12-31 23:00:00,23,Night,12,High
Hyderabad,KIDNAPPING,2024,1,2024-01-01 11:00:00,11,Day,1,High
Bangalore,KIDNAPPING,2024,1,2024-01-01 23:00:00,23,Night,1,High
Kolkata,KIDNAPPING,2024,1,2024-01-02 01:00:00,1,Night,1,High
Kolkata,KIDNAPPING,2024,1,2024-01-02 10:00:00,10,Day,1,High
Bhopal,KIDNAPPING,2024,1,2024-01-02 14:00:00,14,Day,1,Medium
Delhi,ASSAULT,2024,1,2024-01-02 16:00:00,16,Day,1,High
Kolkata,ASSAULT,2024,1,2024-01-02 17:00:00,17,Day,1,High
Delhi,SEXUAL ASSAULT,2024,1,2024-01-02 22:00:00,22,Night,1,High
Kolkata,ASSAULT,2024,1,2024-01-03 04:00:00,4,Night,1,High
Mumbai,SEXUAL ASSAULT,2024,1,2024-01-03 10:00:00,10,Day,1,High
Kolkata,KIDNAPPING,2024,1,2024-01-04 05:00:00,5,Night,1,High
Ludhiana,ASSAULT,2024,1,2024-01-04 06:00:00,6,Day,1,Medium
Hyderabad,KIDNAPPING,2024,1,2024-01-05 14:00:00,14,Day,1,High
Bangalore,SEXUAL ASSAULT,2024,1,2024-01-07 13:00:00,13,Day,1,High
Vasai,KIDNAPPING,2024,1,2024-01-08 04:00:00,4,Night,1,Low
Surat,KIDNAPPING,2024,1,2024-01-08 07:00:00,7,Day,1,Medium
Ludhiana,KIDNAPPING,2024,1,2024-01-09 00:00:00,0,Night,1,Medium
Mumbai,ASSAULT,2024,1,2024-01-09 09:00:00,9,Day,1,High
Bhopal,ASSAULT,2024,1,2024-01-09 12:00:00,12,Day,1,Medium
Pune,ASSAULT,2024,1,2024-01-10 12:00:00,12,Day,1,High
Patna,ASSAULT,2024,1,2024-01-11 15:00:00,15,Day,1,Medium
Mumbai,ASSAULT,2024,1,2024-01-12 22:00:00,22,Night,1,High
Kolkata,SEXUAL ASSAULT,2024,1,2024-01-13 00:00:00,0,Night,1,High
Hyderabad,KIDNAPPING,2024,1,2024-01-13 01:00:00,1,Night,1,High
Patna,SEXUAL ASSAULT,2024,1,2024-01-14 01:00:00,1,Night,1,Medium
Ghaziabad,SEXUAL ASSAULT,2024,1,2024-01-14 04:00:00,4,Night,1,Medium
Delhi,ASSAULT,2024,1,2024-01-14 07:00:00,7,Day,1,High
Delhi,KIDNAPPING,2024,1,2024-01-14 11:00:00,11,Day,1,High
Pune,SEXUAL ASSAULT,2024,1,2024-01-15 05:00:00,5,Night,1,High
Mumbai,SEXUAL ASSAULT,2024,1,2024-01-15 20:00:00,20,Night,1,High
Indore,KIDNAPPING,2024,1,2024-01-16 00:00:00,0,Night,1,Medium
Kanpur,KIDNAPPING,2024,1,2024-01-17 02:00:00,2,Night,1,Medium
Vasai,ASSAULT,2024,1,2024-01-17 09:00:00,9,Day,1,Low
Delhi,ASSAULT,2024,1,2024-01-18 07:00:00,7,Day,1,High
Indore,KIDNAPPING,2024,1,2024-01-18 12:00:00,12,Day,1,Medium
Hyderabad,ASSAULT,2024,1,2024-01-18 19:00:00,19,Night,1,High
Hyderabad,KIDNAPPING,2024,1,2024-01-19 19:00:00,19,Night,1,High
Delhi,SEXUAL ASSAULT,2024,1,2024-01-20 03:00:00,3,Night,1,High
Surat,ASSAULT,2024,1,2024-01-20 05:00:00,5,Night,1,Medium
Srinagar,SEXUAL ASSAULT,2024,1,2024-01-20 09:00:00,9,Day,1,Low
Delhi,KIDNAPPING,2024,1,2024-01-21 00:00:00,0,Night,1,High
Mumbai,ASSAULT,2024,1,2024-01-21 02:00:00,2,Night,1,High
Bangalore,SEXUAL ASSAULT,2024,1,2024-01-21 04:00:00,4,Night,1,High
Mumbai,ASSAULT,2024,1,2024-01-21 22:00:00,22,Night,1,High
Delhi,ASSAULT,2024,1,2024-01-22 00:00:00,0,Night,1,High
Ghaziabad,SEXUAL ASSAULT,2024,1,2024-01-22 12:00:00,12,Day,1,Medium
Bangalore,KIDNAPPING,2024,1,2024-01-22 13:00:00,13,Day,1,High
Bangalore,ASSAULT,2024,1,2024-01-23 02:00:00,2,Night,1,High
Kolkata,ASSAULT,2024,1,2024-01-23 10:00:00,10,Day,1,High
Pune,ASSAULT,2024,1,2024-01-23 20:00:00,20,Night,1,High
Delhi,KIDNAPPING,2024,1,2024-01-23 21:00:00,21,Night,1,High
Bangalore,KIDNAPPING,2024,1,2024-01-24 02:00:00,2,Night,1,High
Delhi,SEXUAL ASSAULT,2024,1,2024-01-24 11:00:00,11,Day,1,High
Nagpur,ASSAULT,2024,1,2024-01-24 21:00:00,21,Night,1,Medium
Jaipur,SEXUAL ASSAULT,2024,1,2024-01-25 00:00:00,0,Night,1,High
Mumbai,KIDNAPPING,2024,1,2024-01-26 03:00:00,3,Night,1,High
Chennai,KIDNAPPING,2024,1,2024-01-26 16:00:00,16,Day,1,High
Lucknow,SEXUAL ASSAULT,2024,1,2024-01-26 18:00:00,18,Night,1,High
Bhopal,KIDNAPPING,2024,1,2024-01-27 04:00:00,4,Night,1,Medium
Ahmedabad,KIDNAPPING,2024,1,2024-01-27 15:00:00,15,Day,1,High
Mumbai,SEXUAL ASSAULT,2024,1,2024-01-29 06:00:00,6,Day,1,High
Jaipur,KIDNAPPING,2024,1,2024-01-29 22:00:00,22,Night,1,High
Surat,SEXUAL ASSAULT,2024,1,2024-01-30 08:00:00,8,Day,1,Medium
Kolkata,KIDNAPPING,2024,1,2024-01-31 00:00:00,0,Night,1,High
Chennai,ASSAULT,2024,1,2024-01-31 05:00:00,5,Night,1,High
Bangalore,ASSAULT,2024,1,2024-01-31 08:00:00,8,Day,1,High
Delhi,KIDNAPPING,2024,1,2024-02-01 14:00:00,14,Day,2,High
Thane,SEXUAL ASSAULT,2024,1,2024-02-02 16:00:00,16,Day,2,Low
Visakhapatnam,SEXUAL ASSAULT,2024,1,2024-02-03 02:00:00,2,Night,2,Low
Bangalore,ASSAULT,2024,1,2024-02-03 10:00:00,10,Day,2,High
Delhi,ASSAULT,2024,1,2024-02-04 02:00:00,2,Night,2,High
Patna,ASSAULT,2024,1,2024-02-04 06:00:00,6,Day,2,Medium
Kalyan,ASSAULT,2024,1,2024-02-04 07:00:00,7,Day,2,Low
Chennai,KIDNAPPING,2024,1,2024-02-04 11:00:00,11,Day,2,High
Nagpur,ASSAULT,2024,1,2024-02-04 17:00:00,17,Day,2,Medium
Delhi,KIDNAPPING,2024,1,2024-02-05 05:00:00,5,Night,2,High
Delhi,ASSAULT,2024,1,2024-02-05 23:00:00,23,Night,2,High
Chennai,ASSAULT,2024,1,2024-02-06 11:00:00,11,Day,2,High
Ahmedabad,ASSAULT,2024,1,2024-02-07 07:00:00,7,Day,2,High
Indore,KIDNAPPING,2024,1,2024-02-07 13:00:00,13,Day,2,Medium
Kolkata,ASSAULT,2024,1,2024-02-07 17:00:00,17,Day,2,High
Delhi,KIDNAPPING,2024,1,2024-02-07 18:00:00,18,Night,2,High
Surat,ASSAULT,2024,1,2024-02-07 19:00:00,19,Night,2,Medium
Ludhiana,KIDNAPPING,2024,1,2024-02-07 22:00:00,22,Night,2,Medium
Mumbai,ASSAULT,2024,1,2024-02-08 10:00:00,10,Day,2,High
Kolkata,SEXUAL ASSAULT,2024,1,2024-02-08 16:00:00,16,Day,2,High
Pune,ASSAULT,2024,1,2024-02-09 07:00:00,7,Day,2,High
Pune,KIDNAPPING,2024,1,2024-02-09 12:00:00,12,Day,2,High
Kolkata,KIDNAPPING,2024,1,2024-02-11 10:00:00,10,Day,2,High
Thane,ASSAULT,2024,1,2024-02-11 18:00:00,18,Night,2,Low
Nashik,ASSAULT,2024,1,2024-02-11 19:00:00,19,Night,2,Low
Nagpur,ASSAULT,2024,1,2024-02-12 22:00:00,22,Night,2,Medium
Delhi,SEXUAL ASSAULT,2024,1,2024-02-13 00:00:00,0,Night,2,High
Chennai,SEXUAL ASSAULT,2024,1,2024-02-13 11:00:00,11,Day,2,High
Chennai,ASSAULT,2024,1,2024-02-14 02:00:00,2,Night,2,High
Srinagar,KIDNAPPING,2024,1,2024-02-14 17:00:00,17,Day,2,Low
Delhi,KIDNAPPING,2024,1,2024-02-14 23:00:00,23,Night,2,High
Bangalore,SEXUAL ASSAULT,2024,1,2024-02-15 13:00:00,13,Day,2,High
Kolkata,ASSAULT,2024,1,2024-02-15 14:00:00,14,Day,2,High
Agra,KIDNAPPING,2024,1,2024-02-15 18:00:00,18,Night,2,Medium
Delhi,KIDNAPPING,2024,1,2024-02-15 23:00:00,23,Night,2,High
Faridabad,KIDNAPPING,2024,1,2024-02-17 10:00:00,10,Day,2,Low
Nagpur,SEXUAL ASSAULT,2024,1,2024-02-17 15:00:00,15,Day,2,Medium
Nagpur,KIDNAPPING,2024,1,2024-02-18 07:00:00,7,Day,2,Medium
Mumbai,SEXUAL ASSAULT,2024,1,2024-02-18 11:00:00,11,Day,2,High
Visakhapatnam,ASSAULT,2024,1,2024-02-18 12:00:00,12,Day,2,Low
Ahmedabad,ASSAULT,2024,1,2024-02-19 00:00:00,0,Night,2,High
Jaipur,KIDNAPPING,2024,1,2024-02-19 05:00:00,5,Night,2,High
Visakhapatnam,ASSAULT,2024,1,2024-02-19 15:00:00,15,Day,2,Low
Faridabad,ASSAULT,2024,1,2024-02-19 16:00:00,16,Day,2,Low
Kanpur,SEXUAL ASSAULT,2024,1,2024-02-20 03:00:00,3,Night,2,Medium
Bangalore,KIDNAPPING,2024,1,2024-02-20 11:00:00,11,Day,2,High
Ahmedabad,ASSAULT,2024,1,2024-02-20 15:00:00,15,Day,2,High
Lucknow,SEXUAL ASSAULT,2024,1,2024-02-20 18:00:00,18,Night,2,High
Delhi,KIDNAPPING,2024,1,2024-02-20 21:00:00,21,Night,2,High
Ghaziabad,KIDNAPPING,2024,1,2024-02-22 10:00:00,10,Day,2,Medium
Mumbai,ASSAULT,2024,1,2024-02-22 12:00:00,12,Day,2,High
Indore,KIDNAPPING,2024,1,2024-02-23 15:00:00,15,Day,2,Medium
Pune,SEXUAL ASSAULT,2024,1,2024-02-24 00:00:00,0,Night,2,High
Thane,ASSAULT,2024,1,2024-02-24 03:00:00,3,Night,2,Low
Mumbai,SEXUAL ASSAULT,2024,1,2024-02-25 13:00:00,13,Day,2,High
Delhi,SEXUAL ASSAULT,2024,1,2024-02-25 19:00:00,19,Night,2,High
Thane,ASSAULT,2024,1,2024-02-27 05:00:00,5,Night,2,Low
Kolkata,KIDNAPPING,2024,1,2024-02-27 19:00:00,19,Night,2,High
Mumbai,SEXUAL ASSAULT,2024,1,2024-02-27 20:00:00,20,Night,2,High
Agra,ASSAULT,2024,1,2024-02-28 04:00:00,4,Night,2,Medium
Visakhapatnam,SEXUAL ASSAULT,2024,1,2024-02-28 10:00:00,10,Day,2,Low
Chennai,SEXUAL ASSAULT,2024,1,2024-02-28 15:00:00,15,Day,2,High
Delhi,SEXUAL ASSAULT,2024,1,2024-02-29 21:00:00,21,Night,2,High
Delhi,ASSAULT,2024,1,2024-03-01 04:00:00,4,Night,3,High
Nagpur,KIDNAPPING,2024,1,2024-03-02 00:00:00,0,Night,3,Medium
Bhopal,ASSAULT,2024,1,2024-03-02 05:00:00,5,Night,3,Medium
Rajkot,ASSAULT,2024,1,2024-03-02 12:00:00,12,Day,3,Low
Patna,KIDNAPPING,2024,1,2024-03-03 01:00:00,1,Night,3,Medium
Pune,ASSAULT,2024,1,2024-03-03 03:00:00,3,Night,3,High
Bangalore,ASSAULT,2024,1,2024-03-03 07:00:00,7,Day,3,High
Kanpur,KIDNAPPING,2024,1,2024-03-03 09:00:00,9,Day,3,Medium
Chennai,ASSAULT,2024,1,2024-03-04 00:00:00,0,Night,3,High
Faridabad,ASSAULT,2024,1,2024-03-04 15:00:00,15,Day,3,Low
Thane,SEXUAL ASSAULT,2024,1,2024-03-04 21:00:00,21,Night,3,Low
Ludhiana,ASSAULT,2024,1,2024-03-05 00:00:00,0,Night,3,Medium
Surat,ASSAULT,2024,1,2024-03-05 16:00:00,16,Day,3,Medium
Hyderabad,SEXUAL ASSAULT,2024,1,2024-03-07 06:00:00,6,Day,3,High
Kolkata,SEXUAL ASSAULT,2024,1,2024-03-08 06:00:00,6,Day,3,High
Kanpur,ASSAULT,2024,1,2024-03-08 12:00:00,12,Day,3,Medium
Bhopal,ASSAULT,2024,1,2024-03-08 15:00:00,15,Day,3,Medium
Varanasi,SEXUAL ASSAULT,2024,1,2024-03-08 18:00:00,18,Night,3,Low
Jaipur,ASSAULT,2024,1,2024-03-10 08:00:00,8,Day,3,High
Ludhiana,SEXUAL ASSAULT,2024,1,2024-03-10 14:00:00,14,Day,3,Medium
Thane,ASSAULT,2024,1,2024-03-10 23:00:00,23,Night,3,Low
Mumbai,KIDNAPPING,2024,1,2024-03-11 01:00:00,1,Night,3,High
Ludhiana,ASSAULT,2024,1,2024-03-11 13:00:00,13,Day,3,Medium
Delhi,SEXUAL ASSAULT,2024,1,2024-03-11 21:00:00,21,Night,3,High
Delhi,SEXUAL ASSAULT,2024,1,2024-03-12 13:00:00,13,Day,3,High
Ghaziabad,ASSAULT,2024,1,2024-03-12 21:00:00,21,Night,3,Medium
Ludhiana,KIDNAPPING,2024,1,2024-03-13 12:00:00,12,Day,3,Medium
Mumbai,ASSAULT,2024,1,2024-03-13 23:00:00,23,Night,3,High
Visakhapatnam,KIDNAPPING,2024,1,2024-03-14 00:00:00,0,Night,3,Low
Hyderabad,KIDNAPPING,2024,1,2024-03-14 04:00:00,4,Night,3,High
Surat,ASSAULT,2024,1,2024-03-14 10:00:00,10,Day,3,Medium
Lucknow,ASSAULT,2024,1,2024-03-14 21:00:00,21,Night,3,High
Patna,SEXUAL ASSAULT,2024,1,2024-03-16 07:00:00,7,Day,3,Medium
Pune,KIDNAPPING,2024,1,2024-03-16 08:00:00,8,Day,3,High
Mumbai,KIDNAPPING,2024,1,2024-03-16 10:00:00,10,Day,3,High
Ahmedabad,ASSAULT,2024,1,2024-03-16 12:00:00,12,Day,3,High
Bangalore,KIDNAPPING,2024,1,2024-03-16 16:00:00,16,Day,3,High
Kolkata,SEXUAL ASSAULT,2024,1,2024-03-17 08:00:00,8,Day,3,High
Bangalore,SEXUAL ASSAULT,2024,1,2024-03-17 21:00:00,21,Night,3,High
Thane,KIDNAPPING,2024,1,2024-03-17 22:00:00,22,Night,3,Low
Kalyan,ASSAULT,2024,1,2024-03-18 18:00:00,18,Night,3,Low
Chennai,KIDNAPPING,2024,1,2024-03-19 13:00:00,13,Day,3,High
Bangalore,SEXUAL ASSAULT,2024,1,2024-03-19 15:00:00,15,Day,3,High
Delhi,SEXUAL ASSAULT,2024,1,2024-03-21 11:00:00,11,Day,3,High
Visakhapatnam,KIDNAPPING,2024,1,2024-03-22 03:00:00,3,Night,3,Low
Chennai,SEXUAL ASSAULT,2024,1,2024-03-22 04:00:00,4,Night,3,High
Delhi,KIDNAPPING,2024,1,2024-03-23 08:00:00,8,Day,3,High
Bangalore,SEXUAL ASSAULT,2024,1,2024-03-24 01:00:00,1,Night,3,High
Mumbai,ASSAULT,2024,1,2024-03-26 02:00:00,2,Night,3,High
Delhi,ASSAULT,2024,1,2024-03-26 06:00:00,6,Day,3,High
Mumbai,KIDNAPPING,2024,1,2024-03-26 14:00:00,14,Day,3,High
Ghaziabad,KIDNAPPING,2024,1,2024-03-26 22:00:00,22,Night,3,Medium
Bangalore,ASSAULT,2024,1,2024-03-27 01:00:00,1,Night,3,High
Delhi,SEXUAL ASSAULT,2024,1,2024-03-27 08:00:00,8,Day,3,High
Kolkata,KIDNAPPING,2024,1,2024-03-27 20:00:00,20,Night,3,High
Bhopal,ASSAULT,2024,1,2024-03-28 03:00:00,3,Night,3,Medium
Delhi,SEXUAL ASSAULT,2024,1,2024-03-28 08:00:00,8,Day,3,High
Surat,ASSAULT,2024,1,2024-03-30 14:00:00,14,Day,3,Medium
Delhi,ASSAULT,2024,1,2024-03-30 15:00:00,15,Day,3,High
Indore,KIDNAPPING,2024,1,2024-03-31 18:00:00,18,Night,3,Medium
Delhi,KIDNAPPING,2024,1,2024-03-31 23:00:00,23,Night,3,High
Delhi,KIDNAPPING,2024,1,2024-04-02 06:00:00,6,Day,4,High
Jaipur,KIDNAPPING,2024,1,2024-04-03 04:00:00,4,Night,4,High
Kolkata,SEXUAL ASSAULT,2024,1,2024-04-03 18:00:00,18,Night,4,High
Chennai,ASSAULT,2024,1,2024-04-03 22:00:00,22,Night,4,High
Agra,KIDNAPPING,2024,1,2024-04-03 23:00:00,23,Night,4,Medium
Ahmedabad,SEXUAL ASSAULT,2024,1,2024-04-04 03:00:00,3,Night,4,High
Bangalore,SEXUAL ASSAULT,2024,1,2024-04-04 10:00:00,10,Day,4,High
Patna,SEXUAL ASSAULT,2024,1,2024-04-04 15:00:00,15,Day,4,Medium
Agra,KIDNAPPING,2024,1,2024-04-05 14:00:00,14,Day,4,Medium
Chennai,SEXUAL ASSAULT,2024,1,2024-04-05 16:00:00,16,Day,4,High
Thane,SEXUAL ASSAULT,2024,1,2024-04-05 19:00:00,19,Night,4,Low
Delhi,KIDNAPPING,2024,1,2024-04-06 01:00:00,1,Night,4,High
Kanpur,ASSAULT,2024,1,2024-04-06 11:00:00,11,Day,4,Medium
Nagpur,SEXUAL ASSAULT,2024,1,2024-04-07 13:00:00,13,Day,4,Medium
Hyderabad,SEXUAL ASSAULT,2024,1,2024-04-07 14:00:00,14,Day,4,High
Faridabad,SEXUAL ASSAULT,2024,1,2024-04-08 03:00:00,3,Night,4,Low
Jaipur,SEXUAL ASSAULT,2024,1,2024-04-08 09:00:00,9,Day,4,High
Patna,SEXUAL ASSAULT,2024,1,2024-04-08 11:00:00,11,Day,4,Medium
Meerut,ASSAULT,2024,1,2024-04-08 12:00:00,12,Day,4,Low
Pune,KIDNAPPING,2024,1,2024-04-08 13:00:00,13,Day,4,High
Delhi,KIDNAPPING,2024,1,2024-04-08 16:00:00,16,Day,4,High
Patna,SEXUAL ASSAULT,2024,1,2024-04-09 06:00:00,6,Day,4,Medium
Kolkata,KIDNAPPING,2024,1,2024-04-09 08:00:00,8,Day,4,High
Delhi,SEXUAL ASSAULT,2024,1,2024-04-09 17:00:00,17,Day,4,High
Visakhapatnam,ASSAULT,2024,1,2024-04-10 02:00:00,2,Night,4,Low
Jaipur,ASSAULT,2024,1,2024-04-10 07:00:00,7,Day,4,High
Surat,KIDNAPPING,2024,1,2024-04-10 11:00:00,11,Day,4,Medium
Bangalore,KIDNAPPING,2024,1,2024-04-10 20:00:00,20,Night,4,High
Nagpur,ASSAULT,2024,1,2024-04-11 12:00:00,12,Day,4,Medium
Meerut,ASSAULT,2024,1,2024-04-12 00:00:00,0,Night,4,Low
Hyderabad,ASSAULT,2024,1,2024-04-12 03:00:00,3,Night,4,High
Mumbai,SEXUAL ASSAULT,2024,1,2024-04-12 17:00:00,17,Day,4,High
Visakhapatnam,SEXUAL ASSAULT,2024,1,2024-04-12 22:00:00,22,Night,4,Low
Bangalore,ASSAULT,2024,1,2024-04-13 03:00:00,3,Night,4,High
Kolkata,ASSAULT,2024,1,2024-04-13 04:00:00,4,Night,4,High
Pune,ASSAULT,2024,1,2024-04-13 16:00:00,16,Day,4,High
Bangalore,SEXUAL ASSAULT,2024,1,2024-04-14 19:00:00,19,Night,4,High
Pune,ASSAULT,2024,1,2024-04-15 05:00:00,5,Night,4,High
Pune,KIDNAPPING,2024,1,2024-04-15 06:00:00,6,Day,4,High
Kolkata,SEXUAL ASSAULT,2024,1,2024-04-15 08:00:00,8,Day,4,High
Delhi,KIDNAPPING,2024,1,2024-04-16 15:00:00,15,Day,4,High
Mumbai,SEXUAL ASSAULT,2024,1,2024-04-16 21:00:00,21,Night,4,High
Ludhiana,KIDNAPPING,2024,1,2024-04-16 23:00:00,23,Night,4,Medium
Ghaziabad,SEXUAL ASSAULT,2024,1,2024-04-18 02:00:00,2,Night,4,Medium
Surat,ASSAULT,2024,1,2024-04-18 10:00:00,10,Day,4,Medium
Nagpur,ASSAULT,2024,1,2024-04-19 09:00:00,9,Day,4,Medium
Kolkata,ASSAULT,2024,1,2024-04-19 12:00:00,12,Day,4,High
Bhopal,ASSAULT,2024,1,2024-04-19 16:00:00,16,Day,4,Medium
Visakhapatnam,KIDNAPPING,2024,1,2024-04-20 21:00:00,21,Night,4,Low
Lucknow,KIDNAPPING,2024,1,2024-04-21 04:00:00,4,Night,4,High
Faridabad,ASSAULT,2024,1,2024-04-21 13:00:00,13,Day,4,Low
Hyderabad,ASSAULT,2024,1,2024-04-22 13:00:00,13,Day,4,High
Bangalore,SEXUAL ASSAULT,2024,1,2024-04-22 16:00:00,16,Day,4,High
Delhi,SEXUAL ASSAULT,2024,1,2024-04-23 00:00:00,0,Night,4,High
Chennai,SEXUAL ASSAULT,2024,1,2024-04-23 06:00:00,6,Day,4,High
Delhi,KIDNAPPING,2024,1,2024-04-23 08:00:00,8,Day,4,High
Agra,KIDNAPPING,2024,1,2024-04-24 07:00:00,7,Day,4,Medium
Nagpur,SEXUAL ASSAULT,2024,1,2024-04-25 02:00:00,2,Night,4,Medium
Hyderabad,SEXUAL ASSAULT,2024,1,2024-04-25 03:00:00,3,Night,4,High
Delhi,ASSAULT,2024,1,2024-04-26 09:00:00,9,Day,4,High
Chennai,SEXUAL ASSAULT,2024,1,2024-04-26 21:00:00,21,Night,4,High
Indore,SEXUAL ASSAULT,2024,1,2024-04-28 04:00:00,4,Night,4,Medium
Kolkata,ASSAULT,2024,1,2024-04-28 16:00:00,16,Day,4,High
Hyderabad,ASSAULT,2024,1,2024-04-29 15:00:00,15,Day,4,High
Pune,KIDNAPPING,2024,1,2024-05-01 03:00:00,3,Night,5,High
Mumbai,SEXUAL ASSAULT,2024,1,2024-05-01 07:00:00,7,Day,5,High
Kolkata,KIDNAPPING,2024,1,2024-05-01 09:00:00,9,Day,5,High
Delhi,KIDNAPPING,2024,1,2024-05-01 13:00:00,13,Day,5,High
Mumbai,SEXUAL ASSAULT,2024,1,2024-05-01 18:00:00,18,Night,5,High
Meerut,KIDNAPPING,2024,1,2024-05-01 21:00:00,21,Night,5,Low
Bangalore,ASSAULT,2024,1,2024-05-02 03:00:00,3,Night,5,High
Kanpur,ASSAULT,2024,1,2024-05-02 09:00:00,9,Day,5,Medium
Hyderabad,SEXUAL ASSAULT,2024,1,2024-05-02 19:00:00,19,Night,5,High
Lucknow,SEXUAL ASSAULT,2024,1,2024-05-03 02:00:00,2,Night,5,High
Hyderabad,ASSAULT,2024,1,2024-05-03 08:00:00,8,Day,5,High
Faridabad,ASSAULT,2024,1,2024-05-03 10:00:00,10,Day,5,Low
Hyderabad,ASSAULT,2024,1,2024-05-03 14:00:00,14,Day,5,High
Delhi,KIDNAPPING,2024,1,2024-05-04 03:00:00,3,Night,5,High
Bangalore,KIDNAPPING,2024,1,2024-05-04 23:00:00,23,Night,5,High
Hyderabad,KIDNAPPING,2024,1,2024-05-05 00:00:00,0,Night,5,High
Delhi,KIDNAPPING,2024,1,2024-05-05 04:00:00,4,Night,5,High
Patna,KIDNAPPING,2024,1,2024-05-05 07:00:00,7,Day,5,Medium
Surat,KIDNAPPING,2024,1,2024-05-05 11:00:00,11,Day,5,Medium
Ahmedabad,SEXUAL ASSAULT,2024,1,2024-05-07 06:00:00,6,Day,5,High
Meerut,KIDNAPPING,2024,1,2024-05-07 23:00:00,23,Night,5,Low
Lucknow,SEXUAL ASSAULT,2024,1,2024-05-08 22:00:00,22,Night,5,High
Delhi,ASSAULT,2024,1,2024-05-08 23:00:00,23,Night,5,High
Visakhapatnam,SEXUAL ASSAULT,2024,1,2024-05-09 02:00:00,2,Night,5,Low
Varanasi,KIDNAPPING,2024,1,2024-05-09 03:00:00,3,Night,5,Low
Agra,SEXUAL ASSAULT,2024,1,2024-05-10 01:00:00,1,Night,5,Medium
Nashik,SEXUAL ASSAULT,2024,1,2024-05-11 09:00:00,9,Day,5,Low
Kanpur,ASSAULT,2024,1,2024-05-11 13:00:00,13,Day,5,Medium
Indore,SEXUAL ASSAULT,2024,1,2024-05-11 14:00:00,14,Day,5,Medium
Bangalore,ASSAULT,2024,1,2024-05-11 15:00:00,15,Day,5,High
Delhi,ASSAULT,2024,1,2024-05-12 00:00:00,0,Night,5,High
Bangalore,ASSAULT,2024,1,2024-05-12 06:00:00,6,Day,5,High
Ludhiana,SEXUAL ASSAULT,2024,1,2024-05-12 20:00:00,20,Night,5,Medium
Bangalore,ASSAULT,2024,1,2024-05-13 13:00:00,13,Day,5,High
Mumbai,SEXUAL ASSAULT,2024,1,2024-05-13 15:00:00,15,Day,5,High
Ludhiana,SEXUAL ASSAULT,2024,1,2024-05-13 16:00:00,16,Day,5,Medium
Kolkata,ASSAULT,2024,1,2024-05-13 17:00:00,17,Day,5,High
Lucknow,SEXUAL ASSAULT,2024,1,2024-05-13 22:00:00,22,Night,5,High
Vasai,KIDNAPPING,2024,1,2024-05-14 00:00:00,0,Night,5,Low
Pune,ASSAULT,2024,1,2024-05-14 14:00:00,14,Day,5,High
Bangalore,KIDNAPPING,2024,1,2024-05-15 01:00:00,1,Night,5,High
Jaipur,KIDNAPPING,2024,1,2024-05-15 07:00:00,7,Day,5,High
Chennai,KIDNAPPING,2024,1,2024-05-15 18:00:00,18,Night,5,High
Delhi,KIDNAPPING,2024,1,2024-05-15 21:00:00,21,Night,5,High
Kanpur,SEXUAL ASSAULT,2024,1,2024-05-15 22:00:00,22,Night,5,Medium
Delhi,SEXUAL ASSAULT,2024,1,2024-05-16 01:00:00,1,Night,5,High
Pune,KIDNAPPING,2024,1,2024-05-16 13:00:00,13,Day,5,High
Visakhapatnam,SEXUAL ASSAULT,2024,1,2024-05-17 03:00:00,3,Night,5,Low
Chennai,ASSAULT,2024,1,2024-05-17 05:00:00,5,Night,5,High
Meerut,KIDNAPPING,2024,1,2024-05-17 11:00:00,11,Day,5,Low
Mumbai,ASSAULT,2024,1,2024-05-17 22:00:00,22,Night,5,High
Vasai,SEXUAL ASSAULT,2024,1,2024-05-18 02:00:00,2,Night,5,Low
Delhi,SEXUAL ASSAULT,2024,1,2024-05-18 14:00:00,14,Day,5,High
Jaipur,ASSAULT,2024,1,2024-05-18 18:00:00,18,Night,5,High
Delhi,KIDNAPPING,2024,1,2024-05-18 19:00:00,19,Night,5,High
Kanpur,SEXUAL ASSAULT,2024,1,2024-05-18 22:00:00,22,Night,5,Medium
Bangalore,ASSAULT,2024,1,2024-05-19 04:00:00,4,Night,5,High
Delhi,SEXUAL ASSAULT,2024,1,2024-05-19 05:00:00,5,Night,5,High
Rajkot,ASSAULT,2024,1,2024-05-19 10:00:00,10,Day,5,Low
Ahmedabad,ASSAULT,2024,1,2024-05-19 19:00:00,19,Night,5,High
Kolkata,KIDNAPPING,2024,1,2024-05-20 11:00:00,11,Day,5,High
Mumbai,ASSAULT,2024,1,2024-05-20 15:00:00,15,Day,5,High
Bangalore,SEXUAL ASSAULT,2024,1,2024-05-21 08:00:00,8,Day,5,High
Mumbai,KIDNAPPING,2024,1,2024-05-21 15:00:00,15,Day,5,High
Delhi,KIDNAPPING,2024,1,2024-05-21 20:00:00,20,Night,5,High
Kolkata,KIDNAPPING,2024,1,2024-05-22 12:00:00,12,Day,5,High
Bangalore,SEXUAL ASSAULT,2024,1,2024-05-22 17:00:00,17,Day,5,High
Mumbai,SEXUAL ASSAULT,2024,1,2024-05-22 19:00:00,19,Night,5,High
Meerut,KIDNAPPING,2024,1,2024-05-23 03:00:00,3,Night,5,Low
Kalyan,KIDNAPPING,2024,1,2024-05-23 17:00:00,17,Day,5,Low
Bhopal,ASSAULT,2024,1,2024-05-23 19:00:00,19,Night,5,Medium
Mumbai,SEXUAL ASSAULT,2024,1,2024-05-24 05:00:00,5,Night,5,High
Mumbai,ASSAULT,2024,1,2024-05-24 10:00:00,10,Day,5,High
Chennai,SEXUAL ASSAULT,2024,1,2024-05-24 12:00:00,12,Day,5,High
Hyderabad,KIDNAPPING,2024,1,2024-05-24 21:00:00,21,Night,5,High
Pune,SEXUAL ASSAULT,2024,1,2024-05-24 22:00:00,22,Night,5,High
Hyderabad,ASSAULT,2024,1,2024-05-25 01:00:00,1,Night,5,High
Mumbai,KIDNAPPING,2024,1,2024-05-25 03:00:00,3,Night,5,High
Chennai,SEXUAL ASSAULT,2024,1,2024-05-25 11:00:00,11,Day,5,High
Pune,KIDNAPPING,2024,1,2024-05-25 16:00:00,16,Day,5,High
Mumbai,ASSAULT,2024,1,2024-05-26 14:00:00,14,Day,5,High
Vasai,ASSAULT,2024,1,2024-05-27 13:00:00,13,Day,5,Low
Bhopal,SEXUAL ASSAULT,2024,1,2024-05-27 20:00:00,20,Night,5,Medium
Hyderabad,KIDNAPPING,2024,1,2024-05-27 21:00:00,21,Night,5,High
Vasai,KIDNAPPING,2024,1,2024-05-28 12:00:00,12,Day,5,Low
Jaipur,SEXUAL ASSAULT,2024,1,2024-05-28 19:00:00,19,Night,5,High
Kolkata,SEXUAL ASSAULT,2024,1,2024-05-29 16:00:00,16,Day,5,High
Thane,SEXUAL ASSAULT,2024,1,2024-05-29 17:00:00,17,Day,5,Low
Delhi,SEXUAL ASSAULT,2024,1,2024-05-29 20:00:00,20,Night,5,High
Jaipur,KIDNAPPING,2024,1,2024-05-29 23:00:00,23,Night,5,High
Nagpur,KIDNAPPING,2024,1,2024-05-30 00:00:00,0,Night,5,Medium
Bangalore,SEXUAL ASSAULT,2024,1,2024-05-30 18:00:00,18,Night,5,High
Delhi,KIDNAPPING,2024,1,2024-05-30 22:00:00,22,Night,5,High
Delhi,SEXUAL ASSAULT,2024,1,2024-05-31 09:00:00,9,Day,5,High
Ahmedabad,KIDNAPPING,2024,1,2024-06-01 05:00:00,5,Night,6,High
Rajkot,SEXUAL ASSAULT,2024,1,2024-06-02 07:00:00,7,Day,6,Low
Delhi,ASSAULT,2024,1,2024-06-02 15:00:00,15,Day,6,High
Ahmedabad,SEXUAL ASSAULT,2024,1,2024-06-02 18:00:00,18,Night,6,High
Delhi,ASSAULT,2024,1,2024-06-03 05:00:00,5,Night,6,High
Agra,ASSAULT,2024,1,2024-06-03 12:00:00,12,Day,6,Medium
Ludhiana,SEXUAL ASSAULT,2024,1,2024-06-03 17:00:00,17,Day,6,Medium
Delhi,KIDNAPPING,2024,1,2024-06-04 02:00:00,2,Night,6,High
Pune,KIDNAPPING,2024,1,2024-06-04 11:00:00,11,Day,6,High
Ahmedabad,ASSAULT,2024,1,2024-06-05 06:00:00,6,Day,6,High
Delhi,KIDNAPPING,2024,1,2024-06-05 18:00:00,18,Night,6,High
Ludhiana,SEXUAL ASSAULT,2024,1,2024-06-05 21:00:00,21,Night,6,Medium
Hyderabad,KIDNAPPING,2024,1,2024-06-06 07:00:00,7,Day,6,High
Rajkot,KIDNAPPING,2024,1,2024-06-06 13:00:00,13,Day,6,Low
Lucknow,ASSAULT,2024,1,2024-06-06 18:00:00,18,Night,6,High
Ahmedabad,ASSAULT,2024,1,2024-06-07 16:00:00,16,Day,6,High
Pune,SEXUAL ASSAULT,2024,1,2024-06-07 22:00:00,22,Night,6,High
Chennai,SEXUAL ASSAULT,2024,1,2024-06-08 03:00:00,3,Night,6,High
Chennai,ASSAULT,2024,1,2024-06-08 05:00:00,5,Night,6,High
Delhi,SEXUAL ASSAULT,2024,1,2024-06-08 20:00:00,20,Night,6,High
Kolkata,KIDNAPPING,2024,1,2024-06-10 12:00:00,12,Day,6,High
Kanpur,KIDNAPPING,2024,1,2024-06-10 14:00:00,14,Day,6,Medium
Bangalore,ASSAULT,2024,1,2024-06-11 01:00:00,1,Night,6,High
Delhi,SEXUAL ASSAULT,2024,1,2024-06-11 05:00:00,5,Night,6,High
Delhi,SEXUAL ASSAULT,2024,1,2024-06-12 02:00:00,2,Night,6,High
Indore,ASSAULT,2024,1,2024-06-12 13:00:00,13,Day,6,Medium
Mumbai,SEXUAL ASSAULT,2024,1,2024-06-12 15:00:00,15,Day,6,High
Surat,KIDNAPPING,2024,1,2024-06-12 22:00:00,22,Night,6,Medium
Jaipur,SEXUAL ASSAULT,2024,1,2024-06-13 04:00:00,4,Night,6,High
Bhopal,ASSAULT,2024,1,2024-06-13 11:00:00,11,Day,6,Medium
Mumbai,KIDNAPPING,2024,1,2024-06-14 19:00:00,19,Night,6,High
Bangalore,KIDNAPPING,2024,1,2024-06-15 02:00:00,2,Night,6,High
Varanasi,KIDNAPPING,2024,1,2024-06-15 16:00:00,16,Day,6,Low
Ludhiana,KIDNAPPING,2024,1,2024-06-16 06:00:00,6,Day,6,Medium
Surat,KIDNAPPING,2024,1,2024-06-16 14:00:00,14,Day,6,Medium
Surat,SEXUAL ASSAULT,2024,1,2024-06-17 05:00:00,5,Night,6,Medium
Bangalore,KIDNAPPING,2024,1,2024-06-17 08:00:00,8,Day,6,High
Bangalore,ASSAULT,2024,1,2024-06-17 10:00:00,10,Day,6,High
Delhi,ASSAULT,2024,1,2024-06-17 11:00:00,11,Day,6,High
Mumbai,KIDNAPPING,2024,1,2024-06-18 07:00:00,7,Day,6,High
Chennai,ASSAULT,2024,1,2024-06-18 14:00:00,14,Day,6,High
Agra,ASSAULT,2024,1,2024-06-18 19:00:00,19,Night,6,Medium
Kanpur,ASSAULT,2024,1,2024-06-19 02:00:00,2,Night,6,Medium
Pune,ASSAULT,2024,1,2024-06-19 11:00:00,11,Day,6,High
Hyderabad,ASSAULT,2024,1,2024-06-20 06:00:00,6,Day,6,High
Kolkata,KIDNAPPING,2024,1,2024-06-21 00:00:00,0,Night,6,High
Delhi,SEXUAL ASSAULT,2024,1,2024-06-21 02:00:00,2,Night,6,High
Mumbai,ASSAULT,2024,1,2024-06-22 12:00:00,12,Day,6,High
Surat,SEXUAL ASSAULT,2024,1,2024-06-22 20:00:00,20,Night,6,Medium
Hyderabad,KIDNAPPING,2024,1,2024-06-22 21:00:00,21,Night,6,High
Kolkata,SEXUAL ASSAULT,2024,1,2024-06-23 05:00:00,5,Night,6,High
Ahmedabad,KIDNAPPING,2024,1,2024-06-23 06:00:00,6,Day,6,High
Kolkata,SEXUAL ASSAULT,2024,1,2024-06-23 22:00:00,22,Night,6,High
Mumbai,KIDNAPPING,2024,1,2024-06-24 06:00:00,6,Day,6,High
Pune,KIDNAPPING,2024,1,2024-06-24 09:00:00,9,Day,6,High
Surat,SEXUAL ASSAULT,2024,1,2024-06-24 15:00:00,15,Day,6,Medium
Kolkata,SEXUAL ASSAULT,2024,1,2024-06-25 02:00:00,2,Night,6,High
Bangalore,ASSAULT,2024,1,2024-06-25 07:00:00,7,Day,6,High
Lucknow,SEXUAL ASSAULT,2024,1,2024-06-26 19:00:00,19,Night,6,High
Nagpur,KIDNAPPING,2024,1,2024-06-26 20:00:00,20,Night,6,Medium
Delhi,SEXUAL ASSAULT,2024,1,2024-06-27 05:00:00,5,Night,6,High
Mumbai,ASSAULT,2024,1,2024-06-27 12:00:00,12,Day,6,High
Kanpur,KIDNAPPING,2024,1,2024-06-28 03:00:00,3,Night,6,Medium
Delhi,SEXUAL ASSAULT,2024,1,2024-06-28 19:00:00,19,Night,6,High
Visakhapatnam,SEXUAL ASSAULT,2024,1,2024-06-28 20:00:00,20,Night,6,Low
Nagpur,KIDNAPPING,2024,1,2024-06-29 17:00:00,17,Day,6,Medium
Kanpur,KIDNAPPING,2024,1,2024-06-30 05:00:00,5,Night,6,Medium
Kolkata,SEXUAL ASSAULT,2024,1,2024-06-30 11:00:00,11,Day,6,High
Delhi,SEXUAL ASSAULT,2024,1,2024-07-01 01:00:00,1,Night,7,High
Agra,ASSAULT,2024,1,2024-07-02 11:00:00,11,Day,7,Medium
Bangalore,KIDNAPPING,2024,1,2024-07-02 22:00:00,22,Night,7,High
Kolkata,KIDNAPPING,2024,1,2024-07-02 23:00:00,23,Night,7,High
Kalyan,SEXUAL ASSAULT,2024,1,2024-07-03 03:00:00,3,Night,7,Low
Mumbai,SEXUAL ASSAULT,2024,1,2024-07-03 04:00:00,4,Night,7,High
Thane,ASSAULT,2024,1,2024-07-03 15:00:00,15,Day,7,Low
Hyderabad,KIDNAPPING,2024,1,2024-07-03 20:00:00,20,Night,7,High
Vasai,KIDNAPPING,2024,1,2024-07-04 03:00:00,3,Night,7,Low
Delhi,KIDNAPPING,2024,1,2024-07-04 14:00:00,14,Day,7,High
Chennai,SEXUAL ASSAULT,2024,1,2024-07-04 18:00:00,18,Night,7,High
Hyderabad,ASSAULT,2024,1,2024-07-05 14:00:00,14,Day,7,High
Mumbai,KIDNAPPING,2024,1,2024-07-06 03:00:00,3,Night,7,High
Delhi,ASSAULT,2024,1,2024-07-06 07:00:00,7,Day,7,High
Delhi,SEXUAL ASSAULT,2024,1,2024-07-06 16:00:00,16,Day,7,High
Chennai,ASSAULT,2024,1,2024-07-08 03:00:00,3,Night,7,High
Surat,SEXUAL ASSAULT,2024,1,2024-07-09 02:00:00,2,Night,7,Medium
Pune,SEXUAL ASSAULT,2024,1,2024-07-09 05:00:00,5,Night,7,High
Chennai,SEXUAL ASSAULT,2024,1,2024-07-09 08:00:00,8,Day,7,High
Indore,KIDNAPPING,2024,1,2024-07-09 12:00:00,12,Day,7,Medium
Chennai,KIDNAPPING,2024,1,2024-07-10 04:00:00,4,Night,7,High
Mumbai,ASSAULT,2024,1,2024-07-10 07:00:00,7,Day,7,High
Mumbai,SEXUAL ASSAULT,2024,1,2024-07-12 09:00:00,9,Day,7,High
Kolkata,ASSAULT,2024,1,2024-07-12 13:00:00,13,Day,7,High
Hyderabad,SEXUAL ASSAULT,2024,1,2024-07-12 14:00:00,14,Day,7,High
Chennai,SEXUAL ASSAULT,2024,1,2024-07-12 19:00:00,19,Night,7,High
Hyderabad,SEXUAL ASSAULT,2024,1,2024-07-13 08:00:00,8,Day,7,High
Bangalore,KIDNAPPING,2024,1,2024-07-14 05:00:00,5,Night,7,High
Nashik,SEXUAL ASSAULT,2024,1,2024-07-14 16:00:00,16,Day,7,Low
Indore,ASSAULT,2024,1,2024-07-15 00:00:00,0,Night,7,Medium
Surat,KIDNAPPING,2024,1,2024-07-15 05:00:00,5,Night,7,Medium
Patna,ASSAULT,2024,1,2024-07-15 10:00:00,10,Day,7,Medium
Delhi,SEXUAL ASSAULT,2024,1,2024-07-15 12:00:00,12,Day,7,High
Pune,KIDNAPPING,2024,1,2024-07-15 14:00:00,14,Day,7,High
Ludhiana,KIDNAPPING,2024,1,2024-07-16 13:00:00,13,Day,7,Medium
Ludhiana,KIDNAPPING,2024,1,2024-07-18 17:00:00,17,Day,7,Medium
Delhi,KIDNAPPING,2024,1,2024-07-18 18:00:00,18,Night,7,High
Varanasi,KIDNAPPING,2024,1,2024-07-18 19:00:00,19,Night,7,Low
Indore,KIDNAPPING,2024,1,2024-07-18 22:00:00,22,Night,7,Medium
Bangalore,SEXUAL ASSAULT,2024,1,2024-07-18 23:00:00,23,Night,7,High
Ghaziabad,SEXUAL ASSAULT,2024,1,2024-07-19 16:00:00,16,Day,7,Medium
Thane,SEXUAL ASSAULT,2024,1,2024-07-19 23:00:00,23,Night,7,Low
Delhi,SEXUAL ASSAULT,2024,1,2024-07-20 13:00:00,13,Day,7,High
Mumbai,SEXUAL ASSAULT,2024,1,2024-07-20 21:00:00,21,Night,7,High
Chennai,KIDNAPPING,2024,1,2024-07-21 02:00:00,2,Night,7,High
Nashik,ASSAULT,2024,1,2024-07-21 08:00:00,8,Day,7,Low
Vasai,SEXUAL ASSAULT,2024,1,2024-07-21 10:00:00,10,Day,7,Low
Agra,ASSAULT,2024,1,2024-07-21 11:00:00,11,Day,7,Medium
Mumbai,ASSAULT,2024,1,2024-07-21 23:00:00,23,Night,7,High
Hyderabad,ASSAULT,2024,1,2024-07-22 06:00:00,6,Day,7,High
Bangalore,KIDNAPPING,2024,1,2024-07-23 02:00:00,2,Night,7,High
Chennai,ASSAULT,2024,1,2024-07-23 05:00:00,5,Night,7,High
Bangalore,KIDNAPPING,2024,1,2024-07-23 11:00:00,11,Day,7,High
Pune,ASSAULT,2024,1,2024-07-23 12:00:00,12,Day,7,High
Vasai,SEXUAL ASSAULT,2024,1,2024-07-23 15:00:00,15,Day,7,Low
Bangalore,KIDNAPPING,2024,1,2024-07-23 20:00:00,20,Night,7,High
Hyderabad,ASSAULT,2024,1,2024-07-24 09:00:00,9,Day,7,High
Bangalore,KIDNAPPING,2024,1,2024-07-24 19:00:00,19,Night,7,High
Mumbai,KIDNAPPING,2024,1,2024-07-25 02:00:00,2,Night,7,High
Visakhapatnam,SEXUAL ASSAULT,2024,1,2024-07-25 13:00:00,13,Day,7,Low
Thane,SEXUAL ASSAULT,2024,1,2024-07-26 00:00:00,0,Night,7,Low
Kolkata,SEXUAL ASSAULT,2024,1,2024-07-27 00:00:00,0,Night,7,High
Jaipur,SEXUAL ASSAULT,2024,1,2024-07-28 04:00:00,4,Night,7,High
Agra,KIDNAPPING,2024,1,2024-07-28 14:00:00,14,Day,7,Medium
Mumbai,SEXUAL ASSAULT,2024,1,2024-07-28 18:00:00,18,Night,7,High
Bangalore,SEXUAL ASSAULT,2024,1,2024-07-29 14:00:00,14,Day,7,High
Mumbai,KIDNAPPING,2024,1,2024-07-29 19:00:00,19,Night,7,High
Chennai,KIDNAPPING,2024,1,2024-07-29 21:00:00,21,Night,7,High
Indore,ASSAULT,2024,1,2024-07-30 12:00:00,12,Day,7,Medium
Mumbai,KIDNAPPING,2024,1,2024-07-30 23:00:00,23,Night,7,High
